claim_id,policy_id,insured_id,insurer_id,product_id,location_id,claim_date,claim_status,claim_type,incurred_amount
500001,100001,971,5,3,7,2023-07-19,Closed,Business Interruption,1971.76
500002,100002,413,6,6,6,2025-08-28,Closed,Property Damage,12189.65
500003,100002,413,6,6,6,2024-12-04,Closed,Business Interruption,4777.11
500004,100003,1037,4,8,22,2023-08-06,Closed,Bodily Injury,8439.8
500005,100004,644,10,3,26,2025-10-01,Closed,Bodily Injury,1559.16
500006,100005,409,12,5,5,2023-02-14,Closed,Liability,13123.98
500007,100008,453,5,5,27,2023-02-13,Closed,Property Damage,1735.55
500008,100008,453,5,5,27,2023-01-05,Closed,Bodily Injury,4863.37
500009,100010,207,3,6,2,2022-11-26,Open,Other,13263.12
500010,100010,207,3,6,2,2022-12-24,Closed,Property Damage,7395.13
500011,100012,984,4,2,39,2023-07-24,Closed,Bodily Injury,1794.72
500012,100012,984,4,2,39,2023-11-18,Open,Other,1518.95
500013,100012,984,4,2,39,2023-06-26,Pending,Other,12388.12
500014,100015,1122,1,1,16,2022-09-02,Open,Property Damage,2808.66
500015,100015,1122,1,1,16,2023-03-29,Closed,Other,3677.74
500016,100016,1164,5,1,10,2022-07-30,Closed,Business Interruption,1905.74
500017,100016,1164,5,1,10,2023-07-09,Open,Liability,893.45
500018,100017,53,7,6,19,2025-10-17,Closed,Other,9698.45
500019,100018,303,1,8,39,2025-04-20,Closed,Other,3278.95
500020,100018,303,1,8,39,2025-11-22,Pending,Theft,11357.91
500021,100020,1098,2,8,31,2022-11-15,Closed,Business Interruption,9267.14
500022,100021,112,12,6,17,2023-02-26,Closed,Property Damage,3088.49
500023,100022,1209,4,7,38,2025-08-07,Open,Liability,4454.81
500024,100023,480,5,6,37,2024-10-20,Closed,Theft,1931.03
500025,100024,188,2,2,33,2024-10-09,Open,Other,13416.71
500026,100025,1296,10,5,33,2023-09-11,Pending,Other,10355.79
500027,100031,1032,2,7,7,2025-02-11,Open,Property Damage,1929.18
500028,100032,946,3,1,38,2024-11-11,Pending,Liability,3604.71
500029,100033,921,7,4,20,2023-10-26,Closed,Business Interruption,3233.27
500030,100041,427,6,4,33,2023-09-30,Pending,Property Damage,3678.03
500031,100042,408,7,4,14,2025-04-03,Closed,Liability,2596.22
500032,100042,408,7,4,14,2024-07-07,Rejected,Liability,2825.5
500033,100043,1405,2,4,18,2024-06-17,Open,Other,4504.54
500034,100046,994,12,5,1,2024-01-11,Pending,Theft,2618.47
500035,100048,173,2,8,18,2024-04-24,Rejected,Property Damage,14895.56
500036,100056,954,4,1,13,2023-03-05,Pending,Liability,7589.63
500037,100061,782,3,3,14,2025-04-11,Open,Other,11868.17
500038,100062,1044,1,2,4,2023-05-17,Closed,Property Damage,5529.36
500039,100062,1044,1,2,4,2023-07-25,Open,Liability,22824.62
500040,100063,365,1,8,2,2025-07-24,Pending,Property Damage,3408.25
500041,100065,1063,8,3,16,2022-08-08,Closed,Bodily Injury,2801.43
500042,100065,1063,8,3,16,2022-03-25,Pending,Theft,7778.28
500043,100065,1063,8,3,16,2022-05-12,Closed,Bodily Injury,12122.64
500044,100066,779,1,6,7,2023-01-02,Pending,Property Damage,2733.89
500045,100066,779,1,6,7,2023-01-13,Closed,Bodily Injury,7542.12
500046,100067,438,3,5,10,2024-05-18,Open,Property Damage,26606.62
500047,100067,438,3,5,10,2024-12-07,Closed,Bodily Injury,11778.64
500048,100070,333,8,6,1,2023-10-31,Closed,Bodily Injury,3355.87
500049,100070,333,8,6,1,2024-07-29,Pending,Bodily Injury,2842.71
500050,100071,863,7,2,5,2023-09-02,Closed,Property Damage,8629.19
500051,100075,1334,5,4,12,2025-01-03,Closed,Theft,3773.6
500052,100075,1334,5,4,12,2025-05-27,Closed,Bodily Injury,2715.88
500053,100078,225,9,4,36,2024-02-12,Closed,Liability,4510.78
500054,100080,896,1,5,5,2025-03-22,Open,Liability,8818.18
500055,100081,1141,8,3,20,2024-03-01,Closed,Theft,4678.72
500056,100083,534,8,7,26,2024-08-03,Pending,Business Interruption,4070.65
500057,100084,511,7,3,34,2022-06-04,Closed,Business Interruption,2131.67
500058,100089,1246,6,2,13,2024-07-29,Closed,Liability,20259.2
500059,100089,1246,6,2,13,2024-02-29,Closed,Business Interruption,1107.28
500060,100093,1265,4,5,28,2022-05-14,Open,Liability,6402.05
500061,100093,1265,4,5,28,2022-05-17,Closed,Business Interruption,2591.12
500062,100093,1265,4,5,28,2022-06-07,Open,Theft,8462.26
500063,100095,961,1,5,39,2022-12-01,Closed,Business Interruption,7289.54
500064,100100,421,10,4,34,2023-07-20,Closed,Theft,7390.82
500065,100103,785,9,1,36,2022-09-14,Closed,Bodily Injury,1708.56
500066,100104,404,5,6,6,2022-06-14,Pending,Liability,962.49
500067,100106,1038,8,1,21,2025-07-20,Open,Bodily Injury,12417.61
500068,100107,301,2,1,9,2024-04-16,Pending,Bodily Injury,9406.12
500069,100108,722,2,5,37,2024-03-06,Closed,Liability,6197.2
500070,100110,332,1,5,1,2024-11-06,Pending,Property Damage,2653.61
500071,100110,332,1,5,1,2024-09-26,Closed,Bodily Injury,4915.77
500072,100113,935,12,7,17,2023-01-03,Closed,Property Damage,17272.42
500073,100113,935,12,7,17,2022-11-21,Closed,Liability,5445.71
500074,100119,949,7,5,32,2023-06-03,Closed,Theft,10061.41
500075,100120,433,12,2,36,2024-05-21,Closed,Bodily Injury,11710.35
500076,100123,1327,7,5,7,2025-08-10,Closed,Business Interruption,3622.7
500077,100125,214,4,6,18,2023-05-03,Closed,Liability,4095.24
500078,100125,214,4,6,18,2023-07-23,Closed,Liability,3948.61
500079,100126,1066,7,8,15,2023-05-12,Open,Property Damage,6354.99
500080,100126,1066,7,8,15,2023-01-20,Closed,Business Interruption,19127.38
500081,100127,1485,12,8,4,2024-05-05,Rejected,Property Damage,7162.28
500082,100127,1485,12,8,4,2024-07-20,Closed,Business Interruption,7280.58
500083,100131,769,10,3,4,2025-07-25,Closed,Property Damage,4824.94
500084,100133,374,7,7,17,2025-07-08,Closed,Theft,1283.28
500085,100134,1024,10,8,13,2025-12-04,Open,Theft,7469.45
500086,100135,684,4,6,37,2023-09-18,Closed,Theft,2156.27
500087,100145,1308,12,3,1,2023-02-07,Closed,Other,1353.01
500088,100145,1308,12,3,1,2022-11-26,Closed,Business Interruption,4388.79
500089,100147,98,9,3,32,2023-02-11,Closed,Other,3990.2
500090,100150,1124,10,8,37,2022-11-07,Pending,Bodily Injury,15391.62
500091,100153,880,1,2,36,2024-08-15,Closed,Bodily Injury,7841.52
500092,100153,880,1,2,36,2023-12-30,Closed,Theft,10275.42
500093,100154,1381,3,3,36,2023-01-02,Closed,Theft,3432.38
500094,100155,153,11,1,6,2024-12-19,Rejected,Liability,3034.65
500095,100156,612,11,1,6,2024-10-23,Closed,Business Interruption,4340.86
500096,100157,1485,1,2,17,2023-06-02,Rejected,Business Interruption,6127.67
500097,100158,585,5,3,21,2025-11-02,Open,Theft,3214.24
500098,100159,988,3,1,39,2024-11-12,Pending,Other,633.41
500099,100159,988,3,1,39,2024-07-26,Closed,Theft,6714.48
500100,100161,1093,8,5,34,2023-02-10,Closed,Liability,2780.83
500101,100162,414,7,6,36,2025-04-11,Closed,Property Damage,4351.42
500102,100163,859,6,6,39,2024-05-27,Closed,Theft,7705.25
500103,100165,992,8,2,10,2024-06-06,Closed,Bodily Injury,5289.08
500104,100166,712,9,3,9,2025-02-27,Closed,Property Damage,6122.22
500105,100168,513,2,5,28,2022-03-02,Closed,Business Interruption,6558.99
500106,100171,985,12,5,21,2025-03-25,Closed,Theft,5800.4
500107,100172,728,11,2,30,2023-04-15,Closed,Theft,4390.49
500108,100173,482,8,5,19,2024-07-07,Closed,Property Damage,2518.11
500109,100179,1297,2,2,13,2024-08-03,Closed,Business Interruption,3461.21
500110,100179,1297,2,2,13,2024-10-13,Rejected,Other,6707.35
500111,100180,945,11,1,25,2022-11-25,Closed,Theft,3280.03
500112,100181,993,6,4,35,2025-06-04,Closed,Property Damage,5070.36
500113,100182,1182,8,8,9,2023-10-30,Closed,Bodily Injury,13590.32
500114,100184,377,10,6,2,2023-03-08,Open,Other,10554.15
500115,100184,377,10,6,2,2022-10-11,Open,Business Interruption,13886.6
500116,100185,726,7,7,15,2022-03-07,Closed,Theft,7798.09
500117,100185,726,7,7,15,2022-07-06,Closed,Bodily Injury,7663.75
500118,100188,231,5,7,4,2023-02-04,Closed,Bodily Injury,2863.29
500119,100188,231,5,7,4,2022-08-28,Closed,Business Interruption,6342.19
500120,100189,1171,1,3,28,2025-07-15,Closed,Property Damage,3684.29
500121,100190,546,12,4,24,2025-02-15,Open,Property Damage,2990.31
500122,100191,1316,10,4,40,2023-03-08,Pending,Property Damage,1844.47
500123,100192,1087,11,7,14,2025-10-11,Closed,Theft,1737.3
500124,100195,792,6,2,22,2024-03-31,Closed,Bodily Injury,8565.27
500125,100202,893,11,3,13,2024-03-17,Closed,Business Interruption,4073.38
500126,100207,832,1,7,15,2024-12-04,Closed,Property Damage,1186.05
500127,100209,73,9,2,16,2022-12-09,Open,Business Interruption,11819.37
500128,100212,1175,2,6,28,2023-01-14,Pending,Liability,2968.58
500129,100216,1037,7,7,33,2025-11-02,Closed,Property Damage,9834.48
500130,100217,871,11,8,32,2024-01-26,Closed,Other,3073.0
500131,100218,342,3,8,27,2024-12-12,Open,Bodily Injury,17172.22
500132,100219,427,4,5,36,2023-08-08,Closed,Theft,3380.7
500133,100222,357,12,2,17,2025-08-13,Closed,Business Interruption,4920.6
500134,100231,782,6,3,17,2023-03-20,Open,Bodily Injury,1565.68
500135,100231,782,6,3,17,2023-07-10,Pending,Other,9188.46
500136,100231,782,6,3,17,2023-05-18,Open,Liability,2603.6
500137,100232,365,7,8,9,2023-03-05,Closed,Bodily Injury,1619.52
500138,100232,365,7,8,9,2022-10-03,Closed,Other,4332.12
500139,100234,542,8,6,11,2022-06-26,Closed,Property Damage,16408.44
500140,100236,1072,2,5,15,2023-04-06,Closed,Theft,1331.34
500141,100236,1072,2,5,15,2022-06-12,Rejected,Property Damage,8442.4
500142,100237,335,2,1,31,2024-09-15,Closed,Bodily Injury,2674.87
500143,100238,239,2,8,1,2023-08-24,Closed,Other,23451.16
500144,100243,857,1,3,1,2025-06-24,Pending,Liability,4458.09
500145,100245,317,1,2,8,2025-02-28,Open,Business Interruption,2790.85
500146,100247,515,5,5,12,2025-01-28,Closed,Business Interruption,18251.42
500147,100248,14,11,5,23,2025-01-12,Pending,Theft,6064.55
500148,100253,872,7,6,11,2025-05-19,Rejected,Other,2876.47
500149,100256,932,6,3,28,2023-05-03,Closed,Bodily Injury,5214.28
500150,100259,1214,1,2,11,2024-09-04,Closed,Theft,5547.03
500151,100260,107,5,7,29,2025-02-10,Open,Bodily Injury,13435.24
500152,100261,254,5,7,25,2022-08-06,Closed,Bodily Injury,48714.15
500153,100261,254,5,7,25,2023-01-15,Open,Other,423.2
500154,100266,874,6,3,30,2022-07-14,Closed,Theft,2723.42
500155,100267,616,1,4,18,2024-09-19,Open,Property Damage,10602.4
500156,100268,618,5,2,29,2025-08-10,Closed,Other,7284.34
500157,100271,770,4,4,25,2023-12-16,Closed,Theft,19044.53
500158,100272,313,4,4,3,2023-01-06,Closed,Other,19648.59
500159,100275,454,1,7,5,2023-07-29,Closed,Theft,2504.98
500160,100277,161,8,1,19,2022-11-18,Closed,Theft,1757.46
500161,100278,1366,10,1,22,2024-02-15,Closed,Theft,4398.66
500162,100279,1153,7,7,37,2023-02-24,Open,Liability,10054.44
500163,100280,336,7,2,31,2022-11-26,Closed,Other,3778.21
500164,100282,467,11,7,14,2024-07-17,Open,Bodily Injury,5584.57
500165,100283,1200,3,7,29,2023-06-23,Closed,Other,1449.23
500166,100284,241,10,5,12,2022-12-15,Open,Theft,9484.76
500167,100286,461,2,7,32,2023-02-18,Open,Other,2426.44
500168,100286,461,2,7,32,2023-04-30,Closed,Liability,33429.91
500169,100286,461,2,7,32,2023-06-20,Closed,Other,7132.61
500170,100287,300,8,6,28,2022-04-21,Open,Liability,9358.81
500171,100288,500,12,7,10,2022-08-06,Closed,Liability,53741.29
500172,100289,904,2,5,25,2023-09-01,Closed,Bodily Injury,4683.96
500173,100291,831,11,7,3,2023-05-28,Closed,Theft,1296.17
500174,100291,831,11,7,3,2023-05-18,Closed,Property Damage,6757.61
500175,100292,285,8,1,8,2023-04-20,Closed,Theft,4963.23
500176,100293,304,3,3,21,2023-01-06,Open,Business Interruption,1005.02
500177,100294,1380,10,7,15,2024-01-16,Closed,Theft,2718.52
500178,100296,155,4,6,17,2023-07-22,Closed,Other,1831.0
500179,100297,681,4,3,40,2025-01-09,Closed,Business Interruption,1785.94
500180,100298,11,8,2,12,2025-05-23,Open,Bodily Injury,5431.91
500181,100301,402,4,8,10,2024-06-20,Closed,Business Interruption,3032.72
500182,100301,402,4,8,10,2024-11-18,Closed,Theft,9863.37
500183,100304,534,1,8,14,2023-01-27,Pending,Property Damage,33930.65
500184,100304,534,1,8,14,2023-10-08,Open,Theft,12203.12
500185,100306,894,2,5,13,2022-09-12,Closed,Property Damage,2743.04
500186,100308,336,2,5,32,2024-02-21,Closed,Theft,4976.82
500187,100309,1376,5,1,40,2023-12-20,Closed,Liability,8654.13
500188,100310,253,8,2,2,2023-12-30,Open,Property Damage,4419.25
500189,100312,707,7,8,16,2024-09-28,Closed,Bodily Injury,5391.15
500190,100317,509,3,8,2,2023-01-25,Open,Bodily Injury,16227.76
500191,100317,509,3,8,2,2022-05-28,Closed,Other,15051.45
500192,100320,995,4,7,40,2024-10-23,Closed,Liability,7599.3
500193,100321,393,1,7,30,2024-04-07,Rejected,Bodily Injury,6379.88
500194,100326,66,6,6,28,2022-05-22,Closed,Bodily Injury,19116.37
500195,100333,1262,4,2,19,2023-10-29,Closed,Property Damage,770.23
500196,100333,1262,4,2,19,2022-12-20,Closed,Bodily Injury,2960.74
500197,100335,1221,11,5,32,2022-11-16,Closed,Property Damage,3779.78
500198,100338,353,1,3,34,2022-08-21,Closed,Other,13430.06
500199,100338,353,1,3,34,2022-12-09,Open,Business Interruption,8986.57
500200,100339,919,4,3,5,2023-02-11,Open,Business Interruption,1570.82
500201,100342,307,11,5,3,2023-01-30,Open,Property Damage,5030.21
500202,100344,1090,9,8,10,2023-11-09,Open,Other,3089.54
500203,100345,1133,8,5,34,2025-05-25,Open,Theft,5320.1
500204,100346,296,4,4,13,2023-03-21,Closed,Other,2610.27
500205,100346,296,4,4,13,2023-10-20,Pending,Business Interruption,2739.58
500206,100347,97,10,1,32,2022-08-09,Closed,Liability,8095.5
500207,100347,97,10,1,32,2022-06-26,Pending,Bodily Injury,1276.33
500208,100347,97,10,1,32,2022-12-21,Open,Liability,9638.41
500209,100349,1286,1,5,5,2024-02-08,Closed,Property Damage,1681.13
500210,100350,760,10,8,19,2022-11-13,Closed,Other,3850.0
500211,100354,902,10,5,32,2025-05-02,Rejected,Liability,11044.47
500212,100356,657,5,1,9,2022-09-16,Closed,Liability,4459.99
500213,100356,657,5,1,9,2022-08-02,Closed,Other,3418.15
500214,100360,1260,7,3,35,2024-03-17,Rejected,Property Damage,3018.82
500215,100360,1260,7,3,35,2024-06-28,Closed,Property Damage,12816.97
500216,100363,702,11,4,12,2024-06-03,Closed,Theft,6031.13
500217,100365,485,1,3,18,2024-09-22,Closed,Business Interruption,7290.42
500218,100370,653,5,7,30,2023-09-21,Closed,Business Interruption,10428.58
500219,100370,653,5,7,30,2023-09-27,Closed,Business Interruption,3575.66
500220,100371,644,1,2,6,2023-07-25,Closed,Liability,11068.81
500221,100372,484,7,6,19,2024-05-01,Closed,Liability,11690.33
500222,100374,889,5,6,2,2023-10-14,Closed,Business Interruption,3150.9
500223,100374,889,5,6,2,2023-09-27,Open,Theft,8655.14
500224,100374,889,5,6,2,2023-07-30,Closed,Business Interruption,6660.89
500225,100378,12,5,6,27,2024-04-20,Pending,Bodily Injury,2355.46
500226,100382,70,8,2,18,2023-04-13,Open,Business Interruption,3303.26
500227,100383,1173,4,8,29,2023-03-10,Closed,Theft,7197.34
500228,100387,355,2,6,14,2025-08-16,Closed,Theft,5685.52
500229,100388,298,7,2,8,2024-06-14,Closed,Other,13376.96
500230,100388,298,7,2,8,2025-01-10,Pending,Bodily Injury,3004.42
500231,100390,1344,6,1,36,2024-10-03,Open,Theft,4372.44
500232,100393,843,9,6,12,2022-07-14,Closed,Property Damage,1438.61
500233,100393,843,9,6,12,2022-06-29,Open,Bodily Injury,6142.42
500234,100393,843,9,6,12,2022-06-19,Closed,Other,7683.52
500235,100395,1428,3,2,22,2022-11-30,Closed,Liability,6942.73
500236,100395,1428,3,2,22,2022-10-08,Closed,Liability,15270.29
500237,100396,1145,11,3,6,2024-01-20,Rejected,Bodily Injury,2788.54
500238,100397,194,5,1,8,2024-03-26,Pending,Other,8531.99
500239,100397,194,5,1,8,2024-03-29,Open,Theft,4874.25
500240,100398,362,5,2,13,2023-06-01,Closed,Other,5289.31
500241,100399,328,10,5,3,2024-10-08,Pending,Property Damage,5614.09
500242,100400,227,4,1,31,2024-08-29,Closed,Business Interruption,12978.14
500243,100401,263,1,3,22,2024-09-27,Open,Bodily Injury,1324.92
500244,100402,475,9,3,34,2024-01-11,Open,Theft,31486.22
500245,100406,369,8,3,3,2024-05-07,Open,Liability,1617.08
500246,100411,1215,12,8,35,2025-08-07,Rejected,Other,4988.37
500247,100413,1451,2,8,11,2025-10-28,Open,Liability,4425.44
500248,100414,239,7,6,24,2023-12-19,Closed,Bodily Injury,4701.98
500249,100414,239,7,6,24,2024-03-05,Closed,Liability,1928.77
500250,100414,239,7,6,24,2024-06-28,Open,Bodily Injury,47011.58
500251,100415,960,12,6,35,2022-09-10,Closed,Theft,3691.6
500252,100416,1471,2,6,40,2022-11-17,Closed,Other,10018.53
500253,100416,1471,2,6,40,2022-06-16,Closed,Theft,6272.04
500254,100416,1471,2,6,40,2022-06-27,Closed,Liability,3875.65
500255,100419,1340,4,3,9,2024-03-05,Closed,Business Interruption,2110.32
500256,100419,1340,4,3,9,2023-10-06,Rejected,Other,3712.38
500257,100421,734,4,3,17,2023-06-23,Open,Theft,7253.65
500258,100423,1158,11,5,37,2025-08-19,Pending,Theft,31085.9
500259,100424,181,5,6,22,2025-12-28,Pending,Property Damage,4807.15
500260,100424,181,5,6,22,2025-10-28,Open,Property Damage,6000.84
500261,100426,1226,11,7,35,2025-03-05,Closed,Business Interruption,3651.37
500262,100427,823,4,7,18,2023-09-05,Closed,Theft,3695.89
500263,100428,413,10,2,25,2022-08-07,Closed,Business Interruption,3700.85
500264,100430,824,7,6,21,2022-05-09,Closed,Theft,9549.21
500265,100432,825,12,6,5,2023-01-09,Closed,Business Interruption,8352.46
500266,100432,825,12,6,5,2023-01-13,Closed,Business Interruption,3297.22
500267,100436,84,10,7,6,2023-01-16,Closed,Other,13782.41
500268,100437,838,10,8,3,2023-04-13,Pending,Property Damage,9904.08
500269,100437,838,10,8,3,2022-08-29,Open,Liability,1123.47
500270,100440,242,4,2,20,2025-03-16,Pending,Liability,3023.35
500271,100440,242,4,2,20,2025-07-22,Closed,Business Interruption,2202.26
500272,100440,242,4,2,20,2026-01-11,Closed,Business Interruption,3217.99
500273,100441,1361,1,8,25,2024-09-09,Closed,Theft,13301.21
500274,100445,317,9,5,10,2023-11-20,Closed,Liability,1883.53
500275,100448,770,3,3,34,2023-01-07,Closed,Business Interruption,10975.89
500276,100452,537,3,4,21,2023-03-27,Closed,Bodily Injury,2736.15
500277,100453,581,2,7,16,2022-09-08,Closed,Bodily Injury,4395.23
500278,100458,442,8,6,33,2022-10-31,Pending,Business Interruption,1193.88
500279,100458,442,8,6,33,2022-03-06,Closed,Other,12616.56
500280,100458,442,8,6,33,2022-02-21,Pending,Liability,3228.48
500281,100459,620,12,6,31,2026-02-09,Pending,Theft,817.7
500282,100459,620,12,6,31,2026-02-21,Open,Liability,2188.81
500283,100462,680,6,7,9,2024-09-22,Pending,Bodily Injury,688.8
500284,100462,680,6,7,9,2024-07-31,Closed,Other,2915.5
500285,100463,1414,6,5,33,2022-11-23,Pending,Property Damage,3894.12
500286,100463,1414,6,5,33,2022-07-03,Closed,Other,7636.68
500287,100464,759,1,4,24,2025-04-16,Open,Liability,3558.78
500288,100464,759,1,4,24,2025-07-11,Closed,Bodily Injury,5140.3
500289,100465,897,10,4,14,2024-09-11,Open,Property Damage,2125.64
500290,100467,921,5,2,21,2023-04-13,Open,Bodily Injury,7459.46
500291,100471,713,8,6,16,2022-08-25,Closed,Property Damage,11357.2
500292,100471,713,8,6,16,2022-12-19,Closed,Bodily Injury,2026.7
500293,100475,1372,2,1,8,2024-01-12,Open,Property Damage,6132.16
500294,100477,1263,10,4,31,2022-11-26,Closed,Property Damage,2874.9
500295,100477,1263,10,4,31,2022-07-05,Closed,Liability,4270.05
500296,100480,873,8,3,34,2023-11-08,Closed,Business Interruption,2304.7
500297,100483,540,10,3,25,2023-03-04,Closed,Other,7431.41
500298,100483,540,10,3,25,2022-05-27,Closed,Liability,4303.8
500299,100489,777,4,4,22,2023-12-17,Closed,Theft,2507.66
500300,100489,777,4,4,22,2023-05-03,Closed,Bodily Injury,3463.84
500301,100490,1176,1,2,25,2024-01-10,Closed,Theft,3012.13
500302,100490,1176,1,2,25,2024-05-28,Closed,Bodily Injury,592.53
500303,100492,625,8,4,38,2025-08-17,Open,Theft,2271.0
500304,100492,625,8,4,38,2025-08-07,Open,Business Interruption,1536.31
500305,100493,1124,5,5,2,2025-01-02,Closed,Bodily Injury,15755.11
500306,100493,1124,5,5,2,2025-02-26,Closed,Business Interruption,39525.1
500307,100496,436,11,6,29,2023-10-13,Closed,Other,24266.86
500308,100498,619,9,5,31,2023-09-15,Pending,Bodily Injury,14549.14
500309,100499,27,7,5,19,2025-04-23,Closed,Property Damage,2249.9
500310,100499,27,7,5,19,2024-12-21,Pending,Theft,2132.04
500311,100507,34,10,3,39,2023-10-23,Open,Liability,11388.0
500312,100509,23,8,8,19,2025-09-10,Pending,Theft,5444.27
500313,100511,1352,1,7,2,2022-12-18,Closed,Other,20585.95
500314,100512,966,6,6,23,2024-05-03,Closed,Liability,6607.2
500315,100512,966,6,6,23,2024-11-17,Open,Business Interruption,1703.07
500316,100513,910,7,6,27,2025-07-22,Closed,Bodily Injury,1828.72
500317,100515,1462,5,1,13,2023-09-16,Open,Bodily Injury,6807.61
500318,100518,845,12,5,11,2022-12-05,Open,Liability,9926.5
500319,100518,845,12,5,11,2023-01-24,Closed,Other,5904.54
500320,100521,1013,7,2,11,2025-05-26,Closed,Liability,4657.57
500321,100524,922,5,8,30,2023-10-06,Closed,Other,6972.21
500322,100524,922,5,8,30,2023-08-10,Closed,Bodily Injury,1684.12
500323,100524,922,5,8,30,2023-06-03,Open,Business Interruption,9277.98
500324,100525,1115,4,4,10,2023-08-14,Closed,Other,3613.37
500325,100527,329,1,6,22,2023-11-22,Pending,Property Damage,12691.91
500326,100528,676,5,4,28,2023-07-18,Pending,Bodily Injury,500.17
500327,100529,1288,10,8,31,2023-11-14,Pending,Liability,4247.88
500328,100531,1234,3,1,13,2025-04-15,Closed,Liability,2585.23
500329,100532,433,4,6,27,2023-09-08,Closed,Bodily Injury,5588.46
500330,100532,433,4,6,27,2024-06-22,Closed,Theft,1527.2
500331,100533,864,8,6,6,2024-01-07,Open,Theft,3468.01
500332,100537,524,4,3,18,2025-09-24,Closed,Property Damage,2863.47
500333,100537,524,4,3,18,2025-05-02,Closed,Business Interruption,2189.74
500334,100538,258,3,2,33,2023-06-12,Open,Other,3107.62
500335,100538,258,3,2,33,2023-03-22,Closed,Bodily Injury,6398.07
500336,100540,919,11,6,22,2023-02-24,Closed,Property Damage,621.43
500337,100540,919,11,6,22,2023-05-03,Rejected,Property Damage,1865.79
500338,100542,1131,2,6,8,2024-07-31,Closed,Business Interruption,16785.97
500339,100543,510,2,7,32,2025-01-25,Closed,Theft,562.42
500340,100543,510,2,7,32,2025-03-31,Open,Other,2576.37
500341,100544,1405,4,1,28,2024-01-14,Closed,Liability,1095.99
500342,100544,1405,4,1,28,2024-02-27,Open,Liability,13178.05
500343,100545,125,6,5,22,2023-01-13,Closed,Other,67301.77
500344,100546,176,7,1,4,2023-11-07,Closed,Theft,1675.95
500345,100546,176,7,1,4,2024-01-11,Open,Business Interruption,3684.5
500346,100549,271,4,7,36,2024-02-10,Closed,Theft,5536.38
500347,100551,1220,9,4,15,2023-12-17,Open,Bodily Injury,7970.73
500348,100553,1424,6,7,2,2023-08-29,Pending,Other,6328.26
500349,100554,81,8,2,20,2023-02-19,Open,Property Damage,7018.69
500350,100555,611,9,7,3,2024-01-03,Closed,Theft,2289.3
500351,100556,760,7,6,40,2023-07-30,Pending,Liability,4833.81
500352,100557,1045,7,1,26,2022-07-20,Open,Theft,52639.74
500353,100557,1045,7,1,26,2022-05-04,Closed,Other,1664.95
500354,100558,934,9,8,10,2025-03-20,Closed,Other,11582.11
500355,100559,840,5,2,33,2024-02-26,Closed,Business Interruption,3402.2
500356,100559,840,5,2,33,2023-12-10,Open,Theft,19544.16
500357,100559,840,5,2,33,2023-12-21,Closed,Other,5687.49
500358,100561,160,4,2,22,2024-11-15,Closed,Liability,12269.69
500359,100562,648,6,2,5,2025-09-05,Closed,Other,1232.9
500360,100562,648,6,2,5,2025-02-02,Closed,Bodily Injury,11792.62
500361,100565,1196,2,6,12,2024-02-13,Closed,Business Interruption,2117.85
500362,100566,829,3,3,30,2024-07-12,Closed,Other,10436.41
500363,100578,450,1,5,28,2023-05-22,Closed,Theft,1163.2
500364,100578,450,1,5,28,2023-02-12,Open,Bodily Injury,2299.71
500365,100578,450,1,5,28,2023-05-10,Pending,Property Damage,3248.28
500366,100580,263,8,5,25,2025-05-13,Closed,Bodily Injury,4110.46
500367,100585,540,9,4,17,2024-03-05,Closed,Bodily Injury,2321.33
500368,100586,1312,12,1,31,2022-12-28,Open,Liability,1401.05
500369,100595,511,6,2,38,2022-11-05,Closed,Property Damage,12007.85
500370,100595,511,6,2,38,2022-08-27,Closed,Business Interruption,8496.76
500371,100595,511,6,2,38,2022-11-19,Closed,Theft,2535.88
500372,100597,1070,4,2,22,2025-10-27,Closed,Property Damage,1494.48
500373,100599,58,6,5,35,2024-03-07,Closed,Property Damage,683.91
500374,100600,845,4,8,38,2024-09-29,Closed,Property Damage,23074.53
500375,100602,479,1,1,24,2025-08-01,Closed,Business Interruption,17704.79
500376,100603,1118,10,2,17,2025-02-10,Closed,Theft,3848.37
500377,100603,1118,10,2,17,2024-09-19,Open,Other,1225.47
500378,100603,1118,10,2,17,2025-02-14,Closed,Business Interruption,7573.85
500379,100604,1395,3,3,23,2022-08-10,Open,Property Damage,2986.83
500380,100604,1395,3,3,23,2022-10-23,Closed,Business Interruption,6158.99
500381,100607,484,2,8,24,2025-09-03,Open,Liability,5761.3
500382,100608,1253,2,4,18,2025-04-28,Closed,Liability,9356.15
500383,100611,1163,8,2,17,2024-10-24,Closed,Other,7027.78
500384,100611,1163,8,2,17,2024-08-26,Closed,Bodily Injury,3968.66
500385,100611,1163,8,2,17,2025-04-04,Closed,Business Interruption,5824.93
500386,100612,726,1,2,16,2022-10-01,Closed,Business Interruption,5368.44
500387,100614,1342,8,4,37,2024-07-23,Closed,Liability,13509.84
500388,100616,416,12,6,33,2025-01-12,Closed,Property Damage,19283.74
500389,100619,219,10,5,38,2024-05-25,Closed,Other,588.04
500390,100619,219,10,5,38,2024-08-08,Pending,Business Interruption,15733.77
500391,100621,1474,9,7,26,2023-10-29,Closed,Theft,2725.72
500392,100622,711,9,8,21,2023-11-24,Closed,Business Interruption,1938.03
500393,100624,326,4,1,24,2025-05-03,Pending,Theft,1843.64
500394,100626,95,6,3,9,2024-12-27,Closed,Bodily Injury,6372.45
500395,100626,95,6,3,9,2025-02-15,Closed,Other,11782.47
500396,100627,532,8,3,6,2025-07-27,Open,Property Damage,1091.59
500397,100628,6,10,2,9,2025-07-06,Closed,Business Interruption,7414.11
500398,100630,488,9,2,32,2023-10-28,Closed,Other,2613.55
500399,100630,488,9,2,32,2024-07-29,Pending,Property Damage,1009.52
500400,100631,791,10,6,20,2023-12-17,Pending,Liability,9275.99
500401,100631,791,10,6,20,2023-07-28,Open,Theft,2890.38
500402,100631,791,10,6,20,2023-05-27,Pending,Other,3547.53
500403,100632,885,10,4,27,2022-12-16,Open,Liability,5020.01
500404,100636,453,5,4,11,2023-01-23,Closed,Theft,2480.15
500405,100636,453,5,4,11,2022-11-27,Pending,Property Damage,35541.19
500406,100637,1468,6,3,31,2025-01-22,Open,Theft,2550.88
500407,100639,729,3,4,31,2025-11-09,Closed,Theft,9870.47
500408,100640,1410,8,3,1,2023-05-21,Closed,Other,1651.19
500409,100640,1410,8,3,1,2023-06-03,Closed,Business Interruption,2204.8
500410,100641,752,7,8,7,2024-01-12,Closed,Liability,294.02
500411,100643,1302,6,3,28,2023-12-22,Pending,Other,1210.62
500412,100645,919,1,7,13,2023-10-10,Closed,Other,1860.38
500413,100646,974,9,1,13,2023-07-02,Closed,Business Interruption,6433.72
500414,100648,1101,11,6,39,2023-01-23,Closed,Theft,3084.3
500415,100648,1101,11,6,39,2022-10-26,Closed,Property Damage,4881.13
500416,100649,752,12,4,40,2023-08-16,Pending,Theft,8653.54
500417,100649,752,12,4,40,2023-12-29,Open,Property Damage,996.99
500418,100650,550,5,4,19,2024-06-01,Closed,Theft,1240.26
500419,100651,447,1,4,27,2022-10-13,Pending,Bodily Injury,15947.94
500420,100652,1120,8,6,4,2025-01-16,Open,Theft,7437.42
500421,100653,375,2,3,38,2025-03-26,Closed,Other,37533.66
500422,100655,1323,9,2,14,2022-05-05,Closed,Property Damage,6211.15
500423,100658,1075,10,1,7,2025-10-24,Closed,Liability,6465.3
500424,100661,1062,8,5,3,2023-01-22,Closed,Business Interruption,32727.82
500425,100662,1256,6,8,17,2025-02-26,Pending,Property Damage,2790.59
500426,100663,1416,6,4,24,2022-07-28,Closed,Bodily Injury,12079.66
500427,100664,71,7,2,11,2023-08-20,Open,Business Interruption,6495.05
500428,100670,289,4,7,5,2023-01-06,Closed,Theft,2419.57
500429,100672,7,11,6,32,2024-12-09,Closed,Property Damage,8122.04
500430,100672,7,11,6,32,2025-11-17,Closed,Theft,3357.02
500431,100672,7,11,6,32,2025-02-10,Open,Liability,5576.23
500432,100673,26,2,7,17,2024-11-19,Open,Property Damage,3917.94
500433,100674,757,4,7,18,2025-02-13,Open,Theft,3330.76
500434,100675,1458,1,6,37,2023-10-13,Pending,Liability,2561.19
500435,100677,669,9,2,12,2025-02-01,Closed,Theft,1184.62
500436,100680,578,9,5,26,2024-04-29,Closed,Other,7209.02
500437,100680,578,9,5,26,2023-12-07,Closed,Other,6376.69
500438,100681,883,12,5,26,2024-12-19,Closed,Theft,13948.93
500439,100684,1011,9,7,20,2023-10-15,Open,Theft,3675.32
500440,100686,82,8,2,12,2023-02-17,Closed,Liability,4720.21
500441,100688,1300,9,2,40,2024-06-30,Open,Bodily Injury,1724.85
500442,100689,495,1,4,9,2026-01-20,Closed,Liability,3105.96
500443,100689,495,1,4,9,2025-09-22,Closed,Other,21636.27
500444,100693,678,8,2,22,2023-06-23,Closed,Other,28856.75
500445,100694,1343,1,1,37,2022-12-29,Pending,Theft,10679.95
500446,100694,1343,1,1,37,2022-06-02,Closed,Bodily Injury,440.21
500447,100695,471,11,1,38,2024-12-07,Closed,Other,1740.83
500448,100697,1118,4,7,3,2023-10-14,Closed,Theft,76383.11
500449,100698,913,9,5,13,2023-10-22,Closed,Liability,965.56
500450,100701,1116,7,2,1,2022-03-19,Closed,Theft,4354.73
500451,100702,184,7,1,40,2022-08-06,Open,Theft,5897.84
500452,100702,184,7,1,40,2022-10-04,Closed,Business Interruption,915.47
500453,100702,184,7,1,40,2022-03-02,Open,Property Damage,3944.98
500454,100706,1321,5,7,22,2024-12-11,Closed,Theft,3843.31
500455,100708,1462,10,4,2,2023-08-09,Pending,Other,10695.56
500456,100710,665,9,2,34,2024-11-13,Closed,Property Damage,3454.22
500457,100710,665,9,2,34,2024-08-12,Closed,Theft,18492.9
500458,100711,403,12,4,37,2024-12-16,Open,Property Damage,12206.63
500459,100711,403,12,4,37,2025-03-18,Rejected,Business Interruption,9187.91
500460,100715,313,11,2,37,2025-05-05,Closed,Liability,3241.84
500461,100716,815,11,1,11,2025-04-22,Closed,Theft,6033.97
500462,100716,815,11,1,11,2024-10-28,Open,Property Damage,1563.08
500463,100716,815,11,1,11,2025-04-29,Closed,Theft,6163.52
500464,100720,259,12,5,36,2024-07-29,Closed,Business Interruption,2233.64
500465,100721,1252,5,4,13,2024-08-17,Closed,Other,7205.53
500466,100722,256,2,2,32,2022-06-10,Closed,Liability,4985.11
500467,100723,447,11,6,12,2022-02-26,Closed,Bodily Injury,15101.78
500468,100723,447,11,6,12,2022-03-15,Open,Bodily Injury,13410.96
500469,100725,556,6,3,5,2022-10-02,Pending,Liability,1715.66
500470,100728,30,6,4,32,2024-10-02,Open,Other,5045.92
500471,100728,30,6,4,32,2025-04-18,Open,Property Damage,12083.61
500472,100729,1476,4,5,34,2023-01-18,Closed,Theft,9261.53
500473,100730,79,4,2,22,2025-02-11,Closed,Property Damage,1547.01
500474,100730,79,4,2,22,2025-09-26,Rejected,Theft,8087.64
500475,100733,233,2,5,37,2022-08-02,Open,Liability,17352.55
500476,100734,110,5,1,16,2022-11-15,Closed,Business Interruption,2324.16
500477,100734,110,5,1,16,2022-07-23,Open,Business Interruption,3489.42
500478,100736,110,11,3,26,2025-01-13,Closed,Property Damage,2569.44
500479,100736,110,11,3,26,2025-02-05,Closed,Business Interruption,1927.88
500480,100736,110,11,3,26,2024-11-22,Closed,Other,3394.22
500481,100737,1350,4,5,38,2023-05-24,Closed,Other,4409.58
500482,100738,677,5,6,39,2023-07-11,Closed,Other,13212.06
500483,100739,1304,5,4,29,2024-05-08,Closed,Bodily Injury,12714.25
500484,100743,1144,6,1,22,2024-03-26,Closed,Bodily Injury,30915.03
500485,100744,1367,5,6,29,2023-02-13,Closed,Property Damage,13132.99
500486,100748,674,7,1,35,2024-11-18,Closed,Liability,421.2
500487,100750,563,7,2,16,2024-06-08,Closed,Other,3124.01
500488,100752,57,3,1,8,2023-08-06,Closed,Theft,4115.37
500489,100752,57,3,1,8,2023-05-27,Open,Theft,32243.81
500490,100754,440,8,5,19,2023-09-02,Closed,Property Damage,1597.7
500491,100754,440,8,5,19,2023-09-06,Open,Bodily Injury,17570.05
500492,100758,154,10,7,10,2023-11-22,Closed,Theft,15160.25
500493,100770,207,10,8,20,2025-07-04,Open,Bodily Injury,4958.78
500494,100771,80,11,6,18,2023-08-27,Closed,Liability,868.03
500495,100772,7,3,3,18,2025-03-26,Pending,Other,13349.03
500496,100774,290,10,2,8,2025-10-16,Rejected,Bodily Injury,13977.74
500497,100774,290,10,2,8,2025-05-07,Closed,Property Damage,1650.28
500498,100775,138,1,8,36,2023-01-12,Open,Property Damage,17708.54
500499,100776,354,9,3,36,2024-02-23,Closed,Liability,1100.18
500500,100776,354,9,3,36,2024-05-22,Closed,Other,6295.45
500501,100776,354,9,3,36,2024-11-02,Closed,Theft,7619.84
500502,100777,1463,8,1,8,2023-03-19,Rejected,Bodily Injury,20944.88
500503,100779,28,1,1,11,2023-09-20,Open,Business Interruption,8917.74
500504,100779,28,1,1,11,2023-03-15,Closed,Bodily Injury,1662.48
500505,100779,28,1,1,11,2024-01-22,Closed,Other,1932.38
500506,100783,492,5,6,34,2025-12-13,Closed,Bodily Injury,7271.09
500507,100784,608,10,4,26,2024-10-15,Closed,Property Damage,6917.95
500508,100785,1142,12,8,33,2024-07-25,Open,Liability,2045.89
500509,100786,1069,4,7,11,2024-07-25,Closed,Bodily Injury,15729.34
500510,100786,1069,4,7,11,2025-03-30,Closed,Theft,19355.55
500511,100789,1092,3,7,6,2023-06-28,Closed,Bodily Injury,9430.63
500512,100790,277,8,5,6,2024-03-28,Pending,Bodily Injury,3473.71
500513,100790,277,8,5,6,2024-11-02,Closed,Property Damage,10341.25
500514,100791,594,10,7,11,2023-06-03,Closed,Liability,1726.68
500515,100793,1057,1,1,12,2025-05-09,Closed,Other,2332.71
500516,100793,1057,1,1,12,2024-10-26,Closed,Other,25481.85
500517,100794,657,1,7,40,2023-01-14,Closed,Property Damage,3647.7
500518,100794,657,1,7,40,2023-01-25,Pending,Business Interruption,3966.56
500519,100796,848,1,6,26,2023-11-24,Closed,Business Interruption,9343.01
500520,100796,848,1,6,26,2024-08-04,Rejected,Other,1449.05
500521,100800,440,4,6,19,2022-05-22,Pending,Theft,24406.15
500522,100800,440,4,6,19,2022-05-03,Closed,Other,2108.75
500523,100804,392,7,6,18,2024-02-20,Open,Business Interruption,10309.0
500524,100804,392,7,6,18,2024-02-23,Pending,Business Interruption,3448.71
500525,100805,1481,10,7,33,2023-10-29,Rejected,Other,13513.79
500526,100807,1293,2,6,32,2024-02-26,Closed,Business Interruption,9704.11
500527,100808,980,11,4,35,2025-07-28,Closed,Other,3756.64
500528,100808,980,11,4,35,2025-07-17,Closed,Liability,528.99
500529,100809,66,11,6,13,2023-01-13,Closed,Business Interruption,1239.1
500530,100810,765,9,6,14,2025-01-12,Closed,Business Interruption,12268.46
500531,100811,626,7,7,10,2025-05-05,Open,Theft,1764.92
500532,100811,626,7,7,10,2025-03-14,Closed,Liability,4485.58
500533,100811,626,7,7,10,2024-09-08,Open,Property Damage,2876.56
500534,100815,1048,7,7,24,2024-01-03,Closed,Business Interruption,45056.24
500535,100817,139,5,5,8,2025-02-11,Closed,Property Damage,7523.2
500536,100820,94,11,4,3,2024-04-21,Closed,Business Interruption,4364.85
500537,100821,584,7,7,37,2023-05-26,Closed,Liability,15098.61
500538,100823,59,3,2,32,2024-06-22,Open,Theft,1200.1
500539,100824,1207,7,7,25,2024-03-21,Closed,Liability,2660.11
500540,100824,1207,7,7,25,2024-07-25,Closed,Bodily Injury,1131.15
500541,100824,1207,7,7,25,2024-04-22,Pending,Business Interruption,3187.89
500542,100825,668,1,3,34,2025-06-10,Closed,Bodily Injury,6997.59
500543,100827,881,9,8,21,2022-10-09,Closed,Property Damage,2715.15
500544,100828,1314,6,2,31,2024-09-21,Pending,Liability,12023.77
500545,100828,1314,6,2,31,2024-02-19,Pending,Other,8970.67
500546,100828,1314,6,2,31,2023-11-28,Closed,Bodily Injury,1539.94
500547,100833,1239,4,2,15,2024-10-27,Closed,Theft,6353.29
500548,100833,1239,4,2,15,2024-11-11,Closed,Liability,4075.11
500549,100833,1239,4,2,15,2024-04-15,Pending,Business Interruption,12033.87
500550,100836,292,7,2,32,2023-07-09,Closed,Liability,3129.66
500551,100837,1486,7,8,2,2023-11-02,Open,Property Damage,5997.2
500552,100837,1486,7,8,2,2024-09-10,Closed,Property Damage,6079.95
500553,100838,977,1,5,22,2025-04-30,Rejected,Business Interruption,7057.53
500554,100838,977,1,5,22,2025-11-16,Open,Property Damage,1199.75
500555,100841,602,8,7,9,2023-03-30,Closed,Property Damage,1945.33
500556,100845,1253,9,7,20,2024-01-14,Closed,Liability,1769.57
500557,100845,1253,9,7,20,2024-02-20,Closed,Liability,7560.73
500558,100845,1253,9,7,20,2023-08-26,Closed,Property Damage,2779.19
500559,100847,385,10,6,19,2025-09-07,Closed,Bodily Injury,35405.4
500560,100849,1098,7,1,28,2025-07-26,Closed,Theft,4044.0
500561,100849,1098,7,1,28,2025-01-23,Pending,Property Damage,4654.44
500562,100849,1098,7,1,28,2025-02-06,Closed,Other,5608.48
500563,100857,711,7,8,12,2024-02-26,Open,Theft,3880.35
500564,100857,711,7,8,12,2024-08-15,Pending,Business Interruption,35899.66
500565,100857,711,7,8,12,2023-11-16,Closed,Business Interruption,5480.79
500566,100861,894,10,5,7,2025-07-15,Closed,Liability,3041.72
500567,100862,1238,5,6,1,2022-12-27,Closed,Property Damage,1976.09
500568,100862,1238,5,6,1,2022-07-08,Open,Other,5659.6
500569,100864,1290,6,7,20,2023-04-23,Closed,Liability,6386.33
500570,100865,618,8,1,13,2024-09-16,Closed,Property Damage,1805.37
500571,100866,573,2,6,36,2024-02-09,Closed,Liability,3427.16
500572,100867,1478,3,1,14,2025-11-01,Open,Property Damage,3318.89
500573,100869,1376,4,5,29,2025-01-29,Closed,Business Interruption,6867.33
500574,100869,1376,4,5,29,2024-06-05,Closed,Bodily Injury,1901.65
500575,100870,867,8,4,39,2023-04-02,Pending,Business Interruption,1967.59
500576,100870,867,8,4,39,2023-03-18,Closed,Other,1692.72
500577,100871,1394,1,2,36,2025-04-11,Closed,Other,1016.96
500578,100871,1394,1,2,36,2025-06-22,Open,Theft,1348.98
500579,100872,1080,4,7,27,2022-10-19,Closed,Property Damage,6152.85
500580,100876,1098,11,2,21,2023-09-02,Closed,Other,10258.89
500581,100876,1098,11,2,21,2024-02-20,Open,Business Interruption,5096.63
500582,100880,454,3,2,3,2022-10-17,Closed,Liability,13914.34
500583,100882,1480,3,8,14,2024-01-31,Closed,Liability,677.7
500584,100884,568,2,3,29,2022-12-26,Pending,Liability,5561.29
500585,100891,912,10,1,9,2025-01-30,Open,Liability,12522.9
500586,100892,833,9,6,32,2024-05-20,Pending,Bodily Injury,2506.87
500587,100893,1285,4,4,3,2025-07-09,Closed,Other,6172.49
500588,100893,1285,4,4,3,2025-01-21,Closed,Bodily Injury,8093.34
500589,100894,461,11,3,21,2022-09-18,Open,Bodily Injury,10049.83
500590,100894,461,11,3,21,2022-09-15,Pending,Business Interruption,16945.86
500591,100898,499,8,8,38,2025-10-25,Closed,Bodily Injury,8224.88
500592,100902,1294,2,3,7,2025-07-03,Pending,Bodily Injury,1994.72
500593,100903,591,6,5,38,2023-08-13,Open,Theft,4206.34
500594,100903,591,6,5,38,2023-10-07,Open,Liability,3377.21
500595,100904,1003,3,6,31,2023-04-25,Closed,Other,1296.97
500596,100905,1413,2,5,28,2023-03-08,Rejected,Other,6773.55
500597,100905,1413,2,5,28,2022-11-11,Closed,Business Interruption,12317.95
500598,100905,1413,2,5,28,2022-06-18,Closed,Liability,7780.84
500599,100906,1144,12,5,10,2023-11-09,Closed,Business Interruption,6637.45
500600,100906,1144,12,5,10,2023-09-11,Closed,Other,2230.87
500601,100907,1484,12,4,33,2024-07-12,Open,Bodily Injury,15850.47
500602,100910,1488,5,4,24,2023-08-02,Closed,Business Interruption,5168.05
500603,100912,363,4,5,16,2025-06-18,Closed,Bodily Injury,6745.68
500604,100912,363,4,5,16,2026-02-19,Pending,Liability,102076.26
500605,100912,363,4,5,16,2025-07-29,Rejected,Business Interruption,11031.01
500606,100913,476,5,3,7,2023-03-01,Closed,Property Damage,3831.22
500607,100914,394,7,2,23,2023-01-26,Closed,Property Damage,6327.74
500608,100915,1251,6,3,22,2023-06-09,Open,Liability,3164.86
500609,100915,1251,6,3,22,2023-08-24,Closed,Other,9203.68
500610,100915,1251,6,3,22,2023-09-25,Closed,Bodily Injury,2201.97
500611,100917,1110,12,2,28,2024-02-21,Open,Bodily Injury,24564.84
500612,100919,111,4,8,8,2024-12-17,Open,Other,12378.24
500613,100922,1089,5,2,38,2023-04-17,Closed,Theft,1706.1
500614,100923,793,12,8,4,2023-04-30,Closed,Other,22309.36
500615,100927,540,1,2,24,2022-10-29,Rejected,Other,3198.3
500616,100930,1499,11,1,16,2023-09-05,Closed,Liability,908.09
500617,100932,442,2,7,3,2025-08-22,Closed,Other,2122.04
500618,100933,1444,12,3,37,2023-12-18,Pending,Liability,8751.08
500619,100934,276,8,8,33,2024-03-01,Closed,Bodily Injury,6433.16
500620,100934,276,8,8,33,2024-10-05,Closed,Bodily Injury,3917.15
500621,100937,570,6,8,18,2024-05-10,Open,Bodily Injury,1429.63
500622,100940,377,1,8,21,2023-09-06,Closed,Other,863.12
500623,100940,377,1,8,21,2024-01-27,Closed,Theft,59300.0
500624,100941,1460,1,3,10,2023-03-10,Closed,Liability,2103.27
500625,100943,428,2,1,29,2025-10-17,Closed,Bodily Injury,14542.96
500626,100945,1041,5,5,28,2023-06-19,Open,Bodily Injury,6915.6
500627,100945,1041,5,5,28,2023-09-01,Open,Theft,8870.18
500628,100946,518,5,8,26,2025-07-14,Closed,Business Interruption,2404.77
500629,100947,202,2,3,12,2023-05-11,Pending,Business Interruption,18325.16
500630,100948,595,10,3,18,2025-06-16,Open,Business Interruption,827.45
500631,100948,595,10,3,18,2025-04-02,Closed,Property Damage,6714.97
500632,100953,54,5,2,38,2024-04-04,Closed,Other,2274.1
500633,100954,611,6,7,13,2025-06-29,Rejected,Theft,2943.94
500634,100956,493,9,8,38,2023-02-27,Open,Bodily Injury,7536.84
500635,100957,743,2,1,19,2023-07-21,Open,Other,6872.25
500636,100957,743,2,1,19,2023-02-03,Closed,Liability,4261.82
500637,100959,1192,10,1,21,2025-07-05,Closed,Business Interruption,4276.79
500638,100959,1192,10,1,21,2025-07-18,Pending,Property Damage,13943.81
500639,100962,1296,4,6,17,2023-09-06,Rejected,Bodily Injury,11484.89
500640,100966,218,10,8,33,2023-02-16,Pending,Bodily Injury,3772.33
500641,100968,220,6,8,28,2023-07-01,Closed,Liability,5683.25
500642,100971,380,6,5,16,2024-03-30,Closed,Theft,3485.85
500643,100973,1155,5,5,3,2024-08-05,Open,Other,2852.77
500644,100974,657,2,2,11,2024-08-25,Closed,Business Interruption,8114.02
500645,100982,371,10,1,21,2023-12-05,Open,Liability,8217.41
500646,100984,242,3,5,19,2025-01-11,Open,Liability,6952.3
500647,100984,242,3,5,19,2024-10-23,Open,Other,7658.88
500648,100985,607,12,7,7,2023-08-26,Closed,Liability,66568.41
500649,100990,1043,9,6,25,2024-02-21,Open,Bodily Injury,28666.81
500650,100991,1081,3,3,6,2023-03-08,Closed,Bodily Injury,2100.59
500651,100992,999,4,6,39,2024-02-13,Pending,Property Damage,10350.45
500652,100992,999,4,6,39,2024-04-08,Open,Business Interruption,7839.21
500653,100992,999,4,6,39,2024-07-08,Closed,Other,32651.87
500654,100993,404,2,8,26,2025-05-23,Closed,Theft,13495.57
500655,100994,1245,3,2,6,2025-05-19,Closed,Theft,1892.98
500656,100996,416,4,6,23,2023-11-04,Closed,Other,1917.3
500657,100999,1046,9,4,8,2022-05-28,Closed,Theft,5759.05
500658,101001,922,7,3,19,2023-04-23,Closed,Bodily Injury,8175.84
500659,101003,1064,6,8,40,2023-07-27,Closed,Other,4598.33
500660,101004,874,10,5,18,2023-03-13,Closed,Theft,9044.84
500661,101004,874,10,5,18,2022-11-28,Closed,Business Interruption,16685.18
500662,101005,1274,11,3,16,2023-01-01,Closed,Property Damage,718.09
500663,101013,192,1,7,3,2023-12-19,Closed,Property Damage,3910.25
500664,101014,1000,3,7,3,2026-02-11,Closed,Other,7509.99
500665,101014,1000,3,7,3,2025-10-22,Closed,Theft,2688.53
500666,101014,1000,3,7,3,2025-09-22,Closed,Property Damage,9179.41
500667,101015,1145,10,2,11,2023-08-25,Closed,Theft,2354.67
500668,101017,715,11,3,9,2024-09-20,Closed,Liability,1589.31
500669,101018,1370,5,4,30,2023-01-18,Open,Liability,436.31
500670,101018,1370,5,4,30,2023-09-23,Closed,Property Damage,25442.26
500671,101020,1130,4,2,31,2022-10-07,Closed,Liability,4801.14
500672,101021,796,10,3,14,2022-04-05,Closed,Liability,997.31
500673,101021,796,10,3,14,2022-05-11,Pending,Property Damage,1663.77
500674,101022,987,7,2,35,2023-10-24,Closed,Liability,5623.31
500675,101024,977,1,5,32,2023-03-06,Open,Business Interruption,2589.68
500676,101024,977,1,5,32,2023-05-11,Closed,Other,4072.95
500677,101025,1170,10,4,34,2023-10-23,Closed,Property Damage,10831.19
500678,101026,1357,4,5,18,2025-04-16,Open,Liability,24004.54
500679,101027,444,5,5,27,2024-07-25,Closed,Liability,22328.02
500680,101030,894,8,8,15,2023-01-13,Closed,Business Interruption,2364.08
500681,101032,626,7,8,38,2023-07-29,Rejected,Theft,3056.32
500682,101034,546,5,3,38,2023-05-14,Closed,Liability,5842.26
500683,101035,431,6,3,40,2023-04-19,Rejected,Liability,3071.83
500684,101038,967,12,2,9,2024-06-19,Closed,Bodily Injury,6814.31
500685,101038,967,12,2,9,2025-01-22,Closed,Property Damage,22944.57
500686,101045,723,10,1,21,2025-02-20,Open,Bodily Injury,3741.57
500687,101046,1327,10,1,24,2023-12-30,Closed,Other,8187.58
500688,101047,641,8,5,2,2024-06-18,Closed,Other,6216.72
500689,101047,641,8,5,2,2024-09-26,Closed,Liability,6733.19
500690,101047,641,8,5,2,2024-07-30,Pending,Property Damage,8926.51
500691,101050,642,5,1,13,2023-05-15,Closed,Other,5405.39
500692,101053,66,11,4,19,2025-08-25,Open,Liability,12142.9
500693,101056,474,8,6,32,2025-06-19,Closed,Liability,12650.11
500694,101057,895,10,7,37,2023-12-07,Closed,Other,5326.84
500695,101057,895,10,7,37,2024-05-23,Open,Theft,1819.94
500696,101058,219,5,5,20,2024-06-22,Closed,Liability,39528.47
500697,101059,736,8,2,28,2023-07-10,Closed,Liability,3506.93
500698,101059,736,8,2,28,2023-06-09,Closed,Liability,9589.54
500699,101061,1235,4,3,24,2025-02-17,Open,Other,7413.06
500700,101061,1235,4,3,24,2024-09-01,Closed,Liability,5436.87
500701,101062,46,12,1,37,2023-10-29,Rejected,Other,1351.45
500702,101066,976,4,1,20,2024-07-05,Rejected,Theft,1546.66
500703,101067,782,12,7,7,2023-02-19,Pending,Bodily Injury,2501.06
500704,101068,1023,12,3,28,2024-05-12,Closed,Theft,2328.19
500705,101070,384,4,8,10,2025-09-05,Closed,Property Damage,6267.96
500706,101072,1083,6,6,3,2024-11-08,Open,Bodily Injury,3002.97
500707,101075,880,6,3,25,2022-09-22,Closed,Other,7780.47
500708,101079,1212,6,3,39,2024-08-17,Closed,Property Damage,13697.27
500709,101079,1212,6,3,39,2024-12-16,Pending,Theft,878.11
500710,101084,284,6,1,26,2024-03-22,Closed,Liability,27202.66
500711,101086,357,4,4,26,2024-05-07,Open,Liability,3764.03
500712,101087,84,6,7,18,2023-02-05,Pending,Other,6011.92
500713,101087,84,6,7,18,2023-07-01,Closed,Liability,10978.01
500714,101093,605,4,7,34,2023-09-27,Rejected,Theft,30105.24
500715,101094,684,9,7,22,2025-06-17,Open,Property Damage,8265.39
500716,101096,1396,2,1,13,2023-11-04,Closed,Theft,1373.48
500717,101096,1396,2,1,13,2024-07-19,Pending,Theft,8474.72
500718,101098,843,6,7,28,2023-11-04,Closed,Other,6099.26
500719,101100,582,9,6,34,2022-12-30,Closed,Bodily Injury,20817.29
500720,101100,582,9,6,34,2022-06-16,Closed,Theft,5010.0
500721,101103,9,5,2,24,2024-05-05,Closed,Bodily Injury,3398.88
500722,101113,561,5,8,14,2023-07-28,Closed,Other,3809.49
500723,101114,1032,9,3,11,2023-09-28,Closed,Liability,35943.44
500724,101116,62,8,2,10,2024-11-19,Rejected,Theft,12749.59
500725,101117,776,3,1,21,2024-08-14,Closed,Liability,4704.53
500726,101117,776,3,1,21,2025-05-29,Closed,Bodily Injury,15525.16
500727,101117,776,3,1,21,2025-05-18,Closed,Liability,1565.07
500728,101118,1023,7,2,29,2023-10-14,Closed,Other,1686.02
500729,101118,1023,7,2,29,2023-01-24,Closed,Theft,22854.83
500730,101119,389,1,4,14,2025-09-21,Closed,Property Damage,5362.11
500731,101119,389,1,4,14,2025-07-25,Closed,Other,9588.18
500732,101124,220,7,3,6,2023-06-22,Open,Other,6526.74
500733,101126,830,10,8,14,2023-09-04,Open,Business Interruption,7799.37
500734,101128,1095,9,2,11,2022-05-12,Open,Liability,1392.53
500735,101130,532,11,4,28,2023-02-11,Closed,Other,5116.34
500736,101131,240,11,1,6,2025-07-20,Open,Business Interruption,7517.83
500737,101132,246,12,7,31,2023-07-24,Closed,Other,1197.6
500738,101135,754,2,6,7,2024-04-14,Pending,Theft,4944.06
500739,101136,1228,2,2,20,2022-04-06,Pending,Property Damage,10590.33
500740,101139,165,5,3,14,2025-10-30,Open,Theft,198.93
500741,101139,165,5,3,14,2025-10-12,Closed,Liability,549.63
500742,101140,1163,6,5,29,2025-10-25,Closed,Business Interruption,17603.62
500743,101140,1163,6,5,29,2025-04-07,Pending,Bodily Injury,4179.99
500744,101140,1163,6,5,29,2025-11-20,Open,Theft,2122.66
500745,101144,284,10,4,32,2024-10-13,Closed,Business Interruption,7401.08
500746,101145,1052,1,7,18,2023-05-09,Closed,Liability,19399.58
500747,101146,1091,12,4,9,2023-05-27,Closed,Theft,732.62
500748,101147,450,1,8,39,2023-05-24,Closed,Business Interruption,5226.05
500749,101150,47,9,5,12,2023-04-12,Closed,Bodily Injury,14068.78
500750,101151,191,8,8,36,2023-11-20,Closed,Bodily Injury,6080.87
500751,101152,1440,3,2,2,2022-11-06,Closed,Property Damage,1794.21
500752,101153,685,6,2,5,2026-02-27,Closed,Business Interruption,2781.95
500753,101153,685,6,2,5,2025-12-23,Closed,Other,12950.44
500754,101155,67,6,8,27,2023-03-17,Closed,Other,58399.85
500755,101156,531,1,6,5,2024-03-18,Open,Business Interruption,1346.93
500756,101157,1475,3,4,32,2025-01-06,Closed,Liability,12980.4
500757,101157,1475,3,4,32,2025-09-17,Open,Bodily Injury,25759.34
500758,101158,578,7,4,8,2023-12-01,Closed,Liability,1678.27
500759,101158,578,7,4,8,2023-06-17,Open,Bodily Injury,28879.61
500760,101158,578,7,4,8,2023-06-28,Rejected,Property Damage,1760.81
500761,101161,1146,2,3,36,2024-12-31,Closed,Liability,1260.66
500762,101161,1146,2,3,36,2025-01-15,Closed,Other,8384.37
500763,101166,1399,5,4,38,2025-06-07,Pending,Theft,12001.14
500764,101168,969,1,4,23,2025-10-21,Rejected,Liability,11640.83
500765,101169,1386,5,3,5,2023-04-24,Closed,Other,6738.06
500766,101172,1227,12,8,31,2024-06-29,Closed,Liability,6133.21
500767,101173,970,12,7,25,2023-07-29,Rejected,Liability,3468.9
500768,101178,536,4,5,20,2024-10-29,Closed,Other,5276.23
500769,101178,536,4,5,20,2025-04-14,Closed,Bodily Injury,12685.6
500770,101180,665,6,3,34,2023-02-02,Closed,Theft,484.61
500771,101184,641,5,8,34,2024-06-13,Closed,Liability,1890.25
500772,101184,641,5,8,34,2024-05-17,Closed,Other,4762.04
500773,101185,552,3,6,39,2022-05-17,Closed,Property Damage,15220.0
500774,101186,1098,1,7,28,2022-11-12,Pending,Bodily Injury,2958.79
500775,101186,1098,1,7,28,2023-03-10,Closed,Bodily Injury,1618.0
500776,101187,400,1,4,23,2024-12-13,Pending,Bodily Injury,4020.02
500777,101189,761,12,8,9,2024-11-10,Closed,Bodily Injury,7109.29
500778,101189,761,12,8,9,2024-10-10,Open,Theft,1120.15
500779,101192,307,4,1,35,2025-11-19,Open,Other,5296.0
500780,101193,70,4,5,29,2024-12-12,Closed,Bodily Injury,7937.27
500781,101197,111,5,6,30,2025-03-31,Closed,Liability,2282.48
500782,101198,194,7,2,35,2022-08-28,Closed,Property Damage,7885.74
500783,101201,240,9,3,2,2024-06-06,Open,Other,2251.0
500784,101201,240,9,3,2,2024-06-01,Closed,Bodily Injury,10183.15
500785,101201,240,9,3,2,2024-09-30,Pending,Business Interruption,8022.77
500786,101205,424,5,7,4,2023-02-27,Closed,Property Damage,19359.61
500787,101211,605,5,8,1,2024-03-05,Open,Business Interruption,3013.82
500788,101211,605,5,8,1,2024-09-20,Closed,Property Damage,24859.65
500789,101211,605,5,8,1,2024-11-23,Rejected,Bodily Injury,4277.4
500790,101213,1104,4,4,16,2023-10-04,Open,Other,16774.89
500791,101218,9,5,3,31,2025-01-15,Rejected,Business Interruption,7315.34
500792,101218,9,5,3,31,2025-01-03,Closed,Other,9618.04
500793,101218,9,5,3,31,2025-07-08,Open,Liability,5378.85
500794,101224,262,12,8,27,2025-02-03,Open,Other,8905.51
500795,101224,262,12,8,27,2024-07-17,Pending,Bodily Injury,2132.29
500796,101224,262,12,8,27,2025-01-20,Rejected,Business Interruption,3160.15
500797,101225,1436,11,6,29,2024-02-22,Pending,Bodily Injury,10513.01
500798,101225,1436,11,6,29,2024-09-01,Open,Property Damage,744.58
500799,101231,28,1,7,31,2022-12-27,Open,Business Interruption,4798.66
500800,101231,28,1,7,31,2022-10-21,Closed,Theft,14797.4
500801,101234,288,3,1,26,2023-08-22,Closed,Theft,2088.61
500802,101234,288,3,1,26,2023-10-22,Closed,Business Interruption,21592.19
500803,101234,288,3,1,26,2023-11-13,Open,Liability,1274.66
500804,101235,201,5,6,19,2025-01-13,Closed,Property Damage,1866.7
500805,101236,96,8,5,28,2025-03-15,Closed,Bodily Injury,3257.07
500806,101237,962,7,4,8,2025-04-04,Closed,Liability,6142.72
500807,101238,1028,7,2,34,2025-08-18,Rejected,Bodily Injury,3090.17
500808,101238,1028,7,2,34,2025-01-09,Closed,Other,1266.0
500809,101238,1028,7,2,34,2025-07-07,Rejected,Business Interruption,14821.9
500810,101240,167,10,4,18,2024-07-16,Closed,Bodily Injury,2817.58
500811,101240,167,10,4,18,2025-01-06,Pending,Theft,9138.8
500812,101241,63,12,3,19,2025-05-29,Closed,Business Interruption,6626.47
500813,101243,1128,12,4,33,2024-02-06,Closed,Bodily Injury,4562.71
500814,101244,1110,8,5,8,2024-08-22,Closed,Other,8360.97
500815,101244,1110,8,5,8,2025-05-15,Closed,Bodily Injury,1574.87
500816,101246,83,10,3,25,2025-06-05,Closed,Theft,18425.06
500817,101248,1215,1,2,12,2025-03-27,Open,Theft,5175.83
500818,101249,216,11,8,5,2023-05-14,Closed,Other,9337.03
500819,101249,216,11,8,5,2023-09-26,Open,Liability,3683.93
500820,101249,216,11,8,5,2023-05-24,Closed,Other,1353.61
500821,101250,1195,9,5,21,2025-03-13,Closed,Business Interruption,11200.1
500822,101250,1195,9,5,21,2024-11-18,Closed,Bodily Injury,3379.0
500823,101250,1195,9,5,21,2024-11-05,Closed,Theft,2226.09
500824,101252,213,9,3,31,2024-10-22,Closed,Bodily Injury,1296.56
500825,101254,778,4,8,1,2025-09-27,Closed,Liability,13859.45
500826,101254,778,4,8,1,2025-06-20,Closed,Property Damage,1714.96
500827,101255,1008,3,7,16,2024-02-01,Closed,Theft,6634.23
500828,101258,949,3,7,7,2024-11-16,Closed,Property Damage,17457.29
500829,101258,949,3,7,7,2024-10-24,Closed,Bodily Injury,2887.47
500830,101259,969,6,7,17,2024-10-20,Closed,Liability,1188.7
500831,101261,907,2,8,29,2024-08-14,Closed,Bodily Injury,6088.3
500832,101261,907,2,8,29,2025-01-25,Closed,Other,5208.7
500833,101261,907,2,8,29,2024-11-08,Closed,Property Damage,21680.83
500834,101262,1417,7,7,2,2025-05-07,Open,Bodily Injury,11434.25
500835,101262,1417,7,7,2,2025-05-14,Closed,Theft,6768.44
500836,101263,1180,10,7,36,2022-10-03,Pending,Bodily Injury,3387.28
500837,101265,1369,7,2,18,2024-07-15,Closed,Other,3208.43
500838,101265,1369,7,2,18,2025-02-15,Closed,Business Interruption,31394.66
500839,101266,1025,8,3,40,2025-05-07,Pending,Other,1310.9
500840,101269,1382,9,1,1,2025-10-11,Open,Theft,3267.47
500841,101269,1382,9,1,1,2025-07-17,Open,Business Interruption,1904.25
500842,101270,315,1,1,29,2025-06-09,Closed,Liability,1821.19
500843,101270,315,1,1,29,2025-04-18,Closed,Property Damage,2378.49
500844,101271,146,3,2,4,2024-04-19,Closed,Bodily Injury,4456.71
500845,101272,677,4,8,25,2023-08-30,Closed,Business Interruption,8658.31
500846,101274,860,3,6,32,2024-09-11,Closed,Bodily Injury,1556.19
500847,101275,989,10,3,5,2022-07-25,Closed,Liability,3995.17
500848,101276,1499,12,6,36,2024-11-08,Closed,Business Interruption,2007.09
500849,101277,1139,12,7,20,2024-08-28,Closed,Liability,1629.4
500850,101280,1,3,5,2,2025-04-20,Closed,Property Damage,2014.75
500851,101281,593,10,3,13,2024-05-11,Closed,Liability,3866.98
500852,101282,526,3,6,29,2024-02-07,Open,Business Interruption,10215.99
500853,101287,391,8,8,20,2025-05-01,Open,Theft,8704.3
500854,101291,1230,7,8,35,2024-06-04,Closed,Theft,4026.93
500855,101291,1230,7,8,35,2024-03-06,Closed,Other,4049.98
500856,101292,215,8,8,16,2025-04-14,Closed,Other,5730.62
500857,101297,752,12,2,26,2024-09-21,Closed,Liability,8779.36
500858,101298,469,7,8,38,2022-10-06,Open,Bodily Injury,5050.0
500859,101301,1329,6,7,24,2022-07-22,Closed,Business Interruption,1645.04
500860,101302,356,9,2,2,2025-04-27,Closed,Other,15032.41
500861,101304,486,10,3,33,2024-03-31,Open,Property Damage,3771.89
500862,101305,691,1,1,34,2022-09-10,Closed,Theft,2864.58
500863,101306,1291,6,4,31,2022-12-11,Closed,Bodily Injury,56980.33
500864,101306,1291,6,4,31,2022-08-09,Closed,Other,8494.61
500865,101306,1291,6,4,31,2023-01-12,Open,Bodily Injury,8864.46
500866,101308,376,12,8,21,2024-06-17,Open,Property Damage,5849.76
500867,101310,1447,11,7,20,2023-09-04,Pending,Theft,12201.81
500868,101312,460,3,4,34,2025-05-20,Closed,Business Interruption,1444.17
500869,101314,36,10,8,17,2023-06-05,Closed,Theft,4385.14
500870,101315,830,12,7,16,2023-12-07,Closed,Property Damage,6414.56
500871,101316,383,8,6,7,2023-03-22,Closed,Bodily Injury,2205.69
500872,101317,1274,8,6,2,2025-09-12,Closed,Liability,19570.41
500873,101317,1274,8,6,2,2024-11-07,Closed,Theft,1966.56
500874,101319,953,7,2,10,2025-03-19,Pending,Property Damage,1813.61
500875,101323,700,5,4,23,2023-03-04,Closed,Theft,3370.03
500876,101323,700,5,4,23,2022-11-03,Open,Property Damage,1748.4
500877,101324,940,8,1,8,2025-06-08,Closed,Other,984.3
500878,101329,47,4,7,23,2023-10-20,Closed,Business Interruption,4526.36
500879,101333,1308,11,7,27,2022-07-14,Open,Liability,3143.44
500880,101333,1308,11,7,27,2022-09-29,Open,Property Damage,7064.33
500881,101335,239,5,6,14,2022-11-06,Closed,Property Damage,1623.99
500882,101339,999,6,7,39,2023-08-02,Open,Theft,9932.69
500883,101341,132,12,1,16,2023-11-30,Closed,Theft,3627.76
500884,101342,703,7,8,9,2023-04-13,Closed,Business Interruption,3957.67
500885,101346,166,7,8,26,2022-12-31,Closed,Property Damage,11930.74
500886,101347,307,2,2,5,2023-11-27,Closed,Bodily Injury,16887.3
500887,101348,1472,1,7,12,2024-08-07,Pending,Liability,6580.6
500888,101348,1472,1,7,12,2025-04-08,Rejected,Bodily Injury,7200.06
500889,101350,265,4,6,10,2023-10-03,Closed,Property Damage,1507.13
500890,101352,290,8,4,18,2023-09-28,Pending,Business Interruption,921.68
500891,101355,929,9,7,7,2023-02-14,Closed,Bodily Injury,5132.09
500892,101356,856,5,7,32,2024-05-16,Closed,Liability,6431.6
500893,101358,666,11,3,2,2025-03-19,Closed,Liability,12611.89
500894,101358,666,11,3,2,2025-05-20,Open,Other,1419.57
500895,101362,645,1,8,17,2024-07-30,Open,Other,4782.74
500896,101364,1011,3,4,24,2024-10-09,Closed,Property Damage,4936.13
500897,101370,460,5,7,36,2025-03-04,Closed,Theft,2294.75
500898,101371,206,5,1,5,2024-06-06,Closed,Other,5575.9
500899,101371,206,5,1,5,2024-06-10,Closed,Property Damage,1317.05
500900,101372,298,8,7,20,2022-05-08,Closed,Theft,1668.31
500901,101376,1216,9,1,20,2025-09-23,Closed,Liability,3144.13
500902,101377,1095,2,3,34,2024-03-14,Closed,Liability,9809.61
500903,101377,1095,2,3,34,2024-07-11,Rejected,Property Damage,1923.13
500904,101379,714,1,5,32,2024-02-09,Open,Liability,8683.1
500905,101380,1263,2,8,25,2025-09-14,Open,Business Interruption,2912.57
500906,101381,1222,9,4,24,2023-06-22,Closed,Liability,1617.32
500907,101383,1257,10,1,40,2023-10-23,Pending,Business Interruption,2700.45
500908,101383,1257,10,1,40,2023-09-21,Open,Other,13176.2
500909,101383,1257,10,1,40,2024-04-25,Open,Other,3368.27
500910,101384,521,2,8,10,2023-01-31,Open,Other,4865.8
500911,101385,621,2,3,38,2023-09-09,Rejected,Liability,6051.65
500912,101385,621,2,3,38,2023-07-07,Open,Business Interruption,355.21
500913,101386,1260,12,4,40,2024-08-03,Closed,Liability,5143.37
500914,101393,720,4,8,3,2025-07-02,Closed,Bodily Injury,1548.14
500915,101393,720,4,8,3,2025-11-17,Open,Property Damage,22720.2
500916,101393,720,4,8,3,2025-02-19,Closed,Liability,3340.52
500917,101394,555,7,3,2,2023-03-16,Open,Property Damage,3199.5
500918,101394,555,7,3,2,2023-12-18,Closed,Theft,2217.32
500919,101396,2,3,1,8,2024-05-21,Closed,Other,29609.77
500920,101398,1443,5,1,38,2023-08-07,Closed,Bodily Injury,1039.63
500921,101398,1443,5,1,38,2022-11-11,Pending,Bodily Injury,5822.99
500922,101398,1443,5,1,38,2023-01-15,Rejected,Business Interruption,1280.39
500923,101399,996,3,2,12,2025-03-23,Open,Bodily Injury,5583.71
500924,101400,825,4,2,33,2023-06-27,Open,Other,4090.59
500925,101401,23,2,6,39,2022-12-08,Pending,Other,2100.69
500926,101403,653,10,6,38,2025-03-27,Open,Business Interruption,15904.03
500927,101403,653,10,6,38,2025-01-17,Open,Other,575.04
500928,101405,62,7,1,6,2022-07-21,Pending,Property Damage,8112.94
500929,101407,867,8,1,15,2022-12-22,Closed,Other,3417.72
500930,101408,436,12,1,23,2025-01-08,Closed,Property Damage,7605.36
500931,101409,82,8,4,32,2024-03-01,Rejected,Business Interruption,2620.47
500932,101414,1007,11,8,38,2023-11-13,Closed,Liability,11609.84
500933,101415,202,5,6,16,2023-01-07,Closed,Property Damage,2537.7
500934,101416,683,8,4,35,2023-10-22,Closed,Business Interruption,3709.39
500935,101417,1334,3,4,3,2022-09-16,Closed,Bodily Injury,13222.94
500936,101420,97,8,5,10,2023-01-25,Closed,Theft,2727.75
500937,101421,497,2,1,4,2023-02-26,Open,Business Interruption,3332.19
500938,101422,526,11,8,24,2023-09-08,Open,Theft,3542.68
500939,101423,927,12,5,6,2023-11-26,Closed,Liability,4473.28
500940,101424,265,6,7,3,2023-01-26,Closed,Business Interruption,11381.28
500941,101424,265,6,7,3,2023-07-14,Closed,Property Damage,5565.47
500942,101428,1319,6,8,24,2023-06-15,Closed,Property Damage,17375.88
500943,101432,500,10,8,12,2024-04-20,Pending,Theft,2807.68
500944,101432,500,10,8,12,2024-02-19,Closed,Business Interruption,46455.1
500945,101433,518,10,2,23,2024-10-29,Closed,Bodily Injury,7603.21
500946,101434,1006,2,1,10,2026-01-02,Closed,Bodily Injury,8989.75
500947,101435,440,3,4,26,2022-11-06,Closed,Liability,26519.48
500948,101436,224,5,7,38,2024-09-20,Closed,Business Interruption,1640.42
500949,101437,389,3,8,27,2025-03-28,Closed,Other,11860.72
500950,101437,389,3,8,27,2025-02-01,Closed,Liability,3455.25
500951,101438,1395,5,7,16,2023-11-28,Closed,Property Damage,9973.62
500952,101439,389,7,5,18,2025-08-18,Closed,Theft,1925.44
500953,101441,944,2,4,29,2024-12-31,Closed,Business Interruption,3697.23
500954,101444,263,8,7,29,2023-01-10,Closed,Other,3838.49
500955,101444,263,8,7,29,2022-05-19,Closed,Liability,3546.81
500956,101445,1387,4,3,27,2024-08-22,Pending,Property Damage,10846.44
500957,101445,1387,4,3,27,2025-01-23,Closed,Liability,13430.88
500958,101445,1387,4,3,27,2024-05-18,Closed,Property Damage,1217.02
500959,101446,1400,4,2,5,2023-10-29,Closed,Liability,6250.2
500960,101448,371,3,5,3,2023-12-16,Pending,Liability,8545.84
500961,101448,371,3,5,3,2024-01-23,Closed,Business Interruption,1313.79
500962,101448,371,3,5,3,2023-10-18,Closed,Property Damage,8553.28
500963,101449,925,11,3,26,2025-08-17,Closed,Other,4876.1
500964,101459,1220,9,1,40,2024-02-07,Closed,Property Damage,13170.7
500965,101463,520,12,2,24,2023-11-11,Pending,Theft,5485.13
500966,101467,7,7,5,8,2024-02-12,Closed,Business Interruption,1103.98
500967,101469,162,2,3,25,2023-12-03,Closed,Property Damage,1045.4
500968,101469,162,2,3,25,2023-01-28,Closed,Other,945.29
500969,101470,1474,12,7,28,2023-10-11,Open,Bodily Injury,3535.67
500970,101470,1474,12,7,28,2023-09-20,Closed,Business Interruption,3997.22
500971,101470,1474,12,7,28,2023-03-22,Closed,Business Interruption,3052.14
500972,101474,1277,4,1,25,2025-02-14,Pending,Other,2562.34
500973,101475,1085,8,8,38,2024-03-18,Pending,Property Damage,638.48
500974,101477,703,8,7,2,2024-01-11,Closed,Property Damage,11704.03
500975,101477,703,8,7,2,2024-09-28,Open,Theft,6683.18
500976,101477,703,8,7,2,2024-11-06,Open,Theft,3484.1
500977,101478,1048,3,4,31,2024-05-30,Closed,Liability,7567.72
500978,101480,577,11,3,2,2024-01-31,Closed,Theft,5241.38
500979,101480,577,11,3,2,2024-08-30,Closed,Property Damage,1204.23
500980,101480,577,11,3,2,2024-03-25,Closed,Liability,9817.73
500981,101481,892,6,7,6,2024-11-20,Closed,Business Interruption,3526.76
500982,101482,487,5,1,13,2023-07-21,Closed,Theft,14797.17
500983,101482,487,5,1,13,2023-07-31,Closed,Property Damage,8982.53
500984,101482,487,5,1,13,2024-04-25,Pending,Theft,1709.02
500985,101483,1430,4,8,8,2024-08-26,Closed,Business Interruption,2629.32
500986,101487,673,12,1,4,2023-01-25,Closed,Theft,2194.38
500987,101487,673,12,1,4,2022-11-22,Open,Other,3136.68
500988,101487,673,12,1,4,2022-10-26,Pending,Business Interruption,5866.47
500989,101490,853,8,3,14,2025-03-17,Closed,Theft,1766.58
500990,101492,442,6,7,29,2022-12-23,Rejected,Theft,4408.0
500991,101492,442,6,7,29,2022-07-24,Open,Other,12210.98
500992,101494,735,2,5,5,2025-02-20,Pending,Business Interruption,1854.53
500993,101496,921,11,4,29,2023-08-11,Closed,Bodily Injury,491.41
500994,101496,921,11,4,29,2023-03-16,Closed,Bodily Injury,3122.97
500995,101496,921,11,4,29,2023-04-28,Closed,Property Damage,5039.72
500996,101497,618,2,8,11,2023-06-05,Rejected,Liability,2392.69
500997,101497,618,2,8,11,2023-07-25,Closed,Other,10538.86
500998,101502,877,11,2,10,2025-01-19,Closed,Other,1637.11
500999,101502,877,11,2,10,2024-06-14,Rejected,Liability,19304.62
501000,101503,863,3,8,31,2023-01-07,Closed,Theft,4275.59
501001,101503,863,3,8,31,2022-11-19,Open,Other,33884.38
501002,101505,1370,5,1,1,2022-03-19,Closed,Liability,2677.95
501003,101506,855,4,2,9,2025-05-05,Pending,Theft,497.37
501004,101507,364,9,7,25,2025-04-23,Closed,Theft,3418.52
501005,101510,1373,5,4,29,2024-11-25,Pending,Theft,1183.73
501006,101512,621,6,4,3,2024-09-27,Open,Other,5993.81
501007,101513,271,7,2,31,2024-05-24,Open,Other,7525.59
501008,101513,271,7,2,31,2023-12-11,Open,Theft,2753.03
501009,101514,862,4,5,32,2022-10-16,Closed,Theft,22902.73
501010,101514,862,4,5,32,2022-10-13,Closed,Other,2101.99
501011,101516,713,2,8,21,2023-03-21,Closed,Bodily Injury,5964.72
501012,101516,713,2,8,21,2023-11-01,Pending,Other,2260.13
501013,101518,798,1,3,19,2023-07-01,Closed,Business Interruption,3702.45
501014,101519,617,8,8,10,2024-05-11,Closed,Theft,3113.41
501015,101520,101,2,5,17,2023-08-15,Closed,Theft,2764.25
501016,101521,435,7,2,6,2025-03-13,Closed,Liability,12399.86
501017,101528,835,5,6,11,2023-04-17,Pending,Theft,9215.27
501018,101528,835,5,6,11,2023-05-24,Open,Property Damage,1762.15
501019,101529,101,10,3,10,2023-05-10,Open,Bodily Injury,2444.71
501020,101532,897,2,4,28,2024-01-19,Closed,Business Interruption,17714.18
501021,101532,897,2,4,28,2023-07-16,Pending,Bodily Injury,2530.59
501022,101532,897,2,4,28,2023-09-12,Closed,Liability,2215.52
501023,101536,1064,8,4,20,2022-05-19,Closed,Theft,12040.29
501024,101538,71,6,8,16,2023-10-22,Closed,Property Damage,27037.35
501025,101538,71,6,8,16,2024-01-14,Closed,Property Damage,2520.59
501026,101540,1067,10,3,31,2022-02-15,Open,Other,5362.01
501027,101541,1177,9,6,34,2025-06-02,Closed,Business Interruption,3206.56
501028,101542,431,11,4,13,2024-07-25,Rejected,Liability,5791.2
501029,101544,978,10,4,9,2023-10-08,Closed,Bodily Injury,2318.4
501030,101546,941,3,4,22,2025-06-25,Open,Bodily Injury,9142.44
501031,101547,1308,2,4,29,2024-05-20,Closed,Property Damage,6394.07
501032,101547,1308,2,4,29,2024-10-03,Closed,Theft,1639.43
501033,101547,1308,2,4,29,2023-12-30,Closed,Bodily Injury,8072.39
501034,101548,341,2,7,11,2023-07-19,Closed,Property Damage,6451.4
501035,101549,226,12,2,9,2023-10-21,Open,Other,7115.42
501036,101550,661,3,2,2,2024-08-27,Closed,Business Interruption,2433.16
501037,101552,1254,10,5,3,2023-07-03,Closed,Property Damage,13736.52
501038,101554,909,11,5,28,2024-05-05,Open,Business Interruption,7825.04
501039,101559,417,1,2,36,2024-11-06,Closed,Theft,4727.38
501040,101560,468,11,8,6,2023-07-19,Closed,Other,4881.94
501041,101560,468,11,8,6,2023-02-25,Rejected,Liability,8535.88
501042,101560,468,11,8,6,2023-08-13,Open,Other,1561.11
501043,101562,963,7,7,33,2022-06-07,Closed,Bodily Injury,10309.32
501044,101562,963,7,7,33,2023-03-15,Closed,Business Interruption,5162.2
501045,101566,16,7,7,40,2025-09-22,Closed,Business Interruption,6315.87
501046,101567,1318,8,4,10,2024-09-11,Closed,Business Interruption,214.64
501047,101567,1318,8,4,10,2024-05-31,Closed,Bodily Injury,10022.13
501048,101568,912,2,8,23,2024-01-28,Open,Business Interruption,5587.86
501049,101570,1103,1,3,10,2022-01-28,Closed,Liability,2552.64
501050,101571,927,12,3,31,2022-08-07,Closed,Bodily Injury,12243.82
501051,101572,1154,12,5,20,2025-12-13,Open,Theft,12391.82
501052,101573,122,6,4,8,2022-11-17,Closed,Property Damage,1325.33
501053,101574,89,6,3,14,2022-10-16,Open,Theft,1811.18
501054,101578,632,5,1,5,2024-06-23,Closed,Theft,2337.82
501055,101579,1088,8,1,10,2024-01-28,Closed,Property Damage,1009.81
501056,101580,270,5,6,35,2025-02-03,Closed,Liability,1499.26
501057,101580,270,5,6,35,2025-05-25,Rejected,Business Interruption,10375.73
501058,101581,1460,8,1,36,2024-03-08,Closed,Other,13035.95
501059,101581,1460,8,1,36,2024-05-03,Open,Theft,3494.63
501060,101583,226,3,1,29,2025-02-26,Closed,Property Damage,3745.51
501061,101584,107,1,5,35,2024-05-13,Closed,Theft,486.64
501062,101587,629,3,4,36,2023-08-07,Open,Property Damage,8786.56
501063,101590,394,7,4,21,2026-02-04,Closed,Bodily Injury,3636.27
501064,101590,394,7,4,21,2025-08-16,Open,Other,19240.21
501065,101593,736,6,7,6,2025-08-21,Closed,Business Interruption,3508.42
501066,101595,272,6,8,31,2023-08-18,Closed,Business Interruption,9848.67
501067,101595,272,6,8,31,2023-10-31,Rejected,Liability,4246.15
501068,101595,272,6,8,31,2023-09-28,Open,Other,18884.99
501069,101598,588,4,4,12,2023-03-16,Closed,Theft,12277.56
501070,101601,946,2,6,30,2024-07-12,Closed,Theft,23190.45
501071,101602,1176,3,2,35,2024-04-30,Rejected,Business Interruption,1953.36
501072,101604,564,9,6,19,2024-08-28,Closed,Bodily Injury,8915.91
501073,101606,935,11,1,28,2025-01-17,Open,Other,2863.87
501074,101606,935,11,1,28,2025-07-24,Closed,Bodily Injury,396.85
501075,101607,1233,12,8,32,2025-03-27,Closed,Property Damage,12755.15
501076,101608,342,11,6,39,2024-04-24,Closed,Business Interruption,2527.45
501077,101609,1155,6,4,15,2024-09-16,Closed,Liability,954.42
501078,101611,1237,8,3,13,2022-07-30,Closed,Property Damage,3177.63
501079,101614,652,12,3,1,2022-07-13,Rejected,Property Damage,7503.77
501080,101616,275,10,1,5,2023-01-29,Open,Liability,764.68
501081,101620,668,4,3,13,2025-01-13,Closed,Business Interruption,4075.3
501082,101621,1101,3,6,28,2024-12-10,Pending,Bodily Injury,16972.42
501083,101622,887,4,5,17,2024-10-22,Open,Property Damage,1993.46
501084,101622,887,4,5,17,2024-05-26,Pending,Bodily Injury,8722.18
501085,101623,284,9,2,15,2023-03-26,Closed,Liability,10139.73
501086,101627,1442,10,1,9,2024-02-09,Open,Theft,4490.54
501087,101627,1442,10,1,9,2023-12-10,Open,Bodily Injury,2847.42
501088,101630,1368,12,4,28,2025-03-15,Open,Business Interruption,4532.12
501089,101630,1368,12,4,28,2025-05-17,Closed,Theft,18655.8
501090,101630,1368,12,4,28,2025-02-21,Closed,Property Damage,5696.25
501091,101631,1193,9,2,25,2024-06-20,Pending,Business Interruption,4963.13
501092,101632,1200,7,1,1,2025-09-21,Open,Theft,55698.19
501093,101632,1200,7,1,1,2025-09-10,Closed,Liability,968.01
501094,101633,239,11,3,32,2024-09-10,Pending,Theft,15783.21
501095,101635,1175,7,2,38,2025-02-11,Closed,Theft,697.33
501096,101637,1113,10,1,11,2022-12-07,Open,Property Damage,2512.77
501097,101638,628,10,3,29,2023-10-06,Closed,Business Interruption,5725.39
501098,101640,24,9,7,24,2024-01-23,Closed,Other,1549.02
501099,101641,437,9,1,14,2024-09-16,Closed,Liability,4937.17
501100,101642,793,2,6,27,2024-12-10,Pending,Business Interruption,20635.1
501101,101646,315,8,4,38,2024-03-12,Closed,Business Interruption,1921.01
501102,101647,1490,5,2,5,2023-07-29,Pending,Theft,15326.08
501103,101647,1490,5,2,5,2023-06-20,Closed,Bodily Injury,1472.92
501104,101653,529,9,8,32,2023-06-18,Pending,Theft,878.73
501105,101656,1249,2,3,1,2023-07-07,Closed,Property Damage,803.06
501106,101660,1304,3,6,27,2025-03-11,Open,Theft,8529.38
501107,101660,1304,3,6,27,2025-08-23,Closed,Liability,7771.19
501108,101660,1304,3,6,27,2025-10-31,Open,Property Damage,4952.88
501109,101661,1027,2,4,6,2023-05-14,Open,Property Damage,5425.11
501110,101661,1027,2,4,6,2023-03-08,Closed,Property Damage,956.49
501111,101663,946,9,3,19,2023-11-09,Open,Property Damage,4859.99
501112,101665,344,2,4,31,2022-09-19,Closed,Business Interruption,14075.2
501113,101670,248,12,4,23,2024-04-06,Closed,Other,3970.52
501114,101670,248,12,4,23,2024-09-29,Rejected,Theft,10377.63
501115,101672,868,2,4,37,2024-12-14,Pending,Property Damage,1014.74
501116,101672,868,2,4,37,2025-06-21,Open,Theft,3807.75
501117,101673,431,4,5,12,2022-10-09,Open,Other,2520.46
501118,101678,1302,10,4,11,2023-12-19,Open,Other,12371.57
501119,101678,1302,10,4,11,2024-07-06,Closed,Business Interruption,1038.36
501120,101680,560,8,1,32,2024-03-08,Closed,Property Damage,4348.56
501121,101680,560,8,1,32,2024-02-22,Closed,Other,12128.06
501122,101684,877,2,8,21,2022-03-30,Pending,Liability,1995.61
501123,101684,877,2,8,21,2023-01-17,Pending,Theft,6181.95
501124,101686,631,1,7,16,2024-08-03,Open,Other,928.34
501125,101689,1138,12,4,40,2023-09-27,Closed,Bodily Injury,5086.31
501126,101690,105,2,6,32,2023-03-15,Open,Other,3667.17
501127,101690,105,2,6,32,2023-12-10,Closed,Other,1235.14
501128,101690,105,2,6,32,2024-01-02,Closed,Theft,16380.06
501129,101691,964,6,7,26,2023-10-28,Closed,Property Damage,7202.41
501130,101693,1446,2,4,38,2023-11-20,Closed,Liability,3283.39
501131,101702,802,9,5,19,2022-11-28,Closed,Theft,5086.28
501132,101706,1125,1,4,38,2023-03-17,Closed,Bodily Injury,20434.02
501133,101708,437,8,2,39,2025-10-19,Closed,Business Interruption,8367.22
501134,101708,437,8,2,39,2025-05-27,Open,Property Damage,11357.4
501135,101713,1001,8,3,20,2024-11-26,Rejected,Business Interruption,19389.74
501136,101713,1001,8,3,20,2025-05-24,Open,Liability,674.26
501137,101713,1001,8,3,20,2025-01-19,Open,Other,523.62
501138,101717,519,7,4,2,2023-03-16,Closed,Property Damage,1326.65
501139,101718,1236,3,2,16,2023-09-21,Closed,Property Damage,1331.78
501140,101718,1236,3,2,16,2024-03-12,Closed,Business Interruption,2364.37
501141,101718,1236,3,2,16,2023-10-02,Closed,Liability,548.97
501142,101720,146,4,8,38,2025-07-11,Closed,Theft,29708.28
501143,101726,805,12,1,37,2023-01-01,Closed,Other,4578.0
501144,101727,135,4,7,35,2022-05-06,Closed,Liability,1081.76
501145,101728,622,7,7,39,2024-01-31,Rejected,Other,5842.28
501146,101729,1212,7,8,4,2023-01-26,Open,Liability,3917.96
501147,101729,1212,7,8,4,2023-05-09,Closed,Other,2239.61
501148,101730,1356,9,6,38,2025-08-01,Closed,Theft,11425.52
501149,101731,671,8,8,25,2023-03-04,Closed,Business Interruption,6690.74
501150,101732,1259,10,4,23,2025-09-12,Open,Business Interruption,10398.23
501151,101734,87,2,2,20,2023-01-31,Pending,Business Interruption,1749.95
501152,101734,87,2,2,20,2022-11-24,Closed,Other,5146.24
501153,101735,931,5,2,15,2022-03-18,Open,Theft,9182.09
501154,101736,925,8,6,40,2024-03-01,Open,Bodily Injury,1544.62
501155,101736,925,8,6,40,2024-03-05,Closed,Theft,2073.02
501156,101737,815,7,1,14,2023-08-28,Closed,Theft,5839.87
501157,101738,1159,6,8,9,2023-11-12,Open,Theft,5564.12
501158,101744,1030,11,1,28,2023-05-05,Open,Other,1806.04
501159,101745,961,7,1,32,2025-11-06,Open,Theft,7975.33
501160,101746,157,12,1,22,2023-10-07,Open,Bodily Injury,1525.65
501161,101753,195,12,1,33,2023-01-20,Closed,Property Damage,6927.22
501162,101753,195,12,1,33,2022-12-22,Closed,Theft,5064.81
501163,101753,195,12,1,33,2023-03-29,Closed,Liability,5315.03
501164,101756,151,8,2,17,2023-03-22,Open,Other,2637.9
501165,101757,1103,5,2,1,2025-01-10,Closed,Other,5485.43
501166,101757,1103,5,2,1,2024-05-11,Rejected,Bodily Injury,3668.59
501167,101757,1103,5,2,1,2024-04-27,Pending,Business Interruption,3883.55
501168,101758,1146,3,8,23,2025-07-08,Open,Theft,22147.97
501169,101758,1146,3,8,23,2026-02-01,Closed,Property Damage,1255.14
501170,101758,1146,3,8,23,2025-03-08,Closed,Business Interruption,45714.44
501171,101759,496,12,8,11,2024-09-06,Closed,Liability,9146.21
501172,101759,496,12,8,11,2024-08-06,Closed,Property Damage,29826.41
501173,101759,496,12,8,11,2024-11-16,Closed,Other,6591.36
501174,101761,463,5,1,31,2025-08-22,Closed,Business Interruption,15664.88
501175,101762,103,5,3,37,2024-04-09,Closed,Business Interruption,7566.63
501176,101766,1201,5,1,25,2022-07-31,Open,Other,5501.33
501177,101767,1162,6,8,18,2024-05-16,Pending,Liability,5012.14
501178,101768,1323,7,7,12,2023-05-24,Closed,Bodily Injury,4600.97
501179,101768,1323,7,7,12,2022-11-22,Closed,Bodily Injury,13824.83
501180,101768,1323,7,7,12,2023-06-18,Pending,Property Damage,4637.91
501181,101769,1155,1,8,29,2025-03-27,Closed,Business Interruption,2935.02
501182,101769,1155,1,8,29,2025-02-12,Open,Liability,6334.05
501183,101769,1155,1,8,29,2025-08-08,Closed,Property Damage,22870.53
501184,101771,1495,6,1,38,2024-10-23,Closed,Other,610.37
501185,101771,1495,6,1,38,2025-01-21,Closed,Liability,14748.62
501186,101773,620,5,7,18,2025-03-10,Closed,Theft,14769.89
501187,101773,620,5,7,18,2025-01-16,Rejected,Property Damage,7074.59
501188,101774,1360,6,7,22,2024-03-17,Closed,Property Damage,9893.94
501189,101775,467,5,3,37,2025-12-15,Open,Liability,4844.11
501190,101775,467,5,3,37,2026-02-25,Open,Bodily Injury,1258.35
501191,101775,467,5,3,37,2025-09-12,Rejected,Theft,3880.28
501192,101776,449,11,4,24,2024-06-20,Closed,Theft,24573.0
501193,101782,1022,7,5,7,2024-08-31,Closed,Theft,6811.8
501194,101782,1022,7,5,7,2024-03-12,Closed,Liability,26643.88
501195,101787,734,1,2,36,2023-08-31,Open,Other,6462.84
501196,101788,1429,10,3,9,2022-12-09,Closed,Other,3616.95
501197,101789,1363,5,3,14,2024-01-09,Pending,Other,4223.79
501198,101789,1363,5,3,14,2023-10-16,Rejected,Business Interruption,2504.05
501199,101791,1445,11,2,18,2022-08-09,Closed,Theft,5682.05
501200,101791,1445,11,2,18,2023-03-10,Open,Other,14080.2
501201,101795,253,2,6,16,2023-12-10,Rejected,Other,10019.38
501202,101796,572,1,8,36,2026-03-25,Closed,Business Interruption,1337.13
501203,101796,572,1,8,36,2025-05-10,Rejected,Bodily Injury,2709.54
501204,101796,572,1,8,36,2025-04-24,Closed,Bodily Injury,5997.73
501205,101797,358,3,1,22,2025-01-22,Closed,Property Damage,5805.27
501206,101800,961,12,4,29,2024-05-08,Closed,Business Interruption,652.84
501207,101803,461,2,7,22,2025-03-28,Rejected,Business Interruption,3772.04
501208,101803,461,2,7,22,2024-10-09,Pending,Liability,4671.35
501209,101804,1346,2,3,8,2023-02-15,Closed,Other,8205.5
501210,101806,1021,11,3,34,2023-08-30,Closed,Business Interruption,5813.55
501211,101806,1021,11,3,34,2023-04-23,Closed,Property Damage,9115.17
501212,101807,761,9,2,2,2022-12-14,Closed,Business Interruption,4234.52
501213,101808,102,9,5,34,2022-12-15,Open,Other,7020.35
501214,101808,102,9,5,34,2022-12-13,Closed,Liability,12880.99
501215,101811,1402,9,8,5,2025-09-07,Closed,Other,1603.02
501216,101812,1431,7,3,31,2024-04-18,Open,Property Damage,15162.58
501217,101812,1431,7,3,31,2024-03-01,Closed,Other,36997.95
501218,101816,1452,1,7,37,2023-01-27,Open,Property Damage,20465.13
501219,101819,1137,7,1,23,2023-06-23,Closed,Other,2370.85
501220,101819,1137,7,1,23,2023-03-13,Pending,Theft,22354.74
501221,101821,439,7,5,29,2025-04-09,Pending,Theft,11665.47
501222,101824,1130,6,7,39,2023-10-12,Closed,Liability,5228.9
501223,101825,293,12,3,32,2023-05-13,Closed,Bodily Injury,9854.28
501224,101825,293,12,3,32,2023-02-01,Open,Property Damage,14750.64
501225,101831,1124,9,2,24,2024-10-17,Closed,Business Interruption,3996.85
501226,101833,648,9,3,32,2023-12-28,Open,Bodily Injury,6131.32
501227,101833,648,9,3,32,2023-12-03,Closed,Other,4449.49
501228,101833,648,9,3,32,2024-04-01,Closed,Property Damage,3906.12
501229,101834,360,8,4,14,2023-01-04,Closed,Bodily Injury,2761.64
501230,101837,1023,2,4,25,2023-07-10,Closed,Liability,10209.33
501231,101838,121,8,8,23,2023-10-21,Open,Theft,639.53
501232,101839,371,9,4,23,2025-12-01,Closed,Liability,3401.87
501233,101841,516,4,6,31,2023-07-07,Open,Property Damage,7649.06
501234,101842,1117,1,6,27,2026-01-08,Closed,Business Interruption,1320.9
501235,101842,1117,1,6,27,2025-12-02,Closed,Liability,2669.13
501236,101843,515,9,2,32,2024-02-26,Closed,Property Damage,3233.6
501237,101843,515,9,2,32,2023-12-23,Closed,Other,19374.74
501238,101845,1233,6,4,29,2023-10-16,Closed,Liability,1302.23
501239,101846,705,9,2,40,2024-03-08,Closed,Business Interruption,5696.13
501240,101846,705,9,2,40,2024-10-25,Closed,Bodily Injury,1378.15
501241,101847,1027,10,2,10,2023-05-19,Pending,Theft,2616.58
501242,101848,620,7,6,23,2024-06-09,Closed,Property Damage,7309.42
501243,101850,538,11,4,21,2023-07-22,Open,Bodily Injury,6284.43
501244,101854,528,5,8,6,2022-05-24,Open,Other,10979.25
501245,101856,1120,1,7,28,2024-07-02,Open,Other,3939.91
501246,101858,1202,1,1,18,2022-11-19,Closed,Business Interruption,19731.26
501247,101859,237,7,6,17,2025-09-02,Closed,Liability,1642.61
501248,101860,1314,5,7,38,2023-06-10,Open,Liability,4583.0
501249,101860,1314,5,7,38,2023-05-20,Closed,Property Damage,655.56
501250,101860,1314,5,7,38,2023-05-17,Closed,Business Interruption,1823.76
501251,101865,483,4,6,23,2024-12-03,Pending,Business Interruption,2705.89
501252,101865,483,4,6,23,2025-05-11,Closed,Other,2656.3
501253,101865,483,4,6,23,2025-04-20,Closed,Liability,3703.49
501254,101866,336,3,5,10,2024-11-19,Closed,Bodily Injury,1486.15
501255,101867,548,2,1,27,2023-03-30,Closed,Business Interruption,4067.64
501256,101871,1002,9,2,39,2025-03-19,Closed,Theft,5692.47
501257,101872,824,10,1,34,2024-08-07,Pending,Other,6043.06
501258,101872,824,10,1,34,2025-02-19,Closed,Property Damage,2156.96
501259,101872,824,10,1,34,2024-10-30,Open,Theft,8765.96
501260,101874,1086,5,3,20,2023-09-09,Closed,Bodily Injury,3465.27
501261,101874,1086,5,3,20,2024-02-27,Open,Business Interruption,779.25
501262,101874,1086,5,3,20,2023-11-14,Closed,Other,3388.35
501263,101875,1308,11,8,5,2024-04-05,Closed,Property Damage,9312.91
501264,101875,1308,11,8,5,2024-04-10,Closed,Business Interruption,2160.81
501265,101876,132,3,8,38,2025-03-01,Open,Business Interruption,19052.31
501266,101876,132,3,8,38,2025-04-11,Pending,Theft,12969.71
501267,101878,1494,2,8,16,2023-12-04,Closed,Other,7070.19
501268,101879,1293,10,2,18,2023-03-31,Open,Liability,7317.13
501269,101879,1293,10,2,18,2022-12-01,Closed,Theft,916.83
501270,101886,366,5,4,35,2023-05-07,Closed,Property Damage,7399.42
501271,101890,1319,7,7,21,2023-08-25,Closed,Property Damage,1393.64
501272,101892,1222,10,5,19,2025-05-18,Closed,Property Damage,5542.88
501273,101893,1180,2,8,7,2024-09-02,Closed,Bodily Injury,612.74
501274,101898,1230,12,4,39,2023-11-06,Pending,Liability,12285.51
501275,101900,1037,5,7,14,2024-08-27,Closed,Liability,3804.82
501276,101903,256,4,1,3,2024-05-01,Closed,Bodily Injury,11102.41
501277,101905,1347,6,2,37,2024-10-01,Open,Liability,5834.06
501278,101905,1347,6,2,37,2024-10-28,Closed,Liability,8891.2
501279,101905,1347,6,2,37,2025-05-27,Pending,Theft,4447.56
501280,101906,1158,7,2,25,2024-06-02,Closed,Liability,14587.08
501281,101907,154,11,5,23,2024-07-19,Open,Liability,7122.06
501282,101911,910,4,6,27,2023-04-27,Closed,Theft,3728.84
501283,101911,910,4,6,27,2023-11-15,Closed,Liability,5756.15
501284,101913,779,4,2,6,2023-12-01,Closed,Bodily Injury,11749.44
501285,101913,779,4,2,6,2023-08-09,Closed,Bodily Injury,2782.44
501286,101914,990,2,6,15,2023-04-02,Closed,Liability,814.44
501287,101915,857,9,5,29,2023-02-13,Open,Bodily Injury,15005.98
501288,101917,1337,4,3,27,2023-09-25,Closed,Bodily Injury,2476.89
501289,101917,1337,4,3,27,2024-01-08,Closed,Theft,1773.01
501290,101919,1200,7,7,3,2023-02-23,Closed,Bodily Injury,1376.47
501291,101924,847,3,5,17,2024-02-26,Open,Bodily Injury,3917.74
501292,101925,924,8,4,17,2024-03-19,Closed,Business Interruption,24349.06
501293,101926,764,9,1,13,2024-12-10,Open,Business Interruption,16330.31
501294,101927,509,11,7,37,2023-07-21,Rejected,Property Damage,3148.25
501295,101928,1091,12,4,30,2025-04-01,Closed,Other,2351.23
501296,101929,1319,1,5,7,2022-09-21,Open,Business Interruption,8470.07
501297,101935,507,4,8,20,2023-09-16,Closed,Liability,10828.66
501298,101936,1133,11,6,4,2025-06-03,Pending,Theft,8842.49
501299,101939,1168,1,6,11,2024-10-18,Closed,Bodily Injury,6420.34
501300,101939,1168,1,6,11,2025-02-14,Closed,Business Interruption,2790.51
501301,101940,113,4,5,24,2024-08-29,Closed,Business Interruption,4156.54
501302,101943,762,1,8,23,2023-08-07,Closed,Theft,1393.94
501303,101945,738,2,7,15,2022-10-06,Closed,Property Damage,9784.6
501304,101949,374,12,4,14,2024-08-02,Rejected,Business Interruption,2862.85
501305,101951,629,8,7,36,2025-02-09,Closed,Theft,3152.36
501306,101951,629,8,7,36,2024-06-23,Closed,Liability,2086.21
501307,101951,629,8,7,36,2025-01-02,Open,Property Damage,3500.22
501308,101953,502,2,8,12,2025-08-25,Closed,Liability,14601.17
501309,101955,472,5,2,25,2025-10-11,Closed,Business Interruption,1110.63
501310,101956,616,12,1,16,2023-07-21,Closed,Bodily Injury,1602.28
501311,101960,1269,12,3,5,2024-10-16,Closed,Business Interruption,9236.89
501312,101963,173,3,3,17,2025-05-09,Pending,Bodily Injury,1684.25
501313,101964,261,5,6,14,2022-10-13,Pending,Liability,5996.83
501314,101966,550,1,4,39,2022-11-13,Closed,Liability,6268.08
501315,101967,745,12,6,17,2025-06-16,Pending,Liability,22597.19
501316,101967,745,12,6,17,2024-11-05,Open,Property Damage,5094.03
501317,101968,238,12,5,13,2023-12-17,Open,Bodily Injury,9137.8
501318,101969,711,7,4,35,2024-05-06,Closed,Bodily Injury,3276.13
501319,101969,711,7,4,35,2024-01-27,Closed,Bodily Injury,7919.2
501320,101969,711,7,4,35,2023-07-05,Open,Theft,13261.92
501321,101970,1031,11,5,4,2024-11-10,Open,Liability,1283.49
501322,101972,373,1,1,21,2024-04-03,Closed,Other,26504.44
501323,101973,517,9,5,1,2022-08-03,Open,Theft,2716.48
501324,101973,517,9,5,1,2022-04-19,Closed,Liability,5136.93
501325,101974,789,1,1,10,2023-04-23,Pending,Bodily Injury,10116.48
501326,101975,777,10,8,28,2025-02-27,Closed,Bodily Injury,985.22
501327,101978,1007,4,5,27,2023-12-19,Pending,Bodily Injury,10470.15
501328,101980,448,11,1,28,2023-07-18,Open,Liability,2391.56
501329,101981,1235,7,8,29,2023-02-07,Closed,Property Damage,6305.68
501330,101984,981,10,5,29,2023-10-02,Closed,Bodily Injury,1856.08
501331,101986,825,7,6,13,2024-05-27,Closed,Liability,10247.88
501332,101986,825,7,6,13,2024-07-22,Closed,Business Interruption,6678.86
501333,101988,145,5,7,40,2025-10-21,Open,Property Damage,4529.28
501334,101991,1331,8,7,21,2022-08-30,Pending,Property Damage,18914.09
501335,101992,769,12,5,24,2024-12-29,Closed,Other,9635.68
501336,101993,1327,9,1,21,2022-07-15,Closed,Business Interruption,5723.31
501337,101994,711,8,5,35,2022-06-03,Closed,Theft,10403.85
501338,101994,711,8,5,35,2022-06-30,Pending,Property Damage,7286.3
501339,101994,711,8,5,35,2022-05-28,Open,Other,4090.0
501340,101995,114,4,6,18,2024-10-18,Closed,Other,2929.56
501341,101996,298,6,3,24,2022-09-09,Closed,Liability,2595.46
501342,101996,298,6,3,24,2022-12-07,Closed,Other,21644.52
501343,101998,566,5,1,23,2022-09-08,Open,Theft,1292.41
501344,102002,407,10,7,28,2025-08-26,Closed,Liability,18724.9
501345,102010,1413,4,4,3,2024-05-10,Open,Business Interruption,2072.3
501346,102010,1413,4,4,3,2024-06-02,Closed,Property Damage,3681.14
501347,102010,1413,4,4,3,2024-04-13,Closed,Property Damage,8884.3
501348,102011,1314,7,3,28,2023-05-04,Closed,Bodily Injury,5991.06
501349,102012,330,9,7,27,2024-03-24,Closed,Liability,4588.16
501350,102015,1441,5,6,37,2024-03-07,Closed,Other,4437.91
501351,102015,1441,5,6,37,2024-05-19,Open,Property Damage,6903.3
501352,102016,1179,8,1,18,2025-05-08,Pending,Theft,1099.97
501353,102017,1021,1,1,29,2024-01-03,Closed,Theft,7470.08
501354,102020,1296,12,5,4,2024-05-03,Pending,Liability,15701.66
501355,102020,1296,12,5,4,2024-06-04,Rejected,Property Damage,8420.55
501356,102020,1296,12,5,4,2024-06-29,Open,Property Damage,7657.62
501357,102022,36,7,3,27,2024-09-12,Open,Bodily Injury,2741.27
501358,102022,36,7,3,27,2024-08-30,Closed,Other,5446.76
501359,102028,1232,12,3,7,2022-11-29,Closed,Property Damage,4971.54
501360,102029,1263,9,7,7,2025-09-11,Closed,Property Damage,12089.5
501361,102033,670,5,5,32,2024-08-03,Closed,Business Interruption,3775.5
501362,102033,670,5,5,32,2024-06-05,Open,Theft,3559.38
501363,102034,832,4,5,18,2025-04-10,Open,Business Interruption,6177.13
501364,102036,379,11,1,15,2024-03-11,Pending,Theft,12697.11
501365,102038,903,10,3,16,2023-07-12,Closed,Property Damage,3652.11
501366,102041,432,2,1,27,2025-01-13,Closed,Business Interruption,3628.23
501367,102042,970,9,6,5,2024-07-15,Closed,Bodily Injury,2812.85
501368,102044,1102,5,5,18,2024-04-30,Closed,Bodily Injury,63770.97
501369,102045,1488,4,1,12,2023-06-22,Open,Property Damage,16443.14
501370,102046,1010,5,7,27,2024-10-05,Closed,Theft,3068.61
501371,102048,499,10,3,20,2023-01-10,Closed,Liability,6794.23
501372,102049,556,5,4,17,2025-07-23,Closed,Property Damage,7383.23
501373,102050,1240,4,6,7,2024-05-16,Pending,Bodily Injury,11663.33
501374,102051,704,7,4,39,2023-07-15,Rejected,Theft,32410.12
501375,102052,1074,9,7,15,2024-12-03,Pending,Other,12101.89
501376,102053,187,3,8,2,2025-12-16,Closed,Liability,2895.5
501377,102055,324,12,1,39,2024-04-07,Closed,Bodily Injury,4235.71
501378,102057,911,7,2,26,2024-12-19,Closed,Theft,18723.86
501379,102058,956,4,8,37,2025-04-14,Closed,Business Interruption,32523.19
501380,102059,837,4,8,4,2024-04-09,Closed,Property Damage,6815.13
501381,102061,866,6,1,13,2023-12-25,Closed,Property Damage,30419.2
501382,102067,167,5,7,20,2024-08-24,Open,Liability,3005.69
501383,102068,717,1,2,13,2022-09-26,Pending,Business Interruption,13227.21
501384,102070,912,12,8,15,2024-08-20,Closed,Theft,4074.2
501385,102070,912,12,8,15,2024-04-05,Closed,Liability,1542.61
501386,102070,912,12,8,15,2024-07-10,Closed,Liability,1683.32
501387,102074,1069,1,3,4,2025-05-19,Closed,Property Damage,3022.98
501388,102075,1475,5,2,39,2024-05-31,Closed,Business Interruption,1333.74
501389,102076,422,11,2,32,2025-07-31,Rejected,Bodily Injury,5339.87
501390,102076,422,11,2,32,2025-09-17,Closed,Business Interruption,4002.41
501391,102077,308,6,7,38,2024-03-02,Closed,Property Damage,8814.13
501392,102078,468,7,4,10,2024-12-24,Pending,Liability,406.46
501393,102079,322,7,3,12,2025-06-07,Rejected,Property Damage,4149.03
501394,102080,336,9,4,12,2024-11-16,Closed,Liability,4356.16
501395,102080,336,9,4,12,2024-04-12,Closed,Property Damage,5774.46
501396,102084,1440,7,8,39,2024-02-02,Closed,Property Damage,865.16
501397,102085,537,5,1,15,2023-01-23,Closed,Theft,689.68
501398,102085,537,5,1,15,2023-06-17,Closed,Liability,3858.23
501399,102085,537,5,1,15,2023-01-06,Closed,Liability,7282.46
501400,102086,739,2,4,32,2024-07-04,Closed,Other,7777.91
501401,102086,739,2,4,32,2024-07-22,Closed,Theft,1169.23
501402,102086,739,2,4,32,2023-10-12,Closed,Business Interruption,19124.8
501403,102094,1265,7,2,20,2024-09-14,Open,Bodily Injury,1641.01
501404,102094,1265,7,2,20,2025-01-07,Closed,Bodily Injury,8707.73
501405,102094,1265,7,2,20,2024-08-17,Pending,Other,4461.42
501406,102096,128,5,1,7,2025-04-25,Closed,Property Damage,6556.0
501407,102096,128,5,1,7,2025-05-26,Open,Theft,6723.27
501408,102098,1450,1,6,14,2024-02-24,Closed,Theft,2186.45
501409,102098,1450,1,6,14,2023-09-18,Rejected,Theft,600.18
501410,102099,1273,9,4,5,2022-04-01,Open,Theft,1861.84
501411,102100,883,11,7,12,2024-01-11,Closed,Liability,1326.49
501412,102102,777,4,5,29,2023-02-05,Closed,Theft,3135.34
501413,102104,1272,9,2,2,2023-07-25,Closed,Property Damage,37572.36
501414,102107,1050,2,2,17,2024-02-18,Open,Business Interruption,9888.41
501415,102108,1166,4,6,28,2023-07-12,Closed,Other,15177.47
501416,102111,214,5,7,29,2022-07-25,Closed,Property Damage,1136.82
501417,102113,672,12,1,10,2025-03-08,Closed,Liability,4494.37
501418,102115,1441,12,8,21,2022-09-25,Closed,Bodily Injury,4043.74
501419,102117,309,9,2,26,2025-12-22,Closed,Other,7183.15
501420,102118,1250,10,6,6,2022-12-11,Pending,Liability,475.92
501421,102119,811,11,6,14,2024-03-05,Closed,Property Damage,9106.62
501422,102119,811,11,6,14,2023-09-03,Closed,Business Interruption,9297.17
501423,102123,1174,12,6,30,2023-10-18,Pending,Bodily Injury,2827.74
501424,102124,1197,1,4,31,2024-01-28,Closed,Theft,7370.32
501425,102127,402,3,3,1,2022-06-29,Closed,Bodily Injury,8822.23
501426,102128,1323,10,5,2,2022-12-10,Closed,Property Damage,4324.13
501427,102129,839,3,7,34,2023-12-14,Closed,Property Damage,9228.96
501428,102129,839,3,7,34,2024-04-07,Closed,Bodily Injury,3535.12
501429,102135,1151,6,8,13,2022-10-17,Closed,Liability,30253.58
501430,102135,1151,6,8,13,2023-07-18,Open,Liability,11058.03
501431,102138,1442,6,3,8,2024-08-23,Closed,Property Damage,21503.04
501432,102138,1442,6,3,8,2024-07-29,Closed,Other,3253.35
501433,102139,851,3,6,8,2025-01-18,Open,Other,5497.58
501434,102139,851,3,6,8,2024-12-09,Closed,Bodily Injury,3844.82
501435,102140,158,12,3,29,2022-12-21,Pending,Other,16926.81
501436,102141,830,11,1,13,2024-04-16,Closed,Theft,1911.32
501437,102142,794,8,2,11,2025-05-10,Open,Bodily Injury,1152.76
501438,102148,892,6,5,24,2023-04-09,Open,Other,3121.32
501439,102153,1194,6,6,6,2023-11-28,Pending,Theft,4386.83
501440,102154,1304,8,5,30,2024-04-21,Closed,Other,2116.04
501441,102157,800,7,1,27,2025-06-28,Pending,Liability,4094.04
501442,102158,699,12,1,3,2025-12-15,Pending,Business Interruption,526.61
501443,102159,1054,4,4,14,2022-09-19,Open,Liability,12356.51
501444,102162,1121,12,5,33,2025-08-01,Pending,Property Damage,4093.5
501445,102163,1233,8,4,36,2023-08-05,Closed,Bodily Injury,5608.98
501446,102167,716,1,8,14,2022-07-18,Pending,Bodily Injury,4352.31
501447,102167,716,1,8,14,2022-10-23,Open,Other,3659.14
501448,102168,254,7,7,21,2024-04-09,Closed,Liability,15343.14
501449,102168,254,7,7,21,2024-03-09,Closed,Other,16102.19
501450,102170,1230,4,2,18,2024-10-27,Closed,Business Interruption,3020.56
501451,102172,1226,12,4,29,2025-12-05,Open,Bodily Injury,311.7
501452,102173,966,3,2,9,2025-09-17,Rejected,Liability,19979.14
501453,102174,1317,11,6,37,2024-08-10,Closed,Other,1734.98
501454,102174,1317,11,6,37,2024-10-28,Rejected,Other,3407.41
501455,102174,1317,11,6,37,2024-08-03,Closed,Liability,6741.15
501456,102177,172,5,3,8,2022-09-22,Closed,Liability,3358.05
501457,102177,172,5,3,8,2023-02-04,Pending,Business Interruption,2792.68
501458,102180,372,9,2,1,2023-05-04,Open,Liability,904.07
501459,102185,143,10,8,21,2024-07-12,Closed,Bodily Injury,6815.7
501460,102185,143,10,8,21,2023-11-13,Closed,Bodily Injury,560.48
501461,102185,143,10,8,21,2024-04-08,Closed,Bodily Injury,8530.95
501462,102187,343,9,2,13,2025-04-26,Open,Other,8914.51
501463,102187,343,9,2,13,2026-01-09,Closed,Property Damage,1096.01
501464,102188,829,11,5,16,2025-06-19,Closed,Theft,10734.65
501465,102188,829,11,5,16,2025-08-14,Closed,Theft,10896.61
501466,102188,829,11,5,16,2025-01-05,Rejected,Liability,11600.51
501467,102189,32,9,8,9,2024-07-03,Rejected,Theft,687.82
501468,102190,360,6,3,38,2022-08-08,Pending,Bodily Injury,6707.65
501469,102190,360,6,3,38,2022-09-16,Closed,Theft,29863.9
501470,102192,591,9,7,21,2022-07-22,Closed,Liability,2991.84
501471,102193,954,8,3,22,2022-09-30,Closed,Theft,8847.6
501472,102196,1255,5,2,15,2023-12-21,Closed,Other,33823.81
501473,102196,1255,5,2,15,2023-12-24,Closed,Business Interruption,1835.61
501474,102197,343,1,2,1,2023-06-13,Pending,Theft,1692.55
501475,102198,1040,1,5,17,2023-03-22,Closed,Bodily Injury,4608.14
501476,102198,1040,1,5,17,2023-03-15,Open,Liability,4407.55
501477,102198,1040,1,5,17,2023-02-18,Closed,Property Damage,7807.43
501478,102199,941,1,2,24,2023-10-07,Closed,Liability,8565.75
501479,102202,222,5,6,27,2024-08-06,Open,Bodily Injury,1615.9
501480,102202,222,5,6,27,2024-08-24,Closed,Property Damage,12284.59
501481,102203,563,12,4,13,2024-05-03,Open,Bodily Injury,5827.51
501482,102205,1339,5,4,13,2025-03-23,Pending,Liability,4436.45
501483,102207,708,4,4,7,2026-03-21,Closed,Other,10829.82
501484,102208,397,8,3,25,2024-03-12,Closed,Liability,8629.11
501485,102210,86,4,5,1,2022-08-25,Closed,Business Interruption,5265.51
501486,102212,1002,10,5,7,2025-07-22,Closed,Theft,2252.59
501487,102212,1002,10,5,7,2025-03-05,Pending,Property Damage,8668.68
501488,102215,1157,3,4,10,2025-11-09,Pending,Property Damage,753.18
501489,102219,359,1,3,9,2022-03-30,Open,Theft,4067.04
501490,102219,359,1,3,9,2022-04-24,Closed,Liability,8098.52
501491,102221,761,12,5,35,2025-05-18,Rejected,Property Damage,5337.63
501492,102224,69,8,6,8,2024-07-28,Closed,Other,8299.85
501493,102224,69,8,6,8,2024-07-20,Closed,Bodily Injury,1566.38
501494,102226,646,6,5,5,2025-03-03,Open,Other,6004.23
501495,102227,317,10,1,17,2025-01-17,Closed,Other,2370.42
501496,102227,317,10,1,17,2025-04-26,Closed,Theft,6170.22
501497,102227,317,10,1,17,2025-10-07,Closed,Theft,2625.85
501498,102229,1202,3,5,1,2023-04-21,Pending,Other,10468.47
501499,102231,128,8,1,40,2024-03-29,Open,Property Damage,1521.8
501500,102232,113,6,2,26,2023-02-22,Closed,Business Interruption,13975.94
501501,102237,1291,1,4,11,2025-02-05,Open,Other,14449.56
501502,102239,120,5,3,33,2023-06-21,Closed,Property Damage,9974.31
501503,102241,1476,9,1,30,2022-09-03,Closed,Business Interruption,16860.85
501504,102242,747,6,3,13,2023-08-30,Open,Property Damage,7174.61
501505,102243,238,4,2,15,2023-04-30,Closed,Business Interruption,21468.75
501506,102244,466,3,2,4,2023-03-04,Closed,Business Interruption,11586.33
501507,102246,1042,4,8,7,2023-12-29,Open,Other,10658.91
501508,102246,1042,4,8,7,2024-01-27,Closed,Business Interruption,5922.41
501509,102246,1042,4,8,7,2024-08-27,Closed,Liability,2709.17
501510,102248,361,1,2,4,2023-07-03,Open,Property Damage,2271.13
501511,102248,361,1,2,4,2023-03-05,Pending,Bodily Injury,6387.42
501512,102248,361,1,2,4,2023-04-14,Closed,Liability,2764.23
501513,102250,1160,7,2,36,2025-01-18,Closed,Business Interruption,11561.15
501514,102252,430,10,5,16,2023-01-09,Open,Theft,27128.0
501515,102255,910,6,5,33,2023-04-09,Closed,Bodily Injury,2101.08
501516,102257,446,6,5,21,2023-07-19,Pending,Property Damage,22262.59
501517,102258,579,3,6,15,2022-09-06,Closed,Business Interruption,9527.37
501518,102260,71,11,1,26,2022-09-22,Closed,Theft,8364.2
501519,102269,1018,11,6,5,2024-06-19,Closed,Other,10933.57
501520,102271,544,5,8,34,2025-02-07,Closed,Property Damage,2002.4
501521,102275,21,5,8,19,2023-05-19,Closed,Theft,56971.41
501522,102277,1360,10,8,10,2025-03-20,Closed,Theft,2283.37
501523,102280,809,6,3,40,2022-03-26,Open,Other,1279.77
501524,102283,919,8,1,40,2023-07-24,Closed,Property Damage,7092.56
501525,102284,505,3,6,34,2025-01-26,Open,Liability,3365.56
501526,102285,937,1,5,22,2024-06-15,Closed,Bodily Injury,8382.59
501527,102287,1019,7,8,8,2023-12-21,Pending,Liability,1435.13
501528,102289,856,7,8,37,2024-05-26,Pending,Property Damage,5395.08
501529,102291,606,1,1,2,2025-03-29,Closed,Business Interruption,5110.64
501530,102294,1426,2,8,30,2024-01-01,Pending,Liability,16864.54
501531,102294,1426,2,8,30,2023-10-29,Closed,Property Damage,16852.5
501532,102294,1426,2,8,30,2024-06-11,Closed,Other,2705.14
501533,102295,1431,1,7,26,2024-09-09,Open,Other,4906.44
501534,102295,1431,1,7,26,2025-01-14,Closed,Other,4411.22
501535,102296,725,6,8,6,2024-12-07,Open,Theft,1347.08
501536,102296,725,6,8,6,2024-08-19,Open,Theft,1024.65
501537,102297,970,7,5,5,2025-01-17,Closed,Other,6963.53
501538,102298,163,7,4,32,2024-11-03,Closed,Liability,13200.02
501539,102299,724,10,4,35,2025-05-10,Closed,Property Damage,3460.89
501540,102300,1032,6,8,4,2025-04-09,Open,Liability,4289.88
501541,102300,1032,6,8,4,2025-09-09,Open,Other,1925.57
501542,102300,1032,6,8,4,2025-07-19,Open,Liability,2725.13
501543,102302,1446,10,8,21,2024-04-26,Closed,Theft,3429.9
501544,102304,1362,11,5,26,2024-06-27,Open,Theft,20901.61
501545,102305,1469,3,6,37,2024-08-28,Pending,Theft,9992.62
501546,102305,1469,3,6,37,2023-10-04,Pending,Liability,5558.98
501547,102308,565,7,2,19,2023-10-04,Closed,Property Damage,3371.0
501548,102311,1405,11,5,35,2023-04-10,Closed,Theft,10224.25
501549,102314,1292,4,8,11,2023-08-05,Closed,Liability,7577.01
501550,102316,1229,10,2,22,2025-04-27,Closed,Business Interruption,9777.55
501551,102316,1229,10,2,22,2025-01-01,Closed,Liability,3023.24
501552,102317,762,6,4,23,2023-01-06,Closed,Bodily Injury,6111.88
501553,102317,762,6,4,23,2023-07-13,Closed,Liability,1395.19
501554,102320,179,4,6,32,2023-01-23,Closed,Property Damage,4768.67
501555,102320,179,4,6,32,2022-10-24,Open,Business Interruption,21082.04
501556,102322,854,11,6,10,2022-09-05,Closed,Business Interruption,5346.53
501557,102323,833,8,2,32,2023-11-04,Closed,Business Interruption,2826.32
501558,102323,833,8,2,32,2024-03-29,Closed,Liability,1296.61
501559,102324,235,11,2,8,2023-12-03,Closed,Bodily Injury,2606.22
501560,102325,765,12,8,28,2022-07-19,Closed,Theft,11475.57
501561,102326,92,6,5,19,2025-02-22,Pending,Other,7402.01
501562,102327,217,1,7,32,2025-01-18,Closed,Theft,8573.4
501563,102327,217,1,7,32,2025-02-10,Open,Liability,11664.21
501564,102331,1473,7,6,35,2023-11-23,Pending,Theft,1540.23
501565,102331,1473,7,6,35,2024-08-25,Closed,Liability,1716.24
501566,102331,1473,7,6,35,2024-10-24,Closed,Bodily Injury,2931.85
501567,102335,144,6,1,3,2025-05-22,Pending,Other,5759.31
501568,102335,144,6,1,3,2025-03-19,Closed,Property Damage,9104.55
501569,102335,144,6,1,3,2026-01-02,Open,Business Interruption,4380.17
501570,102337,580,11,2,29,2024-10-29,Open,Other,5166.53
501571,102337,580,11,2,29,2024-03-08,Closed,Other,12790.95
501572,102344,940,4,7,12,2025-04-25,Open,Property Damage,5375.21
501573,102345,811,6,4,29,2025-12-14,Closed,Liability,7506.03
501574,102346,181,8,2,3,2024-10-12,Closed,Theft,12066.59
501575,102346,181,8,2,3,2025-01-26,Closed,Business Interruption,1497.7
501576,102347,1078,4,5,15,2025-03-02,Pending,Other,5649.44
501577,102348,89,1,8,6,2024-03-09,Open,Bodily Injury,2813.38
501578,102350,235,9,8,23,2024-04-05,Closed,Liability,4509.19
501579,102351,669,2,4,26,2024-07-22,Closed,Bodily Injury,927.58
501580,102355,1056,12,8,16,2022-10-14,Pending,Liability,4669.62
501581,102355,1056,12,8,16,2022-07-25,Closed,Property Damage,1695.56
501582,102357,696,6,7,13,2024-01-09,Closed,Theft,27751.33
501583,102357,696,6,7,13,2024-07-01,Closed,Business Interruption,7630.8
501584,102357,696,6,7,13,2024-03-08,Open,Liability,5326.74
501585,102361,1099,10,7,7,2023-03-23,Closed,Other,3129.32
501586,102363,966,9,7,2,2024-07-27,Closed,Property Damage,2865.68
501587,102366,1258,9,1,3,2022-09-29,Open,Bodily Injury,20954.7
501588,102368,1307,6,5,15,2022-05-04,Closed,Bodily Injury,7769.37
501589,102368,1307,6,5,15,2023-02-03,Closed,Other,49434.29
501590,102369,1184,6,1,32,2024-06-09,Closed,Property Damage,33165.71
501591,102369,1184,6,1,32,2024-05-26,Closed,Liability,7424.22
501592,102370,228,3,5,6,2023-11-17,Closed,Other,6710.55
501593,102370,228,3,5,6,2023-12-31,Closed,Bodily Injury,6806.19
501594,102371,1090,6,1,21,2025-02-20,Closed,Theft,8722.9
501595,102373,853,8,5,10,2025-09-29,Closed,Liability,6310.45
501596,102375,309,7,1,35,2024-01-05,Closed,Other,9984.84
501597,102378,553,10,5,4,2022-02-25,Pending,Bodily Injury,14100.79
501598,102378,553,10,5,4,2022-05-22,Closed,Liability,12275.02
501599,102379,73,3,1,11,2025-04-06,Open,Property Damage,2924.03
501600,102381,390,5,4,19,2022-06-25,Open,Bodily Injury,901.0
501601,102381,390,5,4,19,2023-03-07,Pending,Liability,3392.83
501602,102381,390,5,4,19,2022-06-19,Closed,Liability,1043.01
501603,102385,1373,4,1,28,2022-09-28,Pending,Other,4725.91
501604,102385,1373,4,1,28,2022-07-22,Pending,Liability,3713.09
501605,102387,552,11,7,31,2025-02-01,Closed,Liability,9272.51
501606,102389,693,6,4,15,2025-10-01,Closed,Theft,7631.19
501607,102390,1369,9,7,39,2025-01-17,Closed,Liability,11359.83
501608,102392,427,11,2,38,2023-03-07,Closed,Liability,8224.69
501609,102396,639,3,1,10,2024-04-05,Closed,Liability,15856.62
501610,102397,606,5,2,12,2023-07-01,Pending,Liability,13111.88
501611,102398,680,9,8,34,2022-08-03,Pending,Other,19937.32
501612,102399,1197,1,7,12,2023-02-26,Closed,Property Damage,3394.72
501613,102400,9,7,8,15,2022-07-26,Closed,Business Interruption,8212.67
501614,102403,1232,10,4,27,2024-07-07,Rejected,Business Interruption,7144.67
501615,102405,1174,11,1,40,2024-03-31,Closed,Liability,2531.76
501616,102407,700,2,1,21,2023-10-03,Closed,Bodily Injury,7854.92
501617,102407,700,2,1,21,2023-09-17,Closed,Liability,880.25
501618,102407,700,2,1,21,2023-05-20,Closed,Theft,1489.34
501619,102411,859,11,8,28,2023-02-17,Closed,Business Interruption,27979.18
501620,102413,476,1,4,40,2025-10-04,Open,Other,548.94
501621,102416,754,4,2,26,2024-11-15,Closed,Other,8255.4
501622,102416,754,4,2,26,2024-04-12,Closed,Other,11522.67
501623,102417,1075,12,8,10,2025-06-01,Closed,Bodily Injury,2112.3
501624,102418,648,3,8,21,2023-10-11,Closed,Theft,1902.41
501625,102420,818,10,1,40,2025-01-19,Closed,Theft,2067.84
501626,102420,818,10,1,40,2024-06-07,Open,Other,2982.14
501627,102422,1274,5,6,39,2025-09-27,Closed,Theft,6877.95
501628,102423,1156,9,1,33,2023-12-19,Rejected,Liability,4762.35
501629,102424,338,6,1,34,2023-08-13,Closed,Theft,5070.05
501630,102425,395,2,6,7,2025-03-01,Pending,Liability,18756.6
501631,102426,42,3,2,32,2022-07-21,Closed,Liability,4749.69
501632,102427,547,9,1,11,2023-08-08,Closed,Theft,2164.38
501633,102432,856,5,6,36,2023-02-24,Closed,Other,11380.48
501634,102434,1213,12,5,1,2025-09-03,Pending,Liability,2208.88
501635,102434,1213,12,5,1,2025-11-29,Open,Business Interruption,6317.69
501636,102434,1213,12,5,1,2025-12-11,Closed,Liability,5442.6
501637,102437,1111,10,5,39,2022-05-10,Open,Business Interruption,7670.52
501638,102437,1111,10,5,39,2022-02-16,Closed,Liability,6690.37
501639,102437,1111,10,5,39,2022-09-02,Pending,Property Damage,8742.31
501640,102441,423,9,5,39,2023-02-23,Open,Property Damage,1931.76
501641,102444,603,4,6,8,2025-07-23,Rejected,Property Damage,48656.39
501642,102446,499,7,6,5,2022-06-03,Closed,Business Interruption,1417.68
501643,102446,499,7,6,5,2022-01-20,Rejected,Business Interruption,2888.45
501644,102446,499,7,6,5,2022-12-22,Closed,Property Damage,1486.9
501645,102447,1433,7,8,38,2023-12-18,Closed,Other,4060.27
501646,102448,1306,4,5,9,2024-10-13,Closed,Liability,5184.07
501647,102449,463,1,4,6,2024-04-07,Open,Liability,9012.59
501648,102449,463,1,4,6,2024-05-10,Closed,Bodily Injury,8529.59
501649,102449,463,1,4,6,2024-05-26,Closed,Theft,6315.99
501650,102453,36,5,3,8,2022-10-11,Pending,Bodily Injury,2757.18
501651,102454,434,12,1,28,2025-03-17,Closed,Business Interruption,1802.64
501652,102455,886,9,1,33,2024-11-18,Closed,Business Interruption,7237.5
501653,102456,205,6,6,10,2024-02-29,Closed,Property Damage,6777.92
501654,102461,636,12,4,36,2022-10-18,Closed,Other,3798.53
501655,102462,20,4,4,21,2024-06-02,Closed,Business Interruption,12613.21
501656,102463,42,6,3,21,2024-04-26,Closed,Theft,31106.29
501657,102464,275,4,6,35,2022-11-30,Closed,Liability,13204.38
501658,102468,786,3,5,14,2023-12-14,Closed,Business Interruption,7182.41
501659,102469,1058,12,5,4,2023-07-07,Closed,Business Interruption,7886.81
501660,102472,537,2,6,2,2024-11-11,Closed,Business Interruption,3580.75
501661,102472,537,2,6,2,2024-08-13,Closed,Liability,4613.35
501662,102473,1334,5,4,17,2023-05-29,Closed,Bodily Injury,5481.2
501663,102475,161,7,5,37,2023-01-17,Open,Theft,26989.87
501664,102475,161,7,5,37,2023-05-23,Open,Liability,3886.74
501665,102478,288,12,6,25,2023-04-22,Open,Other,2332.24
501666,102479,260,6,2,38,2024-09-25,Open,Theft,3016.47
501667,102480,50,9,1,39,2025-02-15,Closed,Property Damage,7847.85
501668,102480,50,9,1,39,2025-10-23,Rejected,Other,3591.29
501669,102481,176,5,8,26,2023-09-19,Closed,Other,2210.45
501670,102481,176,5,8,26,2023-05-23,Closed,Theft,5380.37
501671,102482,860,2,2,17,2023-02-13,Closed,Bodily Injury,1687.04
501672,102483,992,5,5,39,2025-06-22,Closed,Other,4319.75
501673,102488,1201,5,7,2,2022-06-23,Closed,Other,14447.64
501674,102490,738,4,3,10,2022-08-05,Closed,Other,3006.31
501675,102493,1276,5,8,21,2024-11-24,Closed,Business Interruption,13890.38
501676,102494,523,9,7,21,2024-08-31,Closed,Bodily Injury,3669.61
501677,102495,52,4,8,40,2024-03-10,Closed,Property Damage,2345.82
501678,102495,52,4,8,40,2023-12-08,Closed,Liability,4509.48
501679,102499,77,5,4,11,2022-03-01,Closed,Liability,1923.72
501680,102499,77,5,4,11,2022-02-13,Rejected,Other,14077.88
501681,102500,175,4,1,8,2022-11-03,Closed,Bodily Injury,6405.17
501682,102500,175,4,1,8,2022-08-01,Pending,Business Interruption,28316.54
501683,102500,175,4,1,8,2022-07-17,Closed,Theft,9751.09
501684,102502,925,1,8,14,2024-01-12,Closed,Business Interruption,24792.2
501685,102502,925,1,8,14,2024-02-23,Pending,Liability,10266.89
501686,102503,199,6,3,11,2023-01-24,Closed,Liability,5901.56
501687,102503,199,6,3,11,2022-06-02,Closed,Theft,2152.78
501688,102504,911,8,6,8,2023-07-18,Closed,Business Interruption,16884.72
501689,102507,1089,1,2,34,2023-12-26,Closed,Business Interruption,4185.32
501690,102508,562,4,4,21,2025-09-16,Closed,Business Interruption,18422.4
501691,102509,644,2,2,3,2026-03-27,Closed,Other,14232.3
501692,102512,807,4,3,3,2024-11-27,Open,Bodily Injury,3253.57
501693,102513,35,6,6,23,2025-04-19,Closed,Other,16594.41
501694,102513,35,6,6,23,2025-03-21,Open,Other,1656.58
501695,102514,958,3,6,18,2023-10-24,Closed,Property Damage,10100.74
501696,102514,958,3,6,18,2024-04-05,Open,Business Interruption,4109.23
501697,102515,574,1,5,13,2024-03-09,Closed,Property Damage,11575.08
501698,102518,830,7,5,3,2023-07-07,Closed,Property Damage,1654.85
501699,102518,830,7,5,3,2022-09-29,Closed,Theft,1542.78
501700,102522,1268,7,6,2,2025-01-21,Closed,Business Interruption,10821.62
501701,102522,1268,7,6,2,2024-06-15,Closed,Theft,1715.01
501702,102522,1268,7,6,2,2024-09-14,Closed,Bodily Injury,1096.45
501703,102523,405,11,8,17,2023-12-15,Closed,Property Damage,4179.07
501704,102524,1253,6,4,6,2023-01-18,Closed,Theft,10753.8
501705,102528,1451,10,8,7,2024-08-06,Open,Property Damage,42248.95
501706,102529,356,4,4,34,2025-10-10,Closed,Bodily Injury,5627.83
501707,102529,356,4,4,34,2025-01-12,Closed,Property Damage,1757.42
501708,102530,1470,3,5,21,2025-10-29,Pending,Property Damage,3242.36
501709,102530,1470,3,5,21,2025-05-15,Closed,Liability,44992.3
501710,102530,1470,3,5,21,2026-01-03,Closed,Business Interruption,7278.22
501711,102532,194,3,5,37,2023-11-09,Open,Business Interruption,9847.92
501712,102533,65,9,5,14,2024-08-14,Closed,Other,16790.72
501713,102537,925,10,6,35,2025-01-23,Open,Bodily Injury,5008.61
501714,102537,925,10,6,35,2025-01-09,Closed,Other,5803.22
501715,102538,128,8,8,34,2023-04-17,Closed,Property Damage,7302.57
501716,102538,128,8,8,34,2022-12-22,Closed,Bodily Injury,930.05
501717,102539,775,11,2,40,2024-12-05,Rejected,Business Interruption,20872.15
501718,102539,775,11,2,40,2025-03-21,Closed,Business Interruption,10126.27
501719,102543,303,11,4,6,2025-11-16,Closed,Other,33375.07
501720,102545,838,2,3,19,2025-11-23,Open,Bodily Injury,1730.22
501721,102545,838,2,3,19,2025-05-23,Closed,Liability,1134.21
501722,102546,618,9,1,26,2024-10-11,Closed,Theft,3638.43
501723,102546,618,9,1,26,2024-09-28,Closed,Bodily Injury,24453.21
501724,102547,111,9,2,28,2024-03-22,Closed,Liability,3319.52
501725,102550,581,1,1,7,2024-06-17,Rejected,Bodily Injury,536.15
501726,102551,1001,11,6,8,2025-02-27,Open,Business Interruption,12001.58
501727,102551,1001,11,6,8,2024-12-02,Open,Other,23002.69
501728,102551,1001,11,6,8,2024-10-25,Closed,Property Damage,24465.49
501729,102553,800,11,2,19,2023-11-02,Closed,Theft,5921.6
501730,102556,1,9,6,33,2023-07-16,Closed,Other,5471.5
501731,102556,1,9,6,33,2023-11-01,Closed,Theft,7087.56
501732,102558,84,1,2,7,2023-07-26,Closed,Theft,5299.79
501733,102560,547,1,6,18,2023-02-07,Closed,Property Damage,7158.47
501734,102561,199,12,4,33,2024-04-19,Closed,Theft,5368.44
501735,102561,199,12,4,33,2023-11-06,Closed,Property Damage,1641.87
501736,102563,265,11,8,11,2022-09-30,Closed,Property Damage,7490.45
501737,102563,265,11,8,11,2022-11-10,Open,Business Interruption,4800.71
501738,102564,513,2,6,39,2022-08-04,Closed,Liability,3919.8
501739,102566,100,7,7,3,2024-11-03,Closed,Theft,1696.08
501740,102568,477,2,6,3,2022-10-11,Closed,Other,1191.88
501741,102569,764,1,8,5,2023-08-20,Closed,Bodily Injury,4637.25
501742,102571,1456,1,1,6,2025-03-12,Closed,Theft,12002.45
501743,102572,9,10,3,13,2022-09-22,Closed,Business Interruption,5215.55
501744,102572,9,10,3,13,2022-10-29,Closed,Liability,13317.5
501745,102575,58,7,4,3,2023-01-03,Closed,Property Damage,5693.7
501746,102576,175,12,6,12,2022-04-01,Closed,Property Damage,19680.21
501747,102576,175,12,6,12,2022-05-01,Closed,Liability,13819.79
501748,102580,962,1,8,8,2023-02-12,Closed,Property Damage,9293.76
501749,102584,396,9,3,22,2024-05-02,Closed,Property Damage,1290.02
501750,102584,396,9,3,22,2024-05-23,Open,Business Interruption,15900.71
501751,102586,494,1,6,14,2024-10-14,Closed,Business Interruption,8631.66
501752,102587,1257,8,3,32,2023-12-05,Closed,Bodily Injury,7330.73
501753,102588,371,5,1,11,2025-05-21,Closed,Property Damage,5582.78
501754,102588,371,5,1,11,2025-08-14,Closed,Bodily Injury,17872.63
501755,102592,286,3,7,29,2023-06-12,Rejected,Bodily Injury,7754.11
501756,102592,286,3,7,29,2023-02-15,Closed,Bodily Injury,2089.44
501757,102592,286,3,7,29,2022-08-31,Closed,Theft,2158.12
501758,102595,244,6,7,19,2023-01-22,Pending,Business Interruption,12929.68
501759,102595,244,6,7,19,2023-01-09,Open,Business Interruption,4687.18
501760,102596,668,8,3,12,2024-01-22,Closed,Bodily Injury,9391.02
501761,102597,1037,1,7,31,2023-12-08,Closed,Property Damage,2972.41
501762,102599,1130,6,2,17,2022-08-02,Open,Liability,8461.06
501763,102599,1130,6,2,17,2023-02-07,Open,Other,3576.28
501764,102600,236,11,2,19,2025-02-11,Open,Other,18526.45
501765,102600,236,11,2,19,2025-05-17,Closed,Property Damage,4885.84
501766,102601,1173,6,8,31,2022-12-18,Open,Business Interruption,7890.31
501767,102601,1173,6,8,31,2023-07-16,Closed,Bodily Injury,4436.31
501768,102601,1173,6,8,31,2023-08-09,Closed,Business Interruption,5547.76
501769,102603,697,9,8,33,2023-07-27,Closed,Theft,1974.63
501770,102603,697,9,8,33,2022-11-03,Open,Bodily Injury,1640.54
501771,102605,399,11,8,33,2022-09-16,Closed,Business Interruption,8975.06
501772,102607,1033,10,7,21,2024-06-10,Closed,Theft,7855.68
501773,102607,1033,10,7,21,2024-03-29,Pending,Theft,3254.35
501774,102608,976,8,4,28,2023-11-09,Pending,Property Damage,8925.24
501775,102608,976,8,4,28,2023-12-20,Closed,Other,4286.93
501776,102608,976,8,4,28,2023-07-29,Closed,Other,5092.86
501777,102610,1160,8,4,34,2023-04-01,Closed,Property Damage,1538.44
501778,102610,1160,8,4,34,2022-12-16,Closed,Other,1083.49
501779,102610,1160,8,4,34,2023-06-11,Closed,Business Interruption,7587.71
501780,102612,490,1,5,29,2024-09-13,Pending,Other,2422.35
501781,102615,1226,11,1,15,2024-11-13,Open,Bodily Injury,7556.09
501782,102616,1100,4,4,40,2024-11-04,Closed,Bodily Injury,1657.53
501783,102616,1100,4,4,40,2024-10-19,Open,Bodily Injury,1485.63
501784,102617,1150,5,1,39,2024-11-28,Closed,Property Damage,26973.3
501785,102621,300,10,3,31,2023-10-31,Open,Theft,1376.69
501786,102621,300,10,3,31,2024-06-20,Open,Bodily Injury,1200.26
501787,102621,300,10,3,31,2023-11-24,Open,Property Damage,3636.67
501788,102624,425,8,6,7,2023-07-30,Closed,Theft,4347.08
501789,102626,634,12,7,25,2023-09-02,Open,Other,3287.06
501790,102627,315,5,4,38,2025-06-15,Closed,Other,3706.04
501791,102631,768,12,4,23,2024-01-04,Open,Business Interruption,8332.29
501792,102631,768,12,4,23,2024-05-06,Closed,Bodily Injury,4224.26
501793,102632,65,10,1,15,2023-11-07,Closed,Business Interruption,1130.93
501794,102633,403,1,6,13,2023-10-14,Open,Property Damage,3538.49
501795,102641,1382,9,5,3,2024-10-26,Closed,Business Interruption,1526.61
501796,102641,1382,9,5,3,2024-10-15,Open,Property Damage,8922.7
501797,102641,1382,9,5,3,2024-09-20,Closed,Theft,7384.72
501798,102642,512,5,3,33,2024-10-22,Closed,Liability,856.54
501799,102643,296,6,4,8,2023-01-31,Closed,Business Interruption,1393.7
501800,102643,296,6,4,8,2023-08-02,Rejected,Business Interruption,8912.06
501801,102644,856,11,7,23,2023-01-11,Pending,Other,8647.67
501802,102644,856,11,7,23,2023-04-02,Closed,Property Damage,3733.93
501803,102646,1338,11,1,38,2023-08-09,Closed,Other,2685.04
501804,102646,1338,11,1,38,2023-03-07,Closed,Liability,2353.22
501805,102646,1338,11,1,38,2023-04-04,Closed,Bodily Injury,1727.43
501806,102652,691,1,8,21,2022-05-05,Closed,Property Damage,5318.41
501807,102655,14,4,7,16,2024-10-01,Pending,Property Damage,19166.15
501808,102657,994,7,5,40,2023-05-26,Rejected,Liability,22597.28
501809,102659,593,9,2,38,2025-02-09,Open,Business Interruption,2510.15
501810,102665,1176,1,1,33,2023-11-03,Closed,Other,1479.31
501811,102667,338,1,5,15,2023-06-27,Pending,Bodily Injury,7440.95
501812,102668,1486,3,1,28,2024-03-22,Closed,Property Damage,8949.95
501813,102668,1486,3,1,28,2023-06-03,Open,Bodily Injury,1897.78
501814,102670,1061,3,5,34,2023-03-02,Closed,Other,34782.05
501815,102671,887,9,2,38,2024-01-13,Open,Business Interruption,17513.73
501816,102675,1490,3,1,29,2023-09-03,Pending,Other,5253.04
501817,102676,647,9,4,36,2022-05-13,Closed,Liability,7003.5
501818,102679,1461,1,3,7,2024-10-05,Open,Theft,2123.28
501819,102687,133,1,8,27,2022-01-20,Closed,Property Damage,7693.62
501820,102690,1080,3,7,14,2024-10-03,Closed,Other,8808.29
501821,102696,917,8,2,34,2023-12-07,Pending,Other,7757.35
501822,102696,917,8,2,34,2023-11-09,Pending,Bodily Injury,1320.09
501823,102697,72,12,1,14,2023-10-08,Closed,Business Interruption,2390.93
501824,102697,72,12,1,14,2024-02-14,Pending,Bodily Injury,6393.7
501825,102700,205,5,2,11,2023-03-19,Closed,Theft,12382.63
501826,102701,1318,1,4,24,2022-11-27,Closed,Property Damage,1031.2
501827,102701,1318,1,4,24,2022-11-20,Closed,Other,1327.9
501828,102702,293,9,6,11,2025-06-05,Pending,Bodily Injury,34595.62
501829,102702,293,9,6,11,2025-04-29,Pending,Property Damage,5341.44
501830,102703,805,3,6,30,2024-12-15,Open,Liability,19241.39
501831,102703,805,3,6,30,2024-06-24,Pending,Theft,700.78
501832,102705,1155,7,8,17,2024-08-24,Closed,Bodily Injury,2754.64
501833,102706,67,8,5,12,2022-12-12,Open,Theft,9905.78
501834,102706,67,8,5,12,2022-11-12,Closed,Theft,3211.05
501835,102706,67,8,5,12,2023-04-06,Pending,Property Damage,3207.93
501836,102712,224,5,4,11,2024-05-02,Open,Theft,6788.16
501837,102713,1469,11,1,18,2023-05-23,Closed,Property Damage,8295.16
501838,102713,1469,11,1,18,2023-05-10,Open,Other,2062.84
501839,102713,1469,11,1,18,2023-01-10,Closed,Bodily Injury,3641.84
501840,102717,78,12,3,14,2023-01-21,Closed,Property Damage,3390.61
501841,102717,78,12,3,14,2023-02-21,Open,Other,3879.63
501842,102718,759,8,1,34,2025-05-07,Closed,Bodily Injury,4408.12
501843,102718,759,8,1,34,2025-01-12,Closed,Theft,15441.38
501844,102722,839,11,8,15,2025-02-10,Closed,Property Damage,1829.22
501845,102722,839,11,8,15,2024-07-17,Open,Bodily Injury,794.88
501846,102723,739,1,1,14,2025-11-24,Closed,Business Interruption,5832.76
501847,102724,280,1,3,4,2024-08-29,Closed,Business Interruption,2588.04
501848,102727,1266,10,3,15,2023-04-29,Open,Bodily Injury,2474.03
501849,102727,1266,10,3,15,2022-12-11,Closed,Theft,13459.27
501850,102728,1017,9,2,1,2023-08-04,Open,Property Damage,1317.74
501851,102728,1017,9,2,1,2023-03-30,Pending,Theft,1277.62
501852,102729,582,5,4,34,2024-10-16,Closed,Business Interruption,13768.23
501853,102729,582,5,4,34,2024-05-12,Pending,Other,8317.45
501854,102730,594,5,7,9,2022-12-21,Closed,Bodily Injury,28205.56
501855,102730,594,5,7,9,2023-01-23,Closed,Liability,13154.39
501856,102730,594,5,7,9,2023-05-31,Closed,Liability,4319.87
501857,102731,119,6,5,24,2024-12-27,Closed,Other,8456.28
501858,102732,435,4,8,3,2024-05-23,Closed,Bodily Injury,3404.13
501859,102732,435,4,8,3,2024-03-15,Open,Business Interruption,3730.13
501860,102732,435,4,8,3,2024-01-10,Closed,Bodily Injury,6043.93
501861,102734,48,2,7,36,2022-03-15,Open,Liability,3047.14
501862,102735,220,4,4,27,2024-07-08,Open,Theft,1185.89
501863,102736,1270,12,5,1,2025-09-13,Closed,Bodily Injury,1828.73
501864,102738,49,2,7,20,2024-01-20,Open,Property Damage,17384.67
501865,102740,1125,4,4,17,2023-10-15,Closed,Property Damage,6284.16
501866,102741,518,4,1,35,2023-08-13,Closed,Other,16443.23
501867,102744,899,9,7,12,2026-02-28,Closed,Business Interruption,1416.44
501868,102745,1355,6,6,28,2024-08-06,Closed,Theft,3140.76
501869,102747,415,2,6,2,2025-08-23,Closed,Other,8043.88
501870,102751,521,7,6,31,2023-05-26,Closed,Other,11359.78
501871,102755,810,5,1,13,2025-12-09,Closed,Business Interruption,3992.26
501872,102757,609,5,1,13,2023-02-16,Closed,Liability,1273.82
501873,102757,609,5,1,13,2022-11-13,Open,Liability,2953.91
501874,102758,667,8,6,16,2025-06-24,Closed,Liability,1678.54
501875,102758,667,8,6,16,2024-12-24,Closed,Liability,8639.8
501876,102759,1372,3,7,28,2025-08-12,Closed,Bodily Injury,4204.99
501877,102761,414,6,1,33,2022-11-30,Closed,Property Damage,7201.92
501878,102763,71,9,1,1,2023-02-20,Closed,Bodily Injury,11810.25
501879,102763,71,9,1,1,2022-12-21,Closed,Bodily Injury,8106.78
501880,102764,219,1,3,4,2022-11-15,Pending,Property Damage,8059.37
501881,102764,219,1,3,4,2022-03-04,Closed,Property Damage,4222.57
501882,102764,219,1,3,4,2023-01-29,Closed,Other,2710.49
501883,102766,765,10,5,3,2023-08-31,Pending,Business Interruption,6306.83
501884,102767,980,9,8,16,2023-04-03,Pending,Business Interruption,3934.96
501885,102771,233,7,3,39,2025-06-10,Closed,Other,3819.14
501886,102774,679,11,5,32,2025-05-08,Open,Business Interruption,2447.04
501887,102778,1362,5,3,25,2024-03-21,Closed,Business Interruption,7560.64
501888,102780,735,11,4,25,2024-07-31,Rejected,Theft,13647.69
501889,102780,735,11,4,25,2024-05-16,Closed,Other,3082.94
501890,102781,1445,6,7,16,2025-10-07,Closed,Business Interruption,6059.19
501891,102782,1228,12,8,5,2024-09-10,Closed,Other,16133.25
501892,102787,145,10,6,31,2024-04-06,Open,Business Interruption,5853.2
501893,102790,632,12,1,39,2025-03-30,Closed,Liability,5424.94
501894,102790,632,12,1,39,2025-02-17,Closed,Bodily Injury,3024.5
501895,102792,1004,12,2,35,2022-09-04,Closed,Bodily Injury,12350.61
501896,102792,1004,12,2,35,2023-01-27,Closed,Theft,1334.28
501897,102793,128,11,3,19,2025-05-19,Open,Other,1685.47
501898,102796,849,11,6,30,2024-04-16,Closed,Other,2341.51
501899,102805,215,7,6,17,2022-02-07,Closed,Bodily Injury,493.11
501900,102805,215,7,6,17,2022-04-03,Closed,Theft,2644.67
501901,102806,251,1,7,28,2023-09-04,Closed,Property Damage,2235.86
501902,102807,758,2,1,34,2023-01-15,Closed,Business Interruption,2159.59
501903,102810,1407,2,6,1,2024-02-18,Pending,Theft,2408.18
501904,102811,948,6,8,19,2022-05-05,Pending,Other,10595.83
501905,102811,948,6,8,19,2022-04-30,Pending,Bodily Injury,5456.03
501906,102812,1446,6,8,40,2023-11-26,Closed,Property Damage,4962.95
501907,102814,925,3,7,22,2025-06-23,Closed,Business Interruption,8208.01
501908,102817,262,12,2,31,2024-01-29,Closed,Other,1738.4
501909,102820,308,11,8,21,2024-06-29,Open,Bodily Injury,2396.45
501910,102820,308,11,8,21,2024-04-21,Closed,Liability,47678.84
501911,102826,1370,10,5,36,2022-10-14,Closed,Liability,3881.33
501912,102826,1370,10,5,36,2022-08-09,Closed,Liability,30963.07
501913,102826,1370,10,5,36,2022-07-04,Closed,Liability,1274.92
501914,102830,977,7,6,20,2023-08-24,Open,Other,8875.25
501915,102835,1071,2,6,25,2022-07-07,Open,Business Interruption,4370.54
501916,102835,1071,2,6,25,2022-12-28,Open,Bodily Injury,1344.84
501917,102835,1071,2,6,25,2023-04-20,Closed,Property Damage,7229.26
501918,102836,368,8,2,13,2023-08-07,Pending,Property Damage,36245.86
501919,102839,675,7,4,13,2024-09-01,Closed,Theft,27300.26
501920,102840,208,9,1,40,2023-12-02,Open,Liability,2169.79
501921,102842,82,9,6,24,2025-02-19,Open,Liability,5071.05
501922,102843,676,2,8,7,2025-10-08,Closed,Liability,4431.13
501923,102847,555,8,1,28,2023-07-22,Closed,Theft,10095.0
501924,102851,236,3,8,24,2025-05-22,Closed,Bodily Injury,7048.37
501925,102853,705,4,4,17,2024-08-31,Closed,Business Interruption,2923.78
501926,102854,57,4,6,10,2025-06-24,Pending,Theft,4513.16
501927,102854,57,4,6,10,2025-03-30,Open,Liability,3388.47
501928,102854,57,4,6,10,2025-06-25,Closed,Liability,27170.94
501929,102857,1222,8,7,4,2024-10-03,Closed,Theft,7560.78
501930,102858,692,3,3,17,2022-07-31,Pending,Liability,5662.14
501931,102861,925,4,1,40,2025-08-24,Closed,Other,2701.12
501932,102861,925,4,1,40,2025-05-11,Closed,Theft,1382.26
501933,102863,1229,2,3,26,2025-10-07,Closed,Liability,3409.09
501934,102863,1229,2,3,26,2025-02-03,Open,Other,4365.69
501935,102863,1229,2,3,26,2025-06-09,Closed,Property Damage,8614.46
501936,102864,39,5,5,1,2025-10-16,Closed,Theft,2036.93
501937,102865,105,6,4,21,2023-12-28,Closed,Other,13861.24
501938,102865,105,6,4,21,2024-01-30,Closed,Theft,5025.83
501939,102867,592,10,2,1,2022-03-13,Closed,Theft,2694.4
501940,102872,985,9,6,29,2024-06-29,Closed,Theft,6063.7
501941,102875,634,11,3,22,2025-12-19,Closed,Liability,5159.01
501942,102878,1155,8,2,24,2024-07-25,Closed,Property Damage,6242.74
501943,102878,1155,8,2,24,2025-04-15,Closed,Liability,12337.97
501944,102880,403,5,5,2,2023-03-17,Closed,Other,8222.63
501945,102880,403,5,5,2,2023-04-23,Closed,Other,8214.27
501946,102882,585,7,6,3,2024-06-29,Open,Liability,5897.39
501947,102882,585,7,6,3,2024-11-24,Closed,Business Interruption,6654.04
501948,102884,130,4,2,30,2024-07-23,Closed,Bodily Injury,489.3
501949,102888,842,11,6,10,2022-11-02,Closed,Business Interruption,12126.27
501950,102888,842,11,6,10,2022-05-13,Closed,Bodily Injury,4061.82
501951,102898,1080,3,2,34,2023-02-14,Closed,Business Interruption,4039.72
501952,102901,1285,8,3,14,2023-12-08,Closed,Liability,1506.04
501953,102905,965,6,5,26,2022-09-19,Closed,Theft,12256.31
501954,102909,475,9,7,32,2025-04-13,Pending,Liability,5131.33
501955,102910,1207,9,1,24,2025-08-31,Closed,Property Damage,4461.73
501956,102911,1403,3,2,26,2023-07-24,Closed,Other,2864.84
501957,102914,419,7,1,12,2025-03-03,Closed,Other,2163.83
501958,102915,652,6,2,11,2023-08-05,Open,Theft,8736.42
501959,102916,1448,9,4,27,2023-06-02,Closed,Bodily Injury,2500.91
501960,102917,1226,11,3,16,2022-10-29,Closed,Property Damage,693.74
501961,102932,1273,4,1,39,2024-11-22,Closed,Business Interruption,10404.19
501962,102932,1273,4,1,39,2024-06-03,Closed,Bodily Injury,14581.81
501963,102933,103,11,1,12,2023-06-01,Closed,Property Damage,5486.72
501964,102934,525,9,4,29,2022-09-03,Closed,Bodily Injury,2932.55
501965,102936,1065,11,7,24,2025-01-06,Closed,Liability,8118.48
501966,102938,236,8,3,34,2025-11-23,Open,Property Damage,9226.06
501967,102938,236,8,3,34,2025-04-17,Closed,Liability,1177.05
501968,102939,486,2,4,34,2026-03-14,Open,Bodily Injury,6077.05
501969,102941,63,3,6,5,2022-07-25,Pending,Business Interruption,17635.21
501970,102941,63,3,6,5,2022-10-15,Closed,Theft,8101.15
501971,102943,1331,8,6,18,2025-06-17,Pending,Liability,1218.37
501972,102947,16,5,3,28,2024-05-30,Open,Business Interruption,6285.44
501973,102949,99,1,2,30,2025-06-27,Closed,Theft,1030.87
501974,102949,99,1,2,30,2026-03-17,Rejected,Business Interruption,1189.52
501975,102950,798,2,1,19,2025-06-03,Closed,Liability,6347.76
501976,102955,963,4,1,30,2025-05-09,Closed,Property Damage,4784.91
501977,102955,963,4,1,30,2025-05-24,Pending,Property Damage,6172.93
501978,102956,901,12,8,24,2024-09-17,Closed,Theft,10488.16
501979,102960,568,7,8,40,2025-04-07,Closed,Theft,4323.74
501980,102960,568,7,8,40,2024-12-02,Pending,Theft,1001.8
501981,102961,1106,12,6,29,2025-08-22,Open,Business Interruption,6507.76
501982,102963,418,5,6,8,2024-05-26,Pending,Liability,3290.89
501983,102967,563,2,4,34,2025-01-27,Pending,Bodily Injury,10001.63
501984,102968,277,6,1,3,2023-02-23,Closed,Other,1538.71
501985,102973,393,7,7,2,2024-11-27,Closed,Theft,1861.21
501986,102974,605,12,4,27,2023-12-12,Open,Bodily Injury,8595.11
501987,102977,676,8,3,11,2024-11-10,Closed,Theft,2562.26
501988,102985,1268,10,1,38,2024-11-20,Pending,Bodily Injury,1832.07
501989,102991,843,3,4,24,2023-11-09,Open,Other,2584.54
501990,102993,691,7,1,40,2022-12-28,Closed,Liability,9370.05
501991,102993,691,7,1,40,2022-06-23,Closed,Bodily Injury,12004.81
501992,102995,876,3,5,33,2023-07-14,Closed,Liability,4064.64
501993,102996,1071,2,8,9,2024-12-30,Closed,Bodily Injury,6745.49
501994,102997,791,2,4,32,2024-12-01,Rejected,Bodily Injury,769.16
501995,102997,791,2,4,32,2025-06-23,Closed,Business Interruption,2572.59
501996,102997,791,2,4,32,2025-05-12,Open,Property Damage,13104.83
501997,102998,1310,5,5,17,2023-09-22,Open,Property Damage,2763.69
501998,102998,1310,5,5,17,2023-02-11,Closed,Bodily Injury,1964.27
501999,102998,1310,5,5,17,2023-03-05,Closed,Theft,5169.45
502000,103006,427,1,2,17,2023-08-28,Closed,Liability,10845.03
502001,103007,1316,1,5,37,2022-07-09,Closed,Bodily Injury,7061.85
502002,103008,957,11,5,11,2025-06-02,Open,Property Damage,5295.67
502003,103010,1433,1,7,16,2023-07-22,Open,Other,3973.33
502004,103010,1433,1,7,16,2024-06-04,Open,Property Damage,6617.53
502005,103010,1433,1,7,16,2023-12-27,Closed,Business Interruption,4410.84
502006,103011,630,11,4,14,2022-09-30,Closed,Liability,37198.84
502007,103013,754,5,4,30,2025-12-13,Closed,Liability,1648.53
502008,103013,754,5,4,30,2025-08-02,Closed,Bodily Injury,31198.17
502009,103015,1110,3,1,31,2022-10-20,Closed,Business Interruption,13449.33
502010,103015,1110,3,1,31,2022-12-05,Closed,Other,1723.11
502011,103016,1034,12,1,4,2023-12-30,Closed,Other,12697.02
502012,103016,1034,12,1,4,2023-06-13,Open,Theft,3233.8
502013,103017,1368,10,7,7,2023-12-21,Open,Liability,1731.03
502014,103018,1159,3,3,34,2024-04-24,Closed,Other,787.9
502015,103018,1159,3,3,34,2024-11-01,Closed,Theft,25781.17
502016,103021,154,6,5,37,2024-05-19,Closed,Other,3389.56
502017,103029,524,10,8,14,2025-04-04,Open,Liability,2910.84
502018,103033,154,3,3,32,2024-12-22,Closed,Other,5417.74
502019,103033,154,3,3,32,2024-06-15,Closed,Liability,2413.44
502020,103033,154,3,3,32,2025-02-05,Closed,Business Interruption,2531.58
502021,103036,709,8,5,1,2025-12-10,Closed,Liability,8360.85
502022,103038,523,4,2,4,2025-06-17,Closed,Business Interruption,1216.61
502023,103040,960,4,5,21,2023-04-25,Closed,Other,3286.1
502024,103042,781,12,1,10,2024-05-07,Pending,Bodily Injury,5876.38
502025,103043,649,2,4,34,2024-11-01,Closed,Other,8108.33
502026,103044,194,9,8,32,2024-07-01,Rejected,Theft,11951.86
502027,103045,1418,12,6,4,2025-01-13,Pending,Business Interruption,4632.02
502028,103048,539,12,4,6,2023-11-26,Closed,Business Interruption,3169.17
502029,103050,649,7,1,14,2023-01-26,Closed,Bodily Injury,1801.53
502030,103050,649,7,1,14,2022-11-12,Closed,Theft,17307.92
502031,103063,483,11,3,38,2026-01-05,Open,Theft,10550.15
502032,103063,483,11,3,38,2025-12-25,Closed,Theft,4260.89
502033,103064,1056,3,2,27,2025-10-31,Closed,Bodily Injury,1742.89
502034,103064,1056,3,2,27,2025-07-16,Closed,Other,2473.56
502035,103066,427,12,2,33,2023-03-03,Open,Bodily Injury,2872.31
502036,103067,964,1,3,8,2024-05-05,Closed,Liability,17300.34
502037,103069,544,5,2,18,2023-11-22,Open,Other,3830.68
502038,103070,445,6,7,9,2025-01-02,Closed,Bodily Injury,7272.35
502039,103071,1009,10,6,38,2025-04-27,Closed,Liability,12919.26
502040,103072,1314,9,7,40,2023-09-07,Closed,Business Interruption,1833.9
502041,103073,379,3,5,7,2024-05-01,Closed,Theft,2465.53
502042,103073,379,3,5,7,2024-06-23,Closed,Other,8856.79
502043,103075,1232,12,3,15,2023-03-02,Open,Property Damage,2994.95
502044,103075,1232,12,3,15,2022-10-18,Closed,Bodily Injury,4828.76
502045,103084,1130,10,3,6,2023-07-29,Closed,Business Interruption,15999.32
502046,103085,918,10,3,2,2024-10-10,Pending,Theft,3331.8
502047,103085,918,10,3,2,2024-11-01,Open,Theft,8502.75
502048,103087,282,1,5,30,2025-09-20,Closed,Theft,4758.47
502049,103088,1317,6,7,21,2022-04-07,Open,Liability,18006.47
502050,103089,780,4,2,7,2024-12-21,Open,Bodily Injury,6177.92
502051,103090,414,7,6,31,2024-01-03,Closed,Liability,571988.1
502052,103090,414,7,6,31,2023-11-12,Closed,Bodily Injury,3877.29
502053,103098,205,4,5,30,2022-12-30,Closed,Bodily Injury,981.1
502054,103098,205,4,5,30,2023-03-25,Closed,Liability,53797.81
502055,103099,825,4,7,21,2022-08-23,Closed,Liability,9583.37
502056,103102,479,4,1,17,2023-09-24,Closed,Liability,1594.67
502057,103106,902,8,5,24,2023-07-03,Closed,Theft,14736.35
502058,103107,100,8,8,9,2024-05-14,Open,Other,3635.71
502059,103107,100,8,8,9,2024-09-28,Rejected,Liability,7819.06
502060,103107,100,8,8,9,2024-07-23,Closed,Theft,1109.97
502061,103108,1139,8,7,8,2025-04-15,Open,Liability,3952.9
502062,103108,1139,8,7,8,2025-06-24,Closed,Business Interruption,10565.74
502063,103110,1190,4,6,24,2025-01-18,Closed,Theft,2760.82
502064,103110,1190,4,6,24,2025-02-09,Closed,Liability,4819.94
502065,103111,696,12,8,16,2022-08-20,Closed,Property Damage,6220.52
502066,103111,696,12,8,16,2022-12-07,Pending,Other,2013.21
502067,103111,696,12,8,16,2023-04-08,Closed,Bodily Injury,776.96
502068,103113,33,2,4,14,2024-10-19,Closed,Business Interruption,13448.24
502069,103113,33,2,4,14,2025-06-16,Open,Liability,2070.95
502070,103114,836,10,6,14,2023-05-23,Open,Other,5754.17
502071,103114,836,10,6,14,2023-05-13,Closed,Other,2144.83
502072,103114,836,10,6,14,2023-09-12,Closed,Bodily Injury,11560.56
502073,103117,1316,8,1,24,2022-10-01,Open,Liability,15908.99
502074,103121,161,9,5,38,2023-11-12,Open,Business Interruption,4087.5
502075,103121,161,9,5,38,2024-01-03,Closed,Bodily Injury,3147.14
502076,103121,161,9,5,38,2024-04-20,Closed,Business Interruption,6005.73
502077,103122,4,7,6,23,2022-12-01,Closed,Property Damage,2913.16
502078,103122,4,7,6,23,2023-03-08,Closed,Business Interruption,9199.39
502079,103123,124,7,8,9,2024-07-11,Closed,Business Interruption,4092.58
502080,103125,228,3,5,31,2024-08-20,Open,Theft,2594.23
502081,103125,228,3,5,31,2025-01-04,Closed,Liability,4359.91
502082,103125,228,3,5,31,2024-09-22,Open,Other,3733.59
502083,103132,314,3,7,27,2023-05-04,Closed,Liability,3862.41
502084,103132,314,3,7,27,2022-10-21,Closed,Property Damage,6550.09
502085,103134,974,3,3,6,2024-05-24,Closed,Property Damage,4237.75
502086,103138,28,5,1,31,2024-11-07,Rejected,Bodily Injury,2655.24
502087,103138,28,5,1,31,2024-12-30,Closed,Property Damage,2832.76
502088,103140,1138,7,6,17,2025-08-18,Closed,Liability,1104.19
502089,103140,1138,7,6,17,2025-10-16,Open,Property Damage,5299.14
502090,103141,790,3,8,3,2023-10-28,Closed,Bodily Injury,879.21
502091,103143,732,4,2,35,2022-12-03,Closed,Property Damage,431.09
502092,103143,732,4,2,35,2022-08-16,Closed,Liability,15778.66
502093,103148,237,9,3,27,2023-06-21,Closed,Other,23517.92
502094,103150,675,9,5,29,2025-08-26,Closed,Other,8615.57
502095,103150,675,9,5,29,2024-12-29,Pending,Bodily Injury,19270.03
502096,103151,478,7,3,26,2025-04-26,Closed,Other,2917.27
502097,103152,305,12,4,36,2023-05-05,Closed,Other,9534.96
502098,103160,792,9,5,26,2023-03-03,Open,Liability,1869.56
502099,103161,1043,3,5,5,2025-07-17,Open,Other,3551.39
502100,103162,1005,8,5,19,2022-03-17,Closed,Theft,5692.74
502101,103168,34,11,8,9,2023-06-09,Closed,Liability,16489.45
502102,103168,34,11,8,9,2023-05-14,Open,Bodily Injury,2320.09
502103,103168,34,11,8,9,2022-09-23,Closed,Liability,26469.5
502104,103173,195,9,2,11,2024-10-19,Pending,Other,2455.11
502105,103177,1390,11,7,38,2024-10-27,Closed,Bodily Injury,2685.82
502106,103177,1390,11,7,38,2025-02-11,Closed,Other,35815.77
502107,103178,617,4,1,17,2025-07-03,Closed,Other,1952.25
502108,103178,617,4,1,17,2025-08-26,Closed,Theft,1270.47
502109,103179,889,12,7,38,2025-07-31,Closed,Bodily Injury,5437.57
502110,103179,889,12,7,38,2025-03-17,Closed,Theft,14812.53
502111,103179,889,12,7,38,2025-05-05,Closed,Liability,3117.65
502112,103183,891,3,1,35,2023-08-27,Closed,Liability,11687.93
502113,103184,1375,1,2,39,2025-05-25,Closed,Business Interruption,2903.85
502114,103184,1375,1,2,39,2024-09-02,Open,Bodily Injury,57253.05
502115,103185,782,7,2,5,2024-09-09,Closed,Other,2984.59
502116,103185,782,7,2,5,2025-06-08,Open,Business Interruption,2928.92
502117,103186,899,5,8,34,2025-09-02,Closed,Bodily Injury,2564.33
502118,103191,1304,9,1,15,2023-06-07,Closed,Bodily Injury,1393.91
502119,103192,472,5,3,11,2023-10-26,Closed,Other,3421.4
502120,103195,368,5,4,17,2025-01-04,Open,Bodily Injury,7107.75
502121,103195,368,5,4,17,2024-12-05,Closed,Other,3168.77
502122,103196,863,10,6,27,2024-11-27,Open,Bodily Injury,2379.18
502123,103198,743,9,8,9,2023-10-30,Rejected,Business Interruption,4264.16
502124,103199,1050,12,7,2,2024-11-26,Closed,Other,16013.3
502125,103200,1367,11,2,30,2023-04-05,Pending,Property Damage,15436.95
502126,103201,941,1,5,8,2023-12-18,Closed,Other,4255.89
502127,103201,941,1,5,8,2023-08-11,Open,Liability,8920.76
502128,103204,1220,12,5,11,2025-05-22,Closed,Property Damage,721.28
502129,103205,1279,11,4,8,2023-12-12,Closed,Other,13852.18
502130,103205,1279,11,4,8,2024-03-26,Closed,Liability,18489.51
502131,103207,28,2,2,21,2023-05-30,Open,Theft,8415.68
502132,103210,1036,8,7,30,2023-10-25,Rejected,Business Interruption,9947.38
502133,103210,1036,8,7,30,2023-10-20,Pending,Business Interruption,2577.43
502134,103211,765,10,6,36,2023-04-01,Open,Liability,26287.89
502135,103211,765,10,6,36,2022-09-14,Open,Liability,1387.86
502136,103211,765,10,6,36,2023-05-12,Closed,Bodily Injury,16283.75
502137,103214,1026,6,6,33,2024-06-20,Open,Other,14637.78
502138,103215,547,12,2,13,2025-02-23,Open,Bodily Injury,8996.44
502139,103215,547,12,2,13,2025-10-18,Closed,Business Interruption,5271.86
502140,103216,1141,3,5,33,2025-07-06,Closed,Theft,957.55
502141,103217,170,4,8,40,2024-06-07,Closed,Bodily Injury,7949.45
502142,103218,443,1,1,16,2025-06-18,Closed,Property Damage,5848.21
502143,103221,1386,11,3,32,2024-09-20,Closed,Business Interruption,12121.64
502144,103222,737,4,7,9,2023-08-24,Closed,Theft,4353.03
502145,103223,660,9,7,39,2025-01-28,Closed,Liability,2959.66
502146,103223,660,9,7,39,2025-01-17,Pending,Property Damage,9120.38
502147,103229,1106,9,2,5,2025-02-12,Open,Business Interruption,4395.53
502148,103231,148,9,2,24,2024-08-14,Open,Property Damage,1971.01
502149,103231,148,9,2,24,2024-03-29,Closed,Business Interruption,17451.81
502150,103236,1070,12,3,27,2023-06-11,Closed,Other,2663.55
502151,103236,1070,12,3,27,2023-09-05,Open,Bodily Injury,7259.62
502152,103243,1055,10,1,25,2024-03-12,Pending,Other,687.42
502153,103243,1055,10,1,25,2024-04-21,Closed,Bodily Injury,8374.17
502154,103245,64,3,5,30,2023-12-09,Closed,Other,2101.46
502155,103249,537,9,1,33,2025-03-04,Pending,Business Interruption,3970.31
502156,103249,537,9,1,33,2025-04-28,Open,Property Damage,7574.04
502157,103250,375,11,3,13,2023-03-16,Closed,Property Damage,1500.46
502158,103253,928,2,7,7,2022-06-24,Open,Property Damage,11244.26
502159,103255,1175,10,2,22,2023-12-06,Closed,Property Damage,4759.01
502160,103256,1300,10,5,40,2022-07-29,Open,Theft,13394.55
502161,103257,1199,12,7,2,2023-07-08,Closed,Liability,7633.78
502162,103259,94,12,6,2,2022-08-16,Open,Bodily Injury,13047.21
502163,103260,911,10,1,22,2023-12-17,Closed,Business Interruption,2441.59
502164,103265,864,3,6,17,2025-02-12,Closed,Property Damage,2183.24
502165,103265,864,3,6,17,2025-05-08,Closed,Other,4759.28
502166,103266,173,4,6,2,2022-09-18,Closed,Property Damage,10491.15
502167,103268,69,2,1,3,2023-09-17,Closed,Liability,4760.54
502168,103268,69,2,1,3,2023-12-29,Closed,Business Interruption,2430.13
502169,103269,1358,10,5,27,2024-11-30,Open,Theft,819.84
502170,103271,391,2,3,40,2023-03-29,Closed,Liability,5321.23
502171,103271,391,2,3,40,2023-01-13,Open,Property Damage,3820.75
502172,103272,636,2,7,28,2023-10-19,Closed,Business Interruption,1651.76
502173,103272,636,2,7,28,2022-12-29,Closed,Other,4607.66
502174,103273,726,1,1,20,2022-08-02,Closed,Bodily Injury,7249.54
502175,103274,371,12,1,29,2024-04-28,Closed,Liability,1352.48
502176,103275,635,6,7,5,2025-05-04,Closed,Liability,4759.29
502177,103275,635,6,7,5,2025-06-01,Closed,Property Damage,999.38
502178,103276,522,8,2,8,2023-06-01,Open,Theft,8160.78
502179,103279,148,7,6,33,2023-10-29,Closed,Business Interruption,7211.26
502180,103281,1487,8,3,12,2023-03-11,Open,Theft,1720.26
502181,103281,1487,8,3,12,2022-09-22,Open,Theft,6064.95
502182,103281,1487,8,3,12,2022-11-15,Closed,Theft,2375.58
502183,103284,1103,8,5,5,2023-08-16,Open,Other,28915.01
502184,103288,1333,2,8,37,2025-03-05,Closed,Liability,1991.26
502185,103291,21,4,5,5,2023-04-29,Pending,Business Interruption,8109.68
502186,103292,989,7,7,33,2022-12-14,Closed,Business Interruption,3061.56
502187,103293,689,7,6,36,2023-03-04,Closed,Theft,5312.62
502188,103296,1487,5,3,29,2024-10-09,Closed,Business Interruption,1966.27
502189,103297,546,11,4,3,2024-06-02,Closed,Other,907.85
502190,103297,546,11,4,3,2024-05-16,Closed,Other,29015.74
502191,103299,982,1,4,14,2022-11-16,Open,Bodily Injury,3911.37
502192,103303,871,4,4,17,2023-11-16,Open,Bodily Injury,8802.71
502193,103306,1272,12,3,17,2022-11-02,Closed,Theft,2625.37
502194,103306,1272,12,3,17,2022-05-30,Closed,Bodily Injury,2719.85
502195,103307,134,5,8,8,2023-05-30,Closed,Liability,8277.56
502196,103308,19,3,4,37,2022-04-27,Closed,Other,42792.77
502197,103309,985,6,1,40,2024-02-27,Closed,Business Interruption,20164.49
502198,103309,985,6,1,40,2024-03-17,Closed,Liability,2717.31
502199,103311,380,10,6,7,2023-12-02,Closed,Theft,11782.95
502200,103312,709,1,2,7,2024-11-17,Closed,Liability,5103.17
502201,103312,709,1,2,7,2024-11-19,Open,Property Damage,671.26
502202,103315,351,1,3,25,2025-01-29,Closed,Other,7451.99
502203,103317,1011,7,1,1,2025-03-13,Closed,Liability,12790.47
502204,103319,102,2,2,2,2023-02-21,Closed,Business Interruption,10635.98
502205,103319,102,2,2,2,2023-10-12,Open,Other,26827.8
502206,103320,491,2,6,5,2024-03-24,Rejected,Liability,7671.33
502207,103320,491,2,6,5,2024-04-09,Closed,Bodily Injury,6494.32
502208,103321,397,10,5,29,2022-12-02,Closed,Liability,9115.1
502209,103321,397,10,5,29,2022-05-10,Closed,Theft,24332.08
502210,103321,397,10,5,29,2022-04-11,Open,Property Damage,11021.17
502211,103323,800,8,4,40,2023-02-05,Rejected,Liability,2094.23
502212,103323,800,8,4,40,2022-10-25,Pending,Business Interruption,4520.41
502213,103323,800,8,4,40,2023-05-01,Pending,Theft,11713.32
502214,103325,1379,1,6,17,2024-11-12,Closed,Theft,8941.3
502215,103330,1415,10,4,39,2023-05-16,Rejected,Business Interruption,6717.43
502216,103333,1021,8,3,12,2024-02-17,Closed,Property Damage,14797.4
502217,103333,1021,8,3,12,2023-08-07,Rejected,Property Damage,13086.45
502218,103334,884,10,2,12,2022-09-12,Pending,Business Interruption,4408.7
502219,103335,1334,1,5,9,2025-04-19,Pending,Liability,9835.25
502220,103337,1141,7,4,30,2023-06-11,Open,Bodily Injury,9000.0
502221,103337,1141,7,4,30,2023-02-21,Closed,Theft,7629.0
502222,103339,15,1,1,37,2025-02-20,Rejected,Other,12167.06
502223,103341,1171,10,1,19,2024-01-08,Open,Theft,16210.15
502224,103341,1171,10,1,19,2024-01-06,Closed,Business Interruption,1708.44
502225,103342,270,10,1,3,2025-12-25,Open,Theft,3953.65
502226,103342,270,10,1,3,2025-08-01,Closed,Bodily Injury,9852.99
502227,103342,270,10,1,3,2025-05-25,Rejected,Business Interruption,1685.92
502228,103343,310,6,1,37,2024-11-17,Closed,Theft,7844.9
502229,103344,1129,12,2,6,2024-01-22,Open,Property Damage,12485.42
502230,103345,307,12,3,7,2022-08-16,Open,Property Damage,959.93
502231,103348,705,12,1,3,2023-03-19,Closed,Other,628.73
502232,103349,956,8,8,18,2024-05-28,Open,Other,35087.53
502233,103349,956,8,8,18,2023-12-03,Closed,Property Damage,4383.86
502234,103351,1359,12,5,1,2023-04-04,Open,Business Interruption,5681.64
502235,103354,316,9,3,1,2022-10-21,Open,Bodily Injury,58770.92
502236,103354,316,9,3,1,2022-10-11,Open,Other,20637.75
502237,103354,316,9,3,1,2022-12-23,Closed,Other,1282.47
502238,103355,511,10,5,25,2024-01-12,Closed,Liability,867.21
502239,103356,456,5,6,9,2024-06-06,Open,Other,19668.62
502240,103356,456,5,6,9,2024-11-21,Pending,Business Interruption,37341.66
502241,103358,1454,6,2,16,2024-04-03,Closed,Liability,10293.45
502242,103359,362,5,8,9,2023-08-16,Closed,Other,1013.05
502243,103360,674,2,3,21,2023-11-10,Closed,Bodily Injury,2265.77
502244,103360,674,2,3,21,2024-02-12,Closed,Theft,7102.74
502245,103364,330,9,8,26,2024-02-25,Pending,Property Damage,4231.12
502246,103365,151,11,5,20,2025-03-17,Closed,Theft,2323.17
502247,103365,151,11,5,20,2025-09-16,Pending,Other,5849.34
502248,103369,284,11,2,36,2024-01-24,Open,Property Damage,1714.64
502249,103370,455,6,8,1,2023-10-07,Pending,Theft,12230.63
502250,103371,407,11,2,28,2023-10-23,Closed,Theft,8939.98
502251,103372,40,9,2,14,2022-09-15,Closed,Business Interruption,6573.25
502252,103372,40,9,2,14,2022-08-22,Closed,Theft,3844.08
502253,103372,40,9,2,14,2022-06-21,Closed,Other,6230.73
502254,103374,770,12,8,15,2023-01-19,Closed,Bodily Injury,632.52
502255,103375,350,10,2,2,2024-10-13,Pending,Property Damage,4988.26
502256,103379,637,1,3,2,2024-03-11,Closed,Liability,3171.2
502257,103380,1489,8,7,22,2026-02-17,Open,Bodily Injury,8228.25
502258,103381,461,6,8,39,2025-08-29,Closed,Business Interruption,9038.72
502259,103381,461,6,8,39,2025-02-22,Closed,Bodily Injury,3279.41
502260,103381,461,6,8,39,2025-12-18,Open,Other,13935.34
502261,103384,76,7,1,28,2024-07-13,Closed,Property Damage,6957.65
502262,103387,762,8,5,15,2025-02-23,Closed,Theft,4611.97
502263,103388,258,3,8,1,2025-04-13,Closed,Liability,24148.62
502264,103391,1419,5,8,26,2025-02-22,Closed,Liability,2415.47
502265,103393,52,1,6,4,2024-01-27,Closed,Property Damage,3857.81
502266,103393,52,1,6,4,2023-04-15,Rejected,Bodily Injury,15843.09
502267,103394,759,5,5,31,2022-10-02,Rejected,Property Damage,40155.54
502268,103394,759,5,5,31,2023-02-14,Pending,Other,2018.42
502269,103395,1390,9,3,7,2023-03-06,Open,Other,3207.12
502270,103398,1339,9,1,29,2024-04-02,Pending,Liability,4429.98
502271,103398,1339,9,1,29,2023-12-21,Open,Liability,3306.84
502272,103400,371,12,4,26,2023-01-12,Closed,Other,13180.64
502273,103400,371,12,4,26,2022-10-29,Closed,Liability,185.16
502274,103401,233,2,3,39,2024-12-11,Open,Property Damage,8007.79
502275,103403,1076,9,3,34,2025-01-25,Rejected,Other,9419.5
502276,103405,1002,6,1,3,2024-04-05,Open,Theft,5355.76
502277,103407,106,10,6,40,2023-03-26,Open,Property Damage,12816.76
502278,103407,106,10,6,40,2023-05-25,Closed,Business Interruption,4917.0
502279,103408,1269,5,4,30,2023-02-19,Closed,Liability,1666.55
502280,103409,1447,11,6,14,2025-06-05,Closed,Business Interruption,7491.32
502281,103411,78,1,3,5,2023-11-23,Open,Other,3097.76
502282,103412,840,4,4,14,2024-07-04,Closed,Theft,14585.95
502283,103412,840,4,4,14,2024-03-14,Closed,Bodily Injury,29901.27
502284,103413,65,12,8,28,2024-10-28,Pending,Other,14663.4
502285,103416,420,5,6,12,2024-11-17,Closed,Property Damage,3828.36
502286,103417,442,12,4,20,2024-08-09,Closed,Business Interruption,1540.56
502287,103419,535,2,6,36,2023-06-03,Closed,Theft,10114.93
502288,103420,361,5,1,17,2022-12-24,Pending,Property Damage,33780.47
502289,103420,361,5,1,17,2023-02-04,Closed,Property Damage,1722.71
502290,103420,361,5,1,17,2022-12-06,Closed,Bodily Injury,17520.91
502291,103421,127,12,3,34,2024-03-01,Open,Liability,808.79
502292,103425,1205,10,7,23,2024-04-24,Closed,Other,4385.67
502293,103425,1205,10,7,23,2023-11-11,Open,Other,3691.1
502294,103426,240,10,7,27,2025-05-12,Open,Business Interruption,1437.53
502295,103432,217,9,4,21,2024-03-31,Closed,Other,6563.39
502296,103433,877,8,7,29,2023-12-12,Rejected,Bodily Injury,16589.45
502297,103434,1314,5,6,8,2024-02-16,Closed,Property Damage,18651.82
502298,103436,345,12,8,34,2024-03-12,Rejected,Bodily Injury,7019.31
502299,103437,194,10,7,22,2022-12-29,Closed,Theft,1282.61
502300,103437,194,10,7,22,2023-07-04,Closed,Theft,18255.19
502301,103438,679,11,8,39,2024-06-24,Closed,Bodily Injury,341.32
502302,103439,709,4,1,35,2022-10-24,Open,Bodily Injury,9325.47
502303,103439,709,4,1,35,2023-01-20,Closed,Business Interruption,3702.11
502304,103439,709,4,1,35,2022-10-04,Closed,Business Interruption,3326.6
502305,103440,530,4,4,19,2025-03-17,Closed,Business Interruption,852.7
502306,103440,530,4,4,19,2024-06-29,Closed,Theft,11562.78
502307,103441,164,4,8,36,2025-09-06,Pending,Property Damage,19350.7
502308,103441,164,4,8,36,2025-08-20,Pending,Theft,21150.92
502309,103441,164,4,8,36,2025-06-06,Open,Business Interruption,4353.33
502310,103442,178,1,7,38,2024-05-24,Closed,Business Interruption,7215.85
502311,103443,794,3,4,5,2023-05-02,Pending,Theft,35219.77
502312,103446,658,3,5,20,2023-06-08,Closed,Theft,3843.01
502313,103446,658,3,5,20,2023-06-05,Closed,Theft,1112.13
502314,103447,1397,7,6,38,2022-07-29,Closed,Bodily Injury,4154.99
502315,103451,1145,2,3,9,2024-12-29,Closed,Other,15592.59
502316,103453,934,9,2,37,2025-11-07,Open,Business Interruption,5289.68
502317,103457,442,12,6,3,2024-01-23,Closed,Business Interruption,8039.06
502318,103458,1049,1,5,32,2025-04-13,Open,Theft,1957.41
502319,103458,1049,1,5,32,2024-12-10,Open,Other,7990.15
502320,103459,48,1,5,2,2023-07-22,Closed,Other,19546.85
502321,103459,48,1,5,2,2023-08-18,Closed,Business Interruption,11188.27
502322,103460,799,7,8,14,2023-03-03,Closed,Other,3378.49
502323,103462,968,1,3,32,2024-06-05,Open,Business Interruption,13999.43
502324,103462,968,1,3,32,2025-02-23,Closed,Property Damage,16460.38
502325,103462,968,1,3,32,2025-02-05,Closed,Liability,5384.69
502326,103464,910,12,7,27,2024-07-07,Closed,Business Interruption,2311.78
502327,103464,910,12,7,27,2025-01-28,Closed,Other,8810.93
502328,103470,666,9,5,19,2022-12-09,Closed,Property Damage,2781.21
502329,103472,1137,7,2,8,2023-11-14,Closed,Liability,4543.01
502330,103474,1454,10,6,10,2024-12-30,Open,Property Damage,985.54
502331,103475,21,10,5,26,2024-11-12,Closed,Liability,2235.1
502332,103476,1440,6,6,4,2025-08-20,Closed,Theft,20970.27
502333,103476,1440,6,6,4,2025-10-18,Pending,Theft,2013.54
502334,103477,529,4,4,2,2023-07-26,Closed,Other,5849.48
502335,103482,1124,1,2,24,2024-11-21,Closed,Bodily Injury,5249.43
502336,103483,360,9,1,4,2024-08-12,Closed,Property Damage,6930.56
502337,103486,719,3,6,11,2023-03-30,Closed,Other,2926.44
502338,103486,719,3,6,11,2023-09-02,Closed,Business Interruption,5663.76
502339,103486,719,3,6,11,2023-05-19,Open,Property Damage,4610.28
502340,103487,1115,4,5,25,2025-03-11,Pending,Theft,1575.38
502341,103488,386,9,7,35,2025-04-27,Open,Other,8691.43
502342,103489,848,4,5,36,2025-02-05,Closed,Property Damage,25947.29
502343,103490,6,10,6,22,2023-01-27,Open,Bodily Injury,6807.22
502344,103491,47,5,8,36,2024-04-12,Pending,Liability,12073.22
502345,103491,47,5,8,36,2024-03-15,Closed,Theft,2337.25
502346,103492,1451,2,7,37,2022-12-19,Rejected,Bodily Injury,14318.63
502347,103495,494,5,2,31,2025-07-25,Open,Theft,1735.7
502348,103495,494,5,2,31,2025-07-23,Open,Theft,4462.72
502349,103496,771,9,4,1,2022-09-11,Open,Other,13648.48
502350,103497,1013,6,6,25,2022-12-16,Closed,Liability,7493.5
502351,103499,1117,3,7,11,2023-11-15,Closed,Bodily Injury,6780.37
502352,103499,1117,3,7,11,2023-11-07,Closed,Property Damage,4882.91
502353,103499,1117,3,7,11,2023-11-15,Closed,Bodily Injury,4859.45
