claim_payment_id,claim_id,position_type,payment_date,payment_amount
1,500001,Initial,2023-08-25,585.96
2,500001,Additional,2024-02-02,181.86
3,500001,Additional,2023-11-25,699.55
4,500002,Initial,2025-09-15,3033.62
5,500002,Additional,2025-11-13,7407.29
6,500003,Initial,2025-01-07,1428.49
7,500003,Additional,2025-06-27,2062.97
8,500004,Initial,2023-08-20,2003.99
9,500004,Additional,2024-01-27,3058.4
10,500005,Initial,2025-11-11,488.82
11,500005,Additional,2026-05-28,865.16
12,500006,Initial,2023-03-13,4608.22
13,500006,Additional,2023-05-09,288.61
14,500006,Additional,2023-09-25,2063.83
15,500006,Additional,2023-04-20,348.35
16,500007,Initial,2023-03-24,248.6
17,500007,Additional,2023-07-12,433.56
18,500007,Additional,2023-04-03,122.6
19,500008,Initial,2023-01-13,2255.09
20,500008,Additional,2023-10-27,1742.77
21,500009,Initial,2022-12-11,5269.84
22,500009,Additional,2023-04-04,2806.68
23,500009,Additional,2023-06-02,1131.29
24,500010,Initial,2023-01-06,3475.06
25,500011,Initial,2023-08-31,589.03
26,500011,Additional,2023-09-20,66.09
27,500011,Additional,2024-02-14,559.56
28,500012,Initial,2023-11-30,202.46
29,500012,Additional,2024-06-24,386.46
30,500012,Additional,2024-05-16,150.95
31,500013,Initial,2023-07-09,4146.21
32,500013,Additional,2023-12-30,4100.86
33,500014,Initial,2022-09-16,1558.01
34,500014,Additional,2022-11-30,956.47
35,500015,Initial,2023-05-01,1340.93
36,500015,Additional,2023-08-23,1739.8
37,500015,Additional,2024-01-22,368.83
38,500016,Initial,2022-09-01,555.26
39,500016,Additional,2023-01-07,864.58
40,500016,Additional,2023-01-23,326.61
41,500016,Additional,2022-12-28,104.86
42,500017,Initial,2023-07-16,346.47
43,500017,Additional,2023-12-15,9.33
44,500017,Additional,2023-12-08,291.06
45,500018,Initial,2025-10-22,4522.09
46,500018,Additional,2026-07-15,635.61
47,500018,Additional,2025-12-21,2631.96
48,500019,Initial,2025-06-01,923.69
49,500019,Additional,2025-07-20,671.51
50,500020,Initial,2025-12-21,3607.53
51,500020,Additional,2026-06-04,2808.89
52,500021,Initial,2022-12-14,3637.46
53,500021,Additional,2023-07-25,2624.08
54,500022,Initial,2023-03-29,1259.67
55,500022,Additional,2023-04-24,1033.62
56,500023,Initial,2025-08-22,1154.68
57,500023,Additional,2026-02-03,473.04
58,500023,Additional,2025-11-04,1438.85
59,500023,Additional,2026-02-16,400.37
60,500024,Initial,2024-11-27,687.24
61,500024,Additional,2025-02-23,2.91
62,500024,Additional,2025-08-04,331.79
63,500024,Additional,2025-01-24,102.83
64,500025,Initial,2024-10-23,4669.84
65,500025,Additional,2025-04-20,6541.13
66,500025,Additional,2025-05-18,1350.83
67,500026,Initial,2023-10-22,5066.93
68,500026,Additional,2023-10-26,1394.9
69,500026,Additional,2023-10-27,1886.23
70,500027,Initial,2025-03-18,1050.99
71,500027,Additional,2025-09-29,106.46
72,500027,Additional,2025-07-05,589.58
73,500027,Additional,2025-09-08,57.64
74,500028,Initial,2024-11-25,725.1
75,500028,Additional,2025-05-21,1766.17
76,500029,Initial,2023-11-30,603.7
77,500029,Additional,2024-04-02,1316.09
78,500030,Initial,2023-10-23,1520.61
79,500030,Additional,2023-12-31,907.81
80,500031,Initial,2025-04-25,703.29
81,500033,Initial,2024-07-22,1913.24
82,500033,Additional,2024-08-29,2370.19
83,500033,Additional,2024-12-20,113.49
84,500034,Initial,2024-02-17,819.28
85,500034,Additional,2024-09-10,950.44
86,500036,Initial,2023-03-22,2132.59
87,500036,Additional,2023-09-20,3820.63
88,500037,Initial,2025-04-25,3516.0
89,500037,Additional,2025-07-14,2368.35
90,500037,Additional,2025-10-22,391.27
91,500038,Initial,2023-06-16,1509.0
92,500038,Additional,2024-02-19,2268.51
93,500038,Additional,2024-02-09,1285.09
94,500039,Initial,2023-09-06,5797.21
95,500039,Additional,2023-12-23,12669.29
96,500040,Initial,2025-09-02,1466.81
97,500041,Initial,2022-09-12,930.57
98,500041,Additional,2022-10-16,1416.55
99,500042,Initial,2022-04-21,3198.06
100,500042,Additional,2022-12-12,2256.23
101,500043,Initial,2022-05-27,2229.13
102,500043,Additional,2022-11-10,2995.63
103,500043,Additional,2022-10-25,555.8
104,500044,Initial,2023-02-05,508.11
105,500044,Additional,2023-07-16,1050.86
106,500044,Additional,2023-04-26,141.17
107,500045,Initial,2023-02-04,3245.6
108,500045,Additional,2023-06-11,2438.65
109,500046,Initial,2024-06-29,9107.06
110,500046,Additional,2025-02-27,4571.21
111,500046,Additional,2025-02-06,427.12
112,500047,Initial,2025-01-08,2633.7
113,500048,Initial,2023-11-06,951.57
114,500048,Additional,2024-02-01,1602.79
115,500048,Additional,2024-05-30,302.39
116,500049,Initial,2024-09-06,955.9
117,500049,Additional,2024-11-03,247.67
118,500049,Additional,2024-09-22,452.69
119,500050,Initial,2023-09-09,3325.03
120,500050,Additional,2024-05-14,2170.57
121,500050,Additional,2024-01-28,130.2
122,500051,Initial,2025-02-03,1080.62
123,500051,Additional,2025-09-09,2612.35
124,500052,Initial,2025-06-19,331.2
125,500052,Additional,2025-09-25,405.88
126,500052,Additional,2025-07-18,124.33
127,500052,Additional,2025-08-07,441.86
128,500053,Initial,2024-02-23,1082.54
129,500053,Additional,2024-11-27,68.79
130,500053,Additional,2024-12-02,1302.09
131,500054,Initial,2025-04-26,3548.63
132,500054,Additional,2025-08-31,3992.1
133,500055,Initial,2024-03-30,1182.88
134,500055,Additional,2024-04-16,1251.13
135,500056,Initial,2024-09-10,1168.76
136,500057,Initial,2022-07-04,366.17
137,500057,Additional,2022-08-24,930.43
138,500058,Initial,2024-08-27,5818.94
139,500058,Additional,2024-10-20,2545.58
140,500058,Additional,2024-12-03,11179.97
141,500059,Initial,2024-04-03,321.79
142,500060,Initial,2022-05-31,3788.98
143,500060,Additional,2022-12-31,2592.56
144,500061,Initial,2022-06-16,632.75
145,500061,Additional,2023-03-02,272.48
146,500061,Additional,2023-01-29,965.81
147,500061,Additional,2022-10-21,306.54
148,500062,Initial,2022-07-07,3071.45
149,500062,Additional,2022-09-06,3939.64
150,500063,Initial,2022-12-22,3320.36
151,500063,Additional,2023-02-08,152.61
152,500063,Additional,2023-02-26,1889.31
153,500064,Initial,2023-08-04,2090.14
154,500064,Additional,2023-10-12,376.35
155,500064,Additional,2024-01-15,2424.98
156,500065,Initial,2022-09-23,388.9
157,500065,Additional,2022-11-22,404.4
158,500065,Additional,2022-12-05,593.5
159,500066,Initial,2022-06-29,473.36
160,500066,Additional,2022-12-13,120.27
161,500066,Additional,2022-10-31,156.16
162,500067,Initial,2025-08-29,3435.18
163,500067,Additional,2026-03-28,8724.32
164,500068,Initial,2024-05-09,5467.13
165,500068,Additional,2025-01-02,1686.24
166,500068,Additional,2024-12-06,2161.63
167,500069,Initial,2024-03-31,1659.37
168,500069,Additional,2024-12-29,2101.17
169,500070,Initial,2024-12-10,660.29
170,500070,Additional,2025-01-12,322.77
171,500070,Additional,2025-05-30,301.6
172,500071,Initial,2024-10-09,1744.22
173,500072,Initial,2023-02-12,3051.19
174,500072,Additional,2023-07-28,7429.53
175,500073,Initial,2022-12-27,1735.61
176,500073,Additional,2023-01-17,821.68
177,500073,Additional,2023-07-23,1185.54
178,500074,Initial,2023-07-08,2722.92
179,500074,Additional,2023-07-25,4304.09
180,500074,Additional,2023-12-13,1046.43
181,500075,Initial,2024-06-11,6020.64
182,500075,Additional,2024-10-11,1289.68
183,500075,Additional,2024-10-18,3895.84
184,500076,Initial,2025-09-11,1711.68
185,500076,Additional,2026-02-25,1740.43
186,500076,Additional,2026-05-18,42.31
187,500076,Additional,2026-02-27,87.23
188,500077,Initial,2023-05-25,697.85
189,500077,Additional,2023-08-06,1153.15
190,500078,Initial,2023-09-05,1016.15
191,500078,Additional,2023-12-16,13.37
192,500078,Additional,2023-09-14,785.76
193,500078,Additional,2023-10-08,372.08
194,500079,Initial,2023-05-23,1318.11
195,500079,Additional,2023-11-21,34.3
196,500079,Additional,2024-02-20,1981.89
197,500079,Additional,2023-10-13,751.66
198,500080,Initial,2023-02-04,6155.78
199,500082,Initial,2024-08-17,2485.37
200,500082,Additional,2025-04-12,2980.43
201,500083,Initial,2025-08-17,1781.02
202,500083,Additional,2026-02-26,1964.33
203,500084,Initial,2025-07-27,383.73
204,500084,Additional,2026-01-29,528.68
205,500085,Initial,2026-01-06,1582.98
206,500085,Additional,2026-09-05,1951.79
207,500086,Initial,2023-11-01,684.99
208,500087,Initial,2023-03-22,394.02
209,500087,Additional,2023-11-03,462.32
210,500088,Initial,2022-12-04,717.08
211,500088,Additional,2023-06-19,2148.98
212,500089,Initial,2023-02-16,848.31
213,500089,Additional,2023-05-30,478.49
214,500089,Additional,2023-07-23,400.91
215,500089,Additional,2023-04-15,106.12
216,500090,Initial,2022-11-22,3259.58
217,500091,Initial,2024-09-06,2815.71
218,500091,Additional,2024-11-14,3126.9
219,500092,Initial,2024-01-13,2495.69
220,500092,Additional,2024-06-09,37.51
221,500092,Additional,2024-04-17,3459.35
222,500093,Initial,2023-02-14,874.41
223,500093,Additional,2023-04-27,911.59
224,500095,Initial,2024-11-01,1138.01
225,500095,Additional,2025-01-19,1925.47
226,500097,Initial,2025-11-15,1102.33
227,500097,Additional,2026-08-22,1694.08
228,500098,Initial,2024-12-15,300.01
229,500098,Additional,2025-01-11,158.25
230,500098,Additional,2025-05-22,119.51
231,500098,Additional,2025-04-14,48.3
232,500099,Initial,2024-08-06,2327.81
233,500099,Additional,2025-04-28,2537.92
234,500100,Initial,2023-03-03,750.85
235,500100,Additional,2023-08-08,760.88
236,500101,Initial,2025-04-23,753.91
237,500101,Additional,2025-11-15,1371.61
238,500102,Initial,2024-07-07,3787.02
239,500102,Additional,2025-02-01,1072.9
240,500102,Additional,2024-07-14,2316.24
241,500103,Initial,2024-06-23,2326.2
242,500103,Additional,2025-02-25,1655.74
243,500103,Additional,2025-03-02,502.37
244,500104,Initial,2025-03-15,2379.78
245,500104,Additional,2025-08-15,3660.66
246,500105,Initial,2022-04-13,1952.34
247,500105,Additional,2022-09-03,1139.13
248,500106,Initial,2025-05-06,2131.22
249,500106,Additional,2025-11-02,2267.85
250,500107,Initial,2023-05-06,887.88
251,500107,Additional,2023-08-02,1822.24
252,500108,Initial,2024-07-29,658.16
253,500109,Initial,2024-08-09,816.59
254,500109,Additional,2024-09-23,1261.89
255,500111,Initial,2022-12-12,1503.15
256,500111,Additional,2023-01-29,817.79
257,500112,Initial,2025-07-08,829.22
258,500112,Additional,2025-08-21,665.67
259,500112,Additional,2025-11-01,1542.63
260,500113,Initial,2023-12-12,3784.07
261,500113,Additional,2024-07-21,162.2
262,500113,Additional,2024-03-20,820.82
263,500113,Additional,2024-05-13,1640.44
264,500114,Initial,2023-03-27,4939.38
265,500114,Additional,2023-08-06,3688.14
266,500114,Additional,2023-10-27,314.45
267,500115,Initial,2022-10-16,4660.05
268,500115,Additional,2023-07-17,2831.12
269,500115,Additional,2023-02-05,2352.86
270,500116,Initial,2022-04-10,2182.04
271,500116,Additional,2022-11-15,3983.29
272,500117,Initial,2022-08-13,2122.34
273,500117,Additional,2022-12-07,1865.61
274,500118,Initial,2023-02-17,595.22
275,500118,Additional,2023-07-15,1026.89
276,500119,Initial,2022-09-06,1088.5
277,500119,Additional,2023-01-13,3150.4
278,500120,Initial,2025-08-25,839.79
279,500121,Initial,2025-03-15,943.18
280,500121,Additional,2025-04-03,176.21
281,500121,Additional,2025-07-26,774.38
282,500122,Initial,2023-03-27,653.84
283,500123,Initial,2025-11-14,898.43
284,500123,Additional,2026-06-16,16.5
285,500123,Additional,2026-02-19,493.48
286,500123,Additional,2025-12-25,85.48
287,500124,Initial,2024-04-20,1936.13
288,500124,Additional,2024-05-30,3326.74
289,500125,Initial,2024-04-14,1470.79
290,500125,Additional,2024-08-15,1736.74
291,500126,Initial,2025-01-04,366.15
292,500126,Additional,2025-02-22,116.01
293,500126,Additional,2025-07-13,85.43
294,500127,Initial,2022-12-22,5462.27
295,500127,Additional,2023-03-05,4126.36
296,500128,Initial,2023-02-03,1142.66
297,500128,Additional,2023-05-19,1766.25
298,500129,Initial,2025-11-22,4844.55
299,500129,Additional,2026-02-02,1896.45
300,500129,Additional,2026-06-11,2581.34
301,500130,Initial,2024-02-23,1370.91
302,500130,Additional,2024-09-10,905.56
303,500130,Additional,2024-04-26,241.77
304,500131,Initial,2024-12-25,3196.56
305,500131,Additional,2025-07-30,806.87
306,500131,Additional,2025-04-15,978.07
307,500131,Additional,2025-02-02,6280.45
308,500132,Initial,2023-09-14,1328.14
309,500132,Additional,2023-12-05,575.96
310,500132,Additional,2023-10-06,434.55
311,500133,Initial,2025-08-18,1141.2
312,500133,Additional,2026-01-18,1509.22
313,500133,Additional,2026-04-19,863.84
314,500134,Initial,2023-04-22,374.26
315,500134,Additional,2023-05-24,407.7
316,500134,Additional,2023-07-22,233.64
317,500135,Initial,2023-08-12,2435.51
318,500135,Additional,2023-10-07,3084.53
319,500136,Initial,2023-06-23,1000.1
320,500136,Additional,2024-02-01,490.46
321,500136,Additional,2023-12-02,693.95
322,500137,Initial,2023-03-14,578.27
323,500137,Additional,2023-08-30,501.3
324,500138,Initial,2022-11-12,1010.24
325,500139,Initial,2022-08-03,4926.29
326,500139,Additional,2022-08-15,3654.84
327,500140,Initial,2023-04-25,329.23
328,500140,Additional,2023-08-05,30.25
329,500140,Additional,2023-06-15,307.76
330,500142,Initial,2024-10-11,1243.35
331,500142,Additional,2025-06-19,477.62
332,500142,Additional,2025-07-02,622.62
333,500143,Initial,2023-10-01,6840.04
334,500143,Additional,2024-01-02,2300.45
335,500143,Additional,2024-04-08,11684.7
336,500144,Initial,2025-07-25,834.14
337,500144,Additional,2025-10-18,1808.47
338,500145,Initial,2025-03-07,544.22
339,500145,Additional,2025-06-29,986.2
340,500145,Additional,2025-10-14,55.62
341,500146,Initial,2025-02-23,4297.6
342,500146,Additional,2025-04-07,488.46
343,500146,Additional,2025-09-03,3486.8
344,500147,Initial,2025-01-25,1043.18
345,500147,Additional,2025-04-24,2014.59
346,500149,Initial,2023-05-17,1681.13
347,500149,Additional,2024-02-08,3268.37
348,500150,Initial,2024-10-09,2604.85
349,500151,Initial,2025-03-25,2890.59
350,500151,Additional,2025-09-04,6097.21
351,500152,Initial,2022-09-08,13618.35
352,500152,Additional,2023-05-08,4399.45
353,500152,Additional,2023-03-11,5273.78
354,500153,Initial,2023-02-23,78.12
355,500153,Additional,2023-04-15,114.83
356,500154,Initial,2022-07-27,637.68
357,500154,Additional,2023-02-26,819.45
358,500154,Additional,2023-01-24,136.78
359,500155,Initial,2024-09-25,3187.36
360,500155,Additional,2024-11-06,443.36
361,500155,Additional,2024-12-27,3983.4
362,500156,Initial,2025-09-13,2781.64
363,500156,Additional,2026-04-25,1901.48
364,500157,Initial,2024-01-27,8184.56
365,500157,Additional,2024-04-05,6570.43
366,500158,Initial,2023-02-13,7655.86
367,500158,Additional,2023-04-22,3205.43
368,500158,Additional,2023-07-16,6078.12
369,500159,Initial,2023-08-05,719.86
370,500159,Additional,2023-11-26,307.24
371,500159,Additional,2024-04-24,419.95
372,500160,Initial,2022-12-27,714.8
373,500160,Additional,2023-05-17,254.05
374,500160,Additional,2023-02-15,190.61
375,500161,Initial,2024-03-29,1639.02
376,500161,Additional,2024-04-26,2079.02
377,500162,Initial,2023-04-01,1991.26
378,500162,Additional,2023-11-28,2927.89
379,500163,Initial,2022-12-17,2103.94
380,500163,Additional,2023-01-25,178.91
381,500163,Additional,2023-01-30,546.91
382,500163,Additional,2023-08-10,866.81
383,500164,Initial,2024-08-28,1607.89
384,500164,Additional,2024-09-21,586.98
385,500164,Additional,2024-09-22,612.38
386,500165,Initial,2023-07-31,365.32
387,500165,Additional,2024-04-13,584.55
388,500166,Initial,2023-01-28,3303.02
389,500166,Additional,2023-09-13,485.02
390,500166,Additional,2023-07-01,1166.03
391,500166,Additional,2023-08-04,666.82
392,500167,Initial,2023-03-14,777.09
393,500167,Additional,2023-08-09,1414.98
394,500168,Initial,2023-05-12,7866.36
395,500168,Additional,2023-08-22,12520.49
396,500169,Initial,2023-07-07,3440.53
397,500169,Additional,2023-11-11,1158.61
398,500169,Additional,2023-10-23,965.41
399,500170,Initial,2022-05-27,5208.14
400,500171,Initial,2022-08-11,10998.7
401,500171,Additional,2023-03-13,1330.26
402,500171,Additional,2022-11-26,17562.59
403,500172,Initial,2023-09-22,1376.76
404,500172,Additional,2024-05-07,2508.25
405,500173,Initial,2023-06-05,451.36
406,500173,Additional,2024-02-12,608.74
407,500174,Initial,2023-05-30,2332.6
408,500174,Additional,2024-01-29,49.07
409,500174,Additional,2023-10-26,1439.56
410,500175,Initial,2023-05-25,2212.61
411,500175,Additional,2023-06-15,808.33
412,500175,Additional,2023-08-06,897.56
413,500176,Initial,2023-01-25,475.39
414,500176,Additional,2023-03-02,259.03
415,500176,Additional,2023-09-08,238.01
416,500177,Initial,2024-01-24,1023.01
417,500177,Additional,2024-08-16,99.12
418,500177,Additional,2024-04-14,310.11
419,500177,Additional,2024-11-03,141.63
420,500178,Initial,2023-08-28,532.63
421,500178,Additional,2024-02-12,277.37
422,500178,Additional,2023-11-20,159.72
423,500179,Initial,2025-02-04,523.49
424,500179,Additional,2025-09-02,124.58
425,500179,Additional,2025-06-11,797.33
426,500180,Initial,2025-06-06,1248.16
427,500180,Additional,2025-07-30,1058.13
428,500180,Additional,2026-01-14,933.37
429,500180,Additional,2026-01-22,1046.65
430,500181,Initial,2024-07-24,1014.78
431,500182,Initial,2024-12-26,3458.4
432,500182,Additional,2025-03-23,1867.4
433,500182,Additional,2025-09-07,2548.47
434,500183,Initial,2023-02-23,19264.43
435,500184,Initial,2023-11-12,3907.23
436,500184,Additional,2024-02-27,5798.55
437,500185,Initial,2022-09-24,431.23
438,500185,Additional,2022-11-08,556.64
439,500185,Additional,2022-11-23,456.88
440,500186,Initial,2024-04-05,1561.29
441,500186,Additional,2024-07-03,172.61
442,500186,Additional,2024-05-12,1111.04
443,500187,Initial,2024-01-20,3084.15
444,500187,Additional,2024-02-17,1868.0
445,500188,Initial,2024-01-26,1849.43
446,500188,Additional,2024-07-15,1148.72
447,500189,Initial,2024-11-01,1437.13
448,500190,Initial,2023-03-07,7181.78
449,500190,Additional,2023-11-12,7836.04
450,500191,Initial,2022-06-03,8060.11
451,500191,Additional,2022-10-11,2337.46
452,500191,Additional,2022-10-23,4629.95
453,500192,Initial,2024-11-06,4726.65
454,500192,Additional,2025-08-10,1150.35
455,500192,Additional,2025-03-16,429.46
456,500192,Additional,2025-05-25,1270.61
457,500194,Initial,2022-06-28,2480.93
458,500194,Additional,2022-08-14,5923.63
459,500194,Additional,2022-12-25,790.88
460,500195,Initial,2023-11-11,211.44
461,500195,Additional,2024-07-11,461.22
462,500195,Additional,2024-05-17,56.47
463,500196,Initial,2023-01-09,1225.36
464,500196,Additional,2023-02-27,1399.75
465,500197,Initial,2022-12-24,749.56
466,500197,Additional,2023-07-02,274.31
467,500197,Additional,2023-03-06,1557.62
468,500197,Additional,2023-07-25,19.38
469,500198,Initial,2022-09-08,6805.26
470,500198,Additional,2022-12-11,5586.44
471,500199,Initial,2023-01-15,2979.35
472,500199,Additional,2023-06-18,3595.33
473,500200,Initial,2023-03-20,780.98
474,500200,Additional,2023-07-03,284.55
475,500200,Additional,2023-11-23,258.73
476,500201,Initial,2023-02-27,2288.98
477,500201,Additional,2023-10-06,1649.55
478,500202,Initial,2023-11-26,766.41
479,500203,Initial,2025-06-20,1376.85
480,500203,Additional,2025-09-20,1720.33
481,500204,Initial,2023-04-20,400.33
482,500204,Additional,2023-05-19,1158.38
483,500205,Initial,2023-11-24,583.31
484,500205,Additional,2024-06-25,1558.64
485,500206,Initial,2022-09-19,2525.96
486,500207,Initial,2022-07-31,357.68
487,500208,Initial,2023-01-22,5025.51
488,500208,Additional,2023-03-12,1104.15
489,500208,Additional,2023-09-07,2157.69
490,500208,Additional,2023-07-18,944.88
491,500209,Initial,2024-02-21,285.52
492,500209,Additional,2024-07-14,479.89
493,500210,Initial,2022-11-28,1359.56
494,500210,Additional,2022-12-29,793.42
495,500210,Additional,2023-08-24,515.58
496,500212,Initial,2022-10-29,1417.87
497,500212,Additional,2022-11-02,1576.08
498,500212,Additional,2023-02-06,17.7
499,500213,Initial,2022-09-09,1067.07
500,500213,Additional,2022-12-06,751.26
501,500215,Initial,2024-08-09,2677.02
502,500215,Additional,2025-03-27,1013.57
503,500215,Additional,2024-09-23,6393.76
504,500216,Initial,2024-06-30,1988.35
505,500216,Additional,2024-12-08,2343.28
506,500217,Initial,2024-10-20,1916.73
507,500218,Initial,2023-10-27,5236.93
508,500218,Additional,2023-12-31,225.32
509,500218,Additional,2024-04-29,4060.64
510,500219,Initial,2023-10-18,906.57
511,500219,Additional,2024-05-30,1647.08
512,500219,Additional,2023-11-16,960.14
513,500220,Initial,2023-08-10,3930.82
514,500220,Additional,2023-09-22,391.75
515,500220,Additional,2024-01-20,6014.15
516,500221,Initial,2024-06-11,4236.19
517,500222,Initial,2023-10-21,1087.99
518,500222,Additional,2024-07-31,1779.94
519,500223,Initial,2023-10-12,4969.47
520,500223,Additional,2024-06-08,2218.21
521,500223,Additional,2024-04-30,1210.36
522,500223,Additional,2023-12-04,196.09
523,500224,Initial,2023-09-09,3575.47
524,500224,Additional,2024-03-02,24.45
525,500224,Additional,2024-04-23,1910.45
526,500225,Initial,2024-05-09,1083.97
527,500225,Additional,2024-06-18,1190.19
528,500226,Initial,2023-04-25,1576.39
529,500226,Additional,2023-08-23,621.27
530,500226,Additional,2023-06-04,250.39
531,500227,Initial,2023-03-20,1417.89
532,500227,Additional,2024-01-02,2760.85
533,500228,Initial,2025-09-11,1727.49
534,500228,Additional,2026-05-26,3079.96
535,500228,Additional,2025-11-30,67.95
536,500229,Initial,2024-07-24,3473.04
537,500229,Additional,2025-01-05,4323.27
538,500230,Initial,2025-02-11,478.1
539,500230,Additional,2025-09-02,171.25
540,500230,Additional,2025-08-07,1147.5
541,500231,Initial,2024-10-19,1099.32
542,500231,Additional,2025-01-08,434.01
543,500231,Additional,2025-05-03,711.99
544,500232,Initial,2022-08-06,720.94
545,500233,Initial,2022-08-10,1570.8
546,500233,Additional,2023-04-04,1688.79
547,500234,Initial,2022-07-23,2635.13
548,500235,Initial,2023-01-10,2409.66
549,500235,Additional,2023-03-26,2476.03
550,500236,Initial,2022-10-23,4309.11
551,500238,Initial,2024-04-12,2833.06
552,500238,Additional,2024-08-10,2533.23
553,500239,Initial,2024-05-10,1455.17
554,500239,Additional,2024-10-10,608.67
555,500239,Additional,2024-12-28,704.19
556,500239,Additional,2024-07-31,355.85
557,500240,Initial,2023-07-11,1553.0
558,500240,Additional,2023-10-31,1557.46
559,500241,Initial,2024-11-18,1255.91
560,500241,Additional,2025-02-03,2510.98
561,500242,Initial,2024-10-06,6079.25
562,500242,Additional,2025-02-26,2593.16
563,500242,Additional,2025-03-14,1893.22
564,500243,Initial,2024-10-19,495.71
565,500243,Additional,2025-03-16,532.84
566,500243,Additional,2025-04-05,227.63
567,500244,Initial,2024-02-08,13119.3
568,500244,Additional,2024-05-30,15556.68
569,500245,Initial,2024-05-20,419.88
570,500245,Additional,2024-08-07,579.21
571,500245,Additional,2024-11-17,23.36
572,500247,Initial,2025-11-20,1251.64
573,500247,Additional,2026-02-15,116.31
574,500247,Additional,2025-12-26,643.22
575,500248,Initial,2024-01-11,1091.63
576,500248,Additional,2024-06-11,2871.38
577,500249,Initial,2024-04-10,724.98
578,500249,Additional,2024-11-16,707.79
579,500250,Initial,2024-07-30,13584.22
580,500250,Additional,2024-11-12,4079.66
581,500250,Additional,2025-02-02,12263.04
582,500250,Additional,2024-12-25,2663.81
583,500251,Initial,2022-10-07,1726.45
584,500251,Additional,2022-11-21,1410.67
585,500252,Initial,2022-12-02,2776.82
586,500252,Additional,2023-07-04,5081.86
587,500253,Initial,2022-07-14,2501.29
588,500253,Additional,2023-01-14,184.17
589,500253,Additional,2022-09-26,1149.38
590,500253,Additional,2023-03-03,199.63
591,500254,Initial,2022-07-24,1453.88
592,500254,Additional,2023-01-03,617.08
593,500254,Additional,2022-12-15,340.03
594,500254,Additional,2022-08-20,137.99
595,500255,Initial,2024-03-28,925.68
596,500255,Additional,2024-08-05,288.52
597,500255,Additional,2024-08-03,389.14
598,500257,Initial,2023-07-07,2395.41
599,500257,Additional,2023-11-12,1213.54
600,500257,Additional,2023-11-12,721.93
601,500257,Additional,2023-11-30,1562.71
602,500258,Initial,2025-09-20,8743.49
603,500258,Additional,2026-02-06,4635.34
604,500258,Additional,2026-01-24,10921.84
605,500259,Initial,2026-01-12,1352.86
606,500259,Additional,2026-04-08,844.4
607,500260,Initial,2025-11-21,1914.26
608,500260,Additional,2026-08-17,1609.15
609,500261,Initial,2025-03-24,684.71
610,500262,Initial,2023-10-17,604.44
611,500262,Additional,2024-04-30,603.83
612,500262,Additional,2024-06-14,470.79
613,500262,Additional,2023-11-13,459.29
614,500263,Initial,2022-09-03,1661.49
615,500264,Initial,2022-05-22,2707.45
616,500264,Additional,2023-02-08,1998.06
617,500264,Additional,2022-09-18,1065.21
618,500265,Initial,2023-02-15,3336.18
619,500265,Additional,2023-05-18,4285.49
620,500266,Initial,2023-02-24,1444.99
621,500266,Additional,2023-03-17,929.26
622,500266,Additional,2023-07-12,568.21
623,500266,Additional,2023-10-29,307.85
624,500267,Initial,2023-02-11,2400.46
625,500267,Additional,2023-06-19,2791.75
626,500267,Additional,2023-11-09,1129.35
627,500268,Initial,2023-05-17,2609.67
628,500268,Additional,2024-01-18,6473.54
629,500269,Initial,2022-09-15,293.56
630,500269,Additional,2023-04-06,269.69
631,500269,Additional,2022-11-27,355.35
632,500270,Initial,2025-04-10,837.77
633,500270,Additional,2025-09-25,711.57
634,500270,Additional,2025-09-06,162.63
635,500271,Initial,2025-08-28,536.62
636,500271,Additional,2025-11-08,474.49
637,500272,Initial,2026-02-10,1241.34
638,500272,Additional,2026-10-08,1101.98
639,500272,Additional,2026-05-14,851.05
640,500273,Initial,2024-10-13,2637.0
641,500273,Additional,2025-05-09,5023.47
642,500274,Initial,2023-12-12,358.03
643,500274,Additional,2024-06-01,95.68
644,500274,Additional,2024-05-16,615.06
645,500275,Initial,2023-02-06,1673.23
646,500275,Additional,2023-06-17,4473.88
647,500276,Initial,2023-04-09,518.05
648,500276,Additional,2023-06-10,1439.18
649,500277,Initial,2022-10-21,2583.05
650,500277,Additional,2022-11-09,1378.8
651,500277,Additional,2023-03-07,135.32
652,500278,Initial,2022-11-16,454.12
653,500278,Additional,2023-02-07,451.13
654,500278,Additional,2023-06-08,119.99
655,500279,Initial,2022-03-20,1737.86
656,500279,Additional,2022-07-08,1246.9
657,500279,Additional,2022-11-25,2973.85
658,500280,Initial,2022-03-10,1265.68
659,500280,Additional,2022-10-30,479.05
660,500280,Additional,2022-10-17,482.41
661,500281,Initial,2026-02-19,330.1
662,500281,Additional,2026-04-07,150.38
663,500281,Additional,2026-09-04,42.08
664,500282,Initial,2026-04-04,513.04
665,500282,Additional,2026-11-10,710.88
666,500282,Additional,2026-10-27,207.16
667,500283,Initial,2024-10-04,174.27
668,500283,Additional,2025-05-31,282.86
669,500284,Initial,2024-08-09,1240.45
670,500284,Additional,2024-09-27,796.97
671,500284,Additional,2024-12-28,42.97
672,500285,Initial,2022-12-15,1789.61
673,500285,Additional,2023-05-21,1233.89
674,500286,Initial,2022-08-03,2972.14
675,500286,Additional,2022-08-23,2151.4
676,500287,Initial,2025-05-25,1082.55
677,500287,Additional,2025-09-10,567.51
678,500287,Additional,2025-06-01,1101.41
679,500288,Initial,2025-07-20,1375.28
680,500288,Additional,2026-04-15,1666.33
681,500289,Initial,2024-10-25,867.36
682,500289,Additional,2025-05-21,246.04
683,500289,Additional,2025-03-19,375.32
684,500290,Initial,2023-05-21,1180.31
685,500290,Additional,2023-08-03,2824.0
686,500291,Initial,2022-09-19,3134.7
687,500291,Additional,2022-12-23,314.12
688,500291,Additional,2022-12-31,3238.88
689,500292,Initial,2023-01-23,528.57
690,500292,Additional,2023-04-17,870.75
691,500293,Initial,2024-01-21,2356.75
692,500293,Additional,2024-09-23,2362.51
693,500294,Initial,2023-01-06,958.13
694,500295,Initial,2022-07-21,2014.58
695,500295,Additional,2022-11-17,1686.69
696,500296,Initial,2023-12-14,667.05
697,500296,Additional,2024-08-05,725.27
698,500297,Initial,2023-03-15,2875.16
699,500298,Initial,2022-06-22,932.2
700,500298,Additional,2023-01-16,2588.76
701,500299,Initial,2024-01-24,1298.26
702,500299,Additional,2024-10-10,325.66
703,500299,Additional,2024-08-09,694.34
704,500300,Initial,2023-06-05,1727.05
705,500300,Additional,2023-07-28,1314.0
706,500301,Initial,2024-02-07,479.21
707,500301,Additional,2024-10-30,685.06
708,500301,Additional,2024-08-24,6.25
709,500301,Additional,2024-03-01,429.05
710,500302,Initial,2024-07-08,106.44
711,500302,Additional,2025-02-11,206.94
712,500303,Initial,2025-09-30,505.71
713,500303,Additional,2026-05-16,1311.73
714,500304,Initial,2025-09-20,300.84
715,500304,Additional,2025-09-26,231.87
716,500304,Additional,2026-02-14,82.19
717,500304,Additional,2025-09-24,411.93
718,500305,Initial,2025-01-26,8281.48
719,500305,Additional,2025-06-01,5926.82
720,500305,Additional,2025-03-30,1314.49
721,500306,Initial,2025-04-04,21687.51
722,500306,Additional,2025-11-28,6003.9
723,500306,Additional,2025-08-31,7218.24
724,500306,Additional,2025-10-09,3228.15
725,500307,Initial,2023-10-20,7758.16
726,500307,Additional,2024-04-29,10848.09
727,500308,Initial,2023-10-25,4614.45
728,500308,Additional,2023-11-20,3510.18
729,500309,Initial,2025-05-31,796.56
730,500309,Additional,2025-08-05,1117.18
731,500309,Additional,2025-09-13,219.64
732,500310,Initial,2025-01-16,478.42
733,500310,Additional,2025-07-13,1391.25
734,500311,Initial,2023-11-01,2541.56
735,500311,Additional,2024-03-04,2549.67
736,500311,Additional,2023-12-15,2653.76
737,500312,Initial,2025-10-13,850.19
738,500312,Additional,2025-12-12,2149.88
739,500313,Initial,2022-12-28,10614.52
740,500313,Additional,2023-06-18,6767.89
741,500314,Initial,2024-06-04,2088.45
742,500314,Additional,2024-10-23,3690.49
743,500314,Additional,2024-08-13,119.23
744,500315,Initial,2024-12-06,382.88
745,500315,Additional,2025-03-14,617.07
746,500315,Additional,2025-05-13,446.61
747,500316,Initial,2025-08-20,739.15
748,500316,Additional,2026-01-15,181.36
749,500316,Additional,2026-03-22,407.23
750,500317,Initial,2023-10-01,2546.97
751,500317,Additional,2024-01-24,3344.62
752,500318,Initial,2022-12-17,1777.8
753,500319,Initial,2023-02-02,2379.16
754,500319,Additional,2023-11-11,1697.19
755,500319,Additional,2023-09-29,419.17
756,500320,Initial,2025-06-25,2143.6
757,500320,Additional,2026-01-21,1867.62
758,500321,Initial,2023-10-17,1768.89
759,500321,Additional,2024-01-22,4340.27
760,500322,Initial,2023-09-14,883.0
761,500322,Additional,2023-10-04,721.71
762,500323,Initial,2023-07-04,3529.33
763,500323,Additional,2023-08-08,2738.07
764,500323,Additional,2023-08-27,638.91
765,500323,Additional,2024-02-03,682.67
766,500324,Initial,2023-09-25,997.27
767,500324,Additional,2024-02-10,1130.28
768,500324,Additional,2023-12-27,207.34
769,500324,Additional,2023-11-13,508.88
770,500325,Initial,2023-12-16,3845.21
771,500325,Additional,2024-01-19,8220.89
772,500326,Initial,2023-08-31,209.9
773,500326,Additional,2023-10-05,132.04
774,500327,Initial,2023-11-21,2497.73
775,500327,Additional,2024-08-27,1525.33
776,500328,Initial,2025-05-12,546.36
777,500328,Additional,2025-11-17,1501.9
778,500328,Additional,2025-11-03,35.58
779,500329,Initial,2023-09-26,1287.7
780,500329,Additional,2024-06-19,2929.17
781,500330,Initial,2024-07-03,227.24
782,500331,Initial,2024-01-19,1163.02
783,500332,Initial,2025-10-30,623.69
784,500332,Additional,2026-06-12,1563.02
785,500333,Initial,2025-06-14,735.93
786,500333,Additional,2025-07-14,576.58
787,500334,Initial,2023-07-09,1337.54
788,500334,Additional,2024-03-01,675.69
789,500334,Additional,2024-03-26,318.98
790,500335,Initial,2023-04-17,2591.23
791,500335,Additional,2023-09-10,1484.05
792,500335,Additional,2023-10-14,1425.61
793,500335,Additional,2023-07-21,290.66
794,500336,Initial,2023-03-20,106.75
795,500336,Additional,2023-09-28,247.18
796,500338,Initial,2024-08-05,3236.93
797,500338,Additional,2025-02-13,7335.55
798,500339,Initial,2025-02-02,245.44
799,500339,Additional,2025-06-04,107.28
800,500339,Additional,2025-10-24,88.67
801,500340,Initial,2025-05-09,1179.58
802,500340,Additional,2025-06-25,1281.63
803,500341,Initial,2024-02-24,678.57
804,500341,Additional,2024-04-21,401.16
805,500342,Initial,2024-03-22,4624.97
806,500342,Additional,2024-05-08,6318.73
807,500343,Initial,2023-01-30,23943.44
808,500343,Additional,2023-05-17,22006.72
809,500344,Initial,2023-11-14,259.35
810,500344,Additional,2024-08-16,496.3
811,500345,Initial,2024-02-15,1602.0
812,500345,Additional,2024-02-25,854.46
813,500345,Additional,2024-02-29,551.99
814,500346,Initial,2024-02-26,2243.51
815,500346,Additional,2024-11-17,299.54
816,500346,Additional,2024-05-08,2439.48
817,500346,Additional,2024-09-10,137.64
818,500347,Initial,2024-01-09,3852.95
819,500347,Additional,2024-05-30,2721.47
820,500348,Initial,2023-10-04,1929.74
821,500348,Additional,2024-01-11,1773.82
822,500348,Additional,2023-12-10,770.58
823,500349,Initial,2023-02-25,3607.5
824,500349,Additional,2023-11-28,2989.15
825,500350,Initial,2024-01-12,789.82
826,500350,Additional,2024-09-22,572.16
827,500351,Initial,2023-08-26,1770.98
828,500351,Additional,2023-12-23,1710.13
829,500351,Additional,2024-01-10,928.16
830,500352,Initial,2022-08-10,15457.01
831,500352,Additional,2023-04-26,3866.03
832,500352,Additional,2022-11-22,12922.5
833,500353,Initial,2022-05-09,708.75
834,500354,Initial,2025-04-30,3670.19
835,500354,Additional,2025-08-14,1441.43
836,500354,Additional,2025-08-04,4037.05
837,500355,Initial,2024-04-01,652.59
838,500355,Additional,2024-08-20,1050.7
839,500356,Initial,2024-01-06,3361.09
840,500356,Additional,2024-04-30,5095.36
841,500356,Additional,2024-08-15,4015.08
842,500357,Initial,2024-01-26,1870.82
843,500357,Additional,2024-10-02,2438.34
844,500358,Initial,2024-12-23,2815.98
845,500358,Additional,2025-08-02,4957.54
846,500359,Initial,2025-10-06,614.9
847,500359,Additional,2026-06-13,289.76
848,500359,Additional,2025-12-12,143.82
849,500360,Initial,2025-02-14,4066.25
850,500360,Additional,2025-04-17,923.18
851,500360,Additional,2025-11-18,1692.93
852,500361,Initial,2024-02-18,537.04
853,500361,Additional,2024-05-19,872.58
854,500362,Initial,2024-07-30,3465.8
855,500362,Additional,2024-12-20,5448.4
856,500363,Initial,2023-06-24,307.36
857,500364,Initial,2023-03-06,861.56
858,500364,Additional,2023-07-10,1275.94
859,500364,Additional,2023-04-29,74.37
860,500365,Initial,2023-05-23,1089.08
861,500365,Additional,2023-11-10,713.07
862,500366,Initial,2025-06-21,928.32
863,500366,Additional,2025-12-23,1001.64
864,500367,Initial,2024-04-02,1236.77
865,500367,Additional,2024-07-25,563.71
866,500367,Additional,2024-06-19,273.87
867,500368,Initial,2023-01-08,251.34
868,500369,Initial,2022-11-11,6414.34
869,500369,Additional,2023-06-03,4067.59
870,500369,Additional,2023-02-26,369.47
871,500370,Initial,2022-10-07,2921.79
872,500370,Additional,2023-04-28,3630.91
873,500370,Additional,2022-12-06,952.65
874,500370,Additional,2023-03-31,615.59
875,500371,Initial,2022-12-09,533.01
876,500371,Additional,2023-05-04,615.04
877,500371,Additional,2023-06-26,863.49
878,500372,Initial,2025-11-16,363.1
879,500372,Additional,2026-04-01,1084.09
880,500373,Initial,2024-03-31,180.58
881,500373,Additional,2024-10-03,312.1
882,500374,Initial,2024-11-09,7791.14
883,500375,Initial,2025-08-22,4139.99
884,500375,Additional,2026-01-11,1727.38
885,500375,Additional,2025-11-11,665.97
886,500375,Additional,2026-04-16,2404.86
887,500376,Initial,2025-03-14,1290.22
888,500376,Additional,2025-09-08,72.43
889,500376,Additional,2025-08-03,145.81
890,500376,Additional,2025-09-05,685.3
891,500377,Initial,2024-09-29,326.39
892,500377,Additional,2025-06-15,710.01
893,500378,Initial,2025-03-04,2973.39
894,500378,Additional,2025-05-04,3901.72
895,500379,Initial,2022-09-06,1583.34
896,500379,Additional,2023-01-15,285.49
897,500379,Additional,2023-01-12,791.59
898,500380,Initial,2022-11-25,1105.53
899,500381,Initial,2025-09-16,1348.64
900,500382,Initial,2025-06-10,4900.75
901,500382,Additional,2025-11-17,173.64
902,500382,Additional,2025-11-21,1223.22
903,500382,Additional,2025-10-14,1670.68
904,500383,Initial,2024-10-31,3228.46
905,500383,Additional,2024-12-23,2501.68
906,500384,Initial,2024-09-10,1142.07
907,500385,Initial,2025-04-10,1766.26
908,500385,Additional,2025-06-02,2216.86
909,500386,Initial,2022-11-03,966.31
910,500386,Additional,2023-06-09,567.2
911,500386,Additional,2023-05-09,1437.93
912,500387,Initial,2024-08-10,4016.55
913,500388,Initial,2025-01-23,4870.92
914,500388,Additional,2025-04-15,98.39
915,500388,Additional,2025-10-10,9420.01
916,500389,Initial,2024-06-08,198.16
917,500389,Additional,2024-07-26,301.23
918,500390,Initial,2024-08-29,5217.29
919,500390,Additional,2025-05-18,4090.03
920,500391,Initial,2023-12-10,772.53
921,500391,Additional,2023-12-26,41.13
922,500391,Additional,2024-06-02,538.95
923,500392,Initial,2023-12-28,696.64
924,500393,Initial,2025-05-08,952.89
925,500393,Additional,2025-07-28,523.63
926,500393,Additional,2026-01-03,81.84
927,500394,Initial,2025-01-22,2068.89
928,500394,Additional,2025-04-11,1132.42
929,500394,Additional,2025-08-15,550.55
930,500395,Initial,2025-03-16,1734.83
931,500395,Additional,2025-06-03,1890.75
932,500395,Additional,2025-09-04,2061.31
933,500395,Additional,2025-07-07,979.18
934,500396,Initial,2025-08-19,328.46
935,500396,Additional,2025-11-25,435.37
936,500397,Initial,2025-08-18,3151.43
937,500397,Additional,2025-10-07,385.01
938,500397,Additional,2026-03-17,1537.57
939,500397,Additional,2025-10-27,966.01
940,500398,Initial,2023-12-07,701.32
941,500398,Additional,2024-05-04,166.09
942,500398,Additional,2024-07-13,205.32
943,500398,Additional,2024-04-16,214.18
944,500399,Initial,2024-09-05,565.31
945,500399,Additional,2024-09-20,134.38
946,500399,Additional,2024-12-30,279.15
947,500400,Initial,2024-01-18,4106.01
948,500400,Additional,2024-10-06,2370.87
949,500401,Initial,2023-08-17,468.12
950,500401,Additional,2024-05-13,37.6
951,500401,Additional,2023-12-03,1004.58
952,500402,Initial,2023-06-04,679.84
953,500402,Additional,2023-10-08,1017.53
954,500402,Additional,2023-07-24,525.26
955,500403,Initial,2022-12-28,1267.49
956,500404,Initial,2023-02-19,676.95
957,500404,Additional,2023-09-27,559.33
958,500405,Initial,2023-01-05,8223.66
959,500405,Additional,2023-06-21,22281.57
960,500406,Initial,2025-01-31,885.36
961,500406,Additional,2025-07-05,468.3
962,500406,Additional,2025-03-18,294.02
963,500407,Initial,2025-12-20,3277.12
964,500407,Additional,2026-03-20,1019.44
965,500407,Additional,2026-05-29,2523.37
966,500408,Initial,2023-06-26,970.1
967,500408,Additional,2024-02-19,529.91
968,500409,Initial,2023-06-08,578.2
969,500409,Additional,2023-12-29,812.4
970,500410,Initial,2024-02-04,103.85
971,500411,Initial,2024-01-10,518.83
972,500411,Additional,2024-07-02,334.1
973,500411,Additional,2024-02-15,90.54
974,500412,Initial,2023-11-23,285.05
975,500412,Additional,2024-01-20,97.78
976,500412,Additional,2024-06-07,456.23
977,500413,Initial,2023-07-25,3257.26
978,500413,Additional,2023-09-14,295.12
979,500413,Additional,2023-08-27,1468.85
980,500414,Initial,2023-03-08,1019.68
981,500414,Additional,2023-11-06,1079.92
982,500415,Initial,2022-11-09,1076.23
983,500415,Additional,2023-08-20,1166.55
984,500416,Initial,2023-08-31,1995.68
985,500417,Initial,2024-01-11,254.58
986,500418,Initial,2024-07-08,217.71
987,500418,Additional,2024-12-21,496.05
988,500419,Initial,2022-10-31,4683.93
989,500419,Additional,2023-01-15,3304.02
990,500419,Additional,2023-07-07,3977.54
991,500420,Initial,2025-02-10,3114.36
992,500420,Additional,2025-03-16,534.14
993,500420,Additional,2025-10-05,2979.26
994,500421,Initial,2025-04-11,11981.28
995,500421,Additional,2025-06-12,2996.44
996,500421,Additional,2025-06-18,7027.22
997,500421,Additional,2025-12-17,131.09
998,500422,Initial,2022-05-12,2643.91
999,500422,Additional,2022-08-05,270.1
1000,500422,Additional,2023-02-07,3119.55
1001,500423,Initial,2025-11-10,1337.18
1002,500423,Additional,2026-07-19,652.32
1003,500423,Additional,2026-04-21,777.36
1004,500423,Additional,2026-02-11,2189.74
1005,500424,Initial,2023-01-27,9055.57
1006,500424,Additional,2023-04-06,19546.97
1007,500425,Initial,2025-03-06,1407.04
1008,500425,Additional,2025-12-12,1051.45
1009,500426,Initial,2022-08-05,4936.61
1010,500427,Initial,2023-09-03,2868.26
1011,500427,Additional,2023-10-07,3586.45
1012,500428,Initial,2023-02-01,1258.4
1013,500428,Additional,2023-07-18,344.01
1014,500428,Additional,2023-08-23,98.72
1015,500428,Additional,2023-07-21,663.87
1016,500429,Initial,2024-12-30,2550.23
1017,500429,Additional,2025-04-01,1372.79
1018,500429,Additional,2025-08-23,710.17
1019,500430,Initial,2025-12-22,1168.64
1020,500430,Additional,2026-04-07,1932.35
1021,500431,Initial,2025-03-05,880.44
1022,500431,Additional,2025-10-09,2583.77
1023,500432,Initial,2024-12-27,1026.03
1024,500432,Additional,2025-06-04,392.8
1025,500432,Additional,2025-04-14,594.51
1026,500432,Additional,2025-08-02,832.12
1027,500433,Initial,2025-03-09,1102.23
1028,500433,Additional,2025-05-04,1916.78
1029,500434,Initial,2023-10-28,787.83
1030,500434,Additional,2023-12-31,923.23
1031,500434,Additional,2024-04-15,701.22
1032,500435,Initial,2025-03-06,212.77
1033,500435,Additional,2025-09-15,40.94
1034,500435,Additional,2025-08-15,412.87
1035,500436,Initial,2024-05-17,2598.02
1036,500436,Additional,2024-08-25,2448.87
1037,500436,Additional,2024-08-23,554.06
1038,500437,Initial,2023-12-14,2042.16
1039,500437,Additional,2024-03-04,2222.94
1040,500438,Initial,2024-12-26,3980.97
1041,500438,Additional,2025-09-28,4770.72
1042,500439,Initial,2023-10-22,1191.35
1043,500439,Additional,2024-05-01,1225.01
1044,500440,Initial,2023-03-10,2032.58
1045,500440,Additional,2023-10-18,2477.11
1046,500441,Initial,2024-08-11,438.11
1047,500441,Additional,2024-08-27,1082.48
1048,500442,Initial,2026-03-03,758.69
1049,500442,Additional,2026-07-31,524.94
1050,500442,Additional,2026-05-14,574.47
1051,500443,Initial,2025-10-10,3357.83
1052,500443,Additional,2026-02-06,4112.47
1053,500443,Additional,2025-12-21,2852.95
1054,500443,Additional,2026-07-10,532.05
1055,500444,Initial,2023-07-18,8923.85
1056,500444,Additional,2023-10-03,2465.19
1057,500444,Additional,2024-03-06,3098.08
1058,500445,Initial,2023-01-29,4967.76
1059,500445,Additional,2023-05-05,3291.52
1060,500446,Initial,2022-06-21,113.09
1061,500446,Additional,2022-08-07,129.37
1062,500447,Initial,2025-01-07,508.69
1063,500447,Additional,2025-03-10,19.44
1064,500447,Additional,2025-05-16,394.31
1065,500448,Initial,2023-11-04,32079.19
1066,500448,Additional,2024-05-10,35486.31
1067,500449,Initial,2023-11-11,262.1
1068,500449,Additional,2024-06-02,173.25
1069,500449,Additional,2023-12-06,188.31
1070,500450,Initial,2022-04-24,1049.7
1071,500451,Initial,2022-09-06,2328.95
1072,500451,Additional,2022-10-29,1279.42
1073,500452,Initial,2022-10-18,153.22
1074,500452,Additional,2023-03-28,267.52
1075,500453,Initial,2022-03-16,948.66
1076,500453,Additional,2022-12-13,584.71
1077,500453,Additional,2022-11-08,177.43
1078,500453,Additional,2022-11-21,940.71
1079,500454,Initial,2025-01-07,1434.97
1080,500454,Additional,2025-09-25,269.03
1081,500454,Additional,2025-01-25,754.45
1082,500455,Initial,2023-08-24,1566.08
1083,500455,Additional,2023-11-25,3331.84
1084,500455,Additional,2023-11-24,104.66
1085,500455,Additional,2024-02-19,150.24
1086,500456,Initial,2024-12-02,1295.31
1087,500456,Additional,2025-09-02,974.34
1088,500457,Initial,2024-09-16,7289.5
1089,500457,Additional,2025-01-10,4835.28
1090,500457,Additional,2025-01-09,5277.5
1091,500458,Initial,2025-01-19,1791.05
1092,500458,Additional,2025-07-10,4949.6
1093,500460,Initial,2025-06-10,2015.24
1094,500460,Additional,2025-07-19,1186.31
1095,500461,Initial,2025-05-01,1104.14
1096,500461,Additional,2025-12-01,968.79
1097,500461,Additional,2025-12-17,1818.52
1098,500462,Initial,2024-11-12,583.1
1099,500462,Additional,2025-03-05,447.62
1100,500463,Initial,2025-05-07,1377.67
1101,500463,Additional,2026-01-04,3803.85
1102,500464,Initial,2024-08-27,464.72
1103,500464,Additional,2025-01-08,680.53
1104,500465,Initial,2024-09-29,1927.36
1105,500465,Additional,2024-11-12,3412.38
1106,500466,Initial,2022-07-04,1061.61
1107,500466,Additional,2022-09-27,769.56
1108,500466,Additional,2022-09-06,770.33
1109,500467,Initial,2022-04-10,4568.37
1110,500467,Additional,2022-06-27,5044.71
1111,500467,Additional,2022-06-27,5461.67
1112,500468,Initial,2022-04-02,4504.89
1113,500468,Additional,2022-10-04,7316.04
1114,500469,Initial,2022-10-16,482.0
1115,500469,Additional,2023-01-11,521.03
1116,500469,Additional,2022-12-24,630.26
1117,500470,Initial,2024-11-07,2344.5
1118,500470,Additional,2024-12-21,1867.42
1119,500471,Initial,2025-05-27,4255.25
1120,500472,Initial,2023-02-20,2259.24
1121,500473,Initial,2025-03-19,297.05
1122,500473,Additional,2025-12-01,469.9
1123,500475,Initial,2022-08-25,3685.09
1124,500476,Initial,2022-11-30,1188.07
1125,500476,Additional,2023-03-24,271.76
1126,500476,Additional,2023-05-15,388.96
1127,500477,Initial,2022-08-11,1386.16
1128,500477,Additional,2023-01-18,1304.6
1129,500478,Initial,2025-02-01,540.39
1130,500478,Additional,2025-03-12,231.29
1131,500478,Additional,2025-07-31,477.42
1132,500479,Initial,2025-02-14,224.03
1133,500479,Additional,2025-05-04,327.12
1134,500479,Additional,2025-08-01,174.89
1135,500479,Additional,2025-11-22,165.39
1136,500480,Initial,2024-12-15,476.77
1137,500480,Additional,2025-06-13,1173.81
1138,500481,Initial,2023-06-13,2457.81
1139,500481,Additional,2024-01-08,471.83
1140,500481,Additional,2023-08-21,860.41
1141,500481,Additional,2024-02-22,140.65
1142,500482,Initial,2023-08-03,3193.07
1143,500482,Additional,2023-12-03,1813.6
1144,500482,Additional,2024-01-16,1699.32
1145,500483,Initial,2024-06-09,3077.48
1146,500483,Additional,2024-07-20,1484.74
1147,500483,Additional,2025-02-08,4907.27
1148,500484,Initial,2024-04-12,5374.26
1149,500484,Additional,2024-06-11,5322.93
1150,500484,Additional,2024-11-01,4539.79
1151,500485,Initial,2023-03-05,5730.8
1152,500485,Additional,2023-11-12,5602.67
1153,500486,Initial,2024-12-24,125.42
1154,500487,Initial,2024-07-08,743.06
1155,500487,Additional,2024-12-17,789.54
1156,500487,Additional,2024-07-28,334.64
1157,500488,Initial,2023-09-01,1333.37
1158,500488,Additional,2024-05-13,2229.81
1159,500489,Initial,2023-06-16,4056.77
1160,500489,Additional,2023-12-25,11564.55
1161,500490,Initial,2023-09-14,385.68
1162,500490,Additional,2023-11-08,11.24
1163,500490,Additional,2023-11-20,281.47
1164,500490,Additional,2024-06-23,95.94
1165,500491,Initial,2023-10-18,6955.48
1166,500491,Additional,2023-12-04,7727.2
1167,500492,Initial,2023-11-29,5376.79
1168,500492,Additional,2024-05-18,4638.65
1169,500492,Additional,2024-07-17,95.49
1170,500493,Initial,2025-07-09,2966.69
1171,500494,Initial,2023-09-04,292.18
1172,500494,Additional,2024-01-07,102.47
1173,500494,Additional,2023-12-01,241.06
1174,500495,Initial,2025-04-14,3865.95
1175,500495,Additional,2025-12-26,32.49
1176,500495,Additional,2025-09-04,7262.91
1177,500495,Additional,2025-07-06,1795.58
1178,500497,Initial,2025-05-13,686.43
1179,500497,Additional,2025-09-30,421.47
1180,500498,Initial,2023-02-15,3080.55
1181,500499,Initial,2024-03-06,410.83
1182,500499,Additional,2024-04-25,63.48
1183,500499,Additional,2024-07-21,336.75
1184,500500,Initial,2024-06-29,1865.25
1185,500500,Additional,2024-12-29,762.24
1186,500500,Additional,2024-08-06,375.75
1187,500501,Initial,2024-11-29,3619.82
1188,500503,Initial,2023-10-13,2781.53
1189,500503,Additional,2023-12-05,2137.87
1190,500503,Additional,2024-06-19,2222.92
1191,500504,Initial,2023-03-26,389.39
1192,500504,Additional,2023-05-23,464.91
1193,500505,Initial,2024-02-25,819.71
1194,500505,Additional,2024-09-17,755.14
1195,500506,Initial,2026-01-10,1987.11
1196,500506,Additional,2026-06-20,35.72
1197,500506,Additional,2026-06-28,1756.07
1198,500506,Additional,2026-07-06,1567.2
1199,500507,Initial,2024-10-25,1499.65
1200,500507,Additional,2025-03-31,648.51
1201,500507,Additional,2024-12-03,460.41
1202,500507,Additional,2025-06-11,2650.1
1203,500508,Initial,2024-08-20,574.27
1204,500508,Additional,2025-03-20,1150.74
1205,500509,Initial,2024-08-20,4005.2
1206,500509,Additional,2024-09-28,6871.33
1207,500510,Initial,2025-04-13,5607.79
1208,500510,Additional,2025-11-29,8128.13
1209,500511,Initial,2023-07-30,1492.71
1210,500511,Additional,2023-08-25,1227.84
1211,500511,Additional,2024-01-10,1766.37
1212,500512,Initial,2024-05-03,1202.2
1213,500512,Additional,2024-10-24,263.54
1214,500512,Additional,2024-09-11,511.39
1215,500512,Additional,2024-06-30,81.66
1216,500513,Initial,2024-11-11,5469.38
1217,500514,Initial,2023-06-27,347.54
1218,500514,Additional,2023-09-21,91.7
1219,500514,Additional,2023-12-03,604.94
1220,500514,Additional,2023-09-07,112.25
1221,500515,Initial,2025-06-11,926.49
1222,500515,Additional,2026-01-08,294.52
1223,500515,Additional,2025-10-20,300.83
1224,500516,Initial,2024-11-06,7595.66
1225,500517,Initial,2023-01-21,958.52
1226,500517,Additional,2023-10-13,233.66
1227,500517,Additional,2023-10-26,571.2
1228,500518,Initial,2023-02-04,630.41
1229,500518,Additional,2023-06-18,1305.38
1230,500519,Initial,2023-12-20,5123.81
1231,500519,Additional,2024-07-11,145.72
1232,500519,Additional,2024-04-18,2406.52
1233,500519,Additional,2024-06-05,1529.94
1234,500521,Initial,2022-06-26,13320.15
1235,500521,Additional,2022-09-25,9787.1
1236,500522,Initial,2022-06-16,642.04
1237,500523,Initial,2024-02-26,2138.41
1238,500524,Initial,2024-03-08,1168.02
1239,500524,Additional,2024-07-31,196.99
1240,500524,Additional,2024-06-05,328.14
1241,500524,Additional,2024-12-16,139.81
1242,500526,Initial,2024-03-04,4949.42
1243,500526,Additional,2024-04-23,3152.67
1244,500527,Initial,2025-08-02,881.2
1245,500527,Additional,2025-10-24,343.74
1246,500527,Additional,2025-12-28,1546.59
1247,500528,Initial,2025-07-29,122.12
1248,500529,Initial,2023-02-13,318.64
1249,500529,Additional,2023-09-06,688.29
1250,500530,Initial,2025-02-15,3992.32
1251,500530,Additional,2025-03-19,5673.17
1252,500531,Initial,2025-06-09,486.15
1253,500531,Additional,2025-09-17,409.26
1254,500532,Initial,2025-03-19,768.48
1255,500532,Additional,2025-07-30,1459.56
1256,500533,Initial,2024-10-10,1012.25
1257,500533,Additional,2025-03-16,495.31
1258,500533,Additional,2025-05-26,94.45
1259,500534,Initial,2024-01-25,15230.12
1260,500534,Additional,2024-07-02,5058.63
1261,500534,Additional,2024-02-17,774.25
1262,500534,Additional,2024-03-25,9429.97
1263,500535,Initial,2025-03-19,3712.47
1264,500536,Initial,2024-05-14,1154.63
1265,500536,Additional,2024-08-27,501.05
1266,500536,Additional,2024-06-26,797.54
1267,500537,Initial,2023-06-07,4451.44
1268,500537,Additional,2023-11-05,7010.13
1269,500538,Initial,2024-07-21,282.29
1270,500538,Additional,2025-04-10,810.92
1271,500539,Initial,2024-04-23,593.21
1272,500539,Additional,2024-06-20,924.77
1273,500539,Additional,2024-05-19,109.61
1274,500540,Initial,2024-08-07,336.07
1275,500540,Additional,2025-02-02,432.74
1276,500540,Additional,2024-10-19,146.47
1277,500541,Initial,2024-05-05,1619.98
1278,500541,Additional,2024-08-02,255.31
1279,500541,Additional,2024-09-13,381.86
1280,500541,Additional,2024-08-08,413.36
1281,500542,Initial,2025-07-20,2345.37
1282,500542,Additional,2025-11-09,2459.39
1283,500543,Initial,2022-10-27,865.59
1284,500543,Additional,2023-03-17,377.1
1285,500543,Additional,2023-04-11,88.87
1286,500543,Additional,2023-02-23,437.57
1287,500544,Initial,2024-10-09,3590.3
1288,500544,Additional,2025-01-11,502.05
1289,500544,Additional,2025-05-07,7323.4
1290,500545,Initial,2024-02-27,1778.49
1291,500545,Additional,2024-05-19,4552.28
1292,500546,Initial,2023-12-14,411.13
1293,500546,Additional,2024-04-14,808.67
1294,500547,Initial,2024-12-01,2237.27
1295,500547,Additional,2025-06-06,1776.19
1296,500548,Initial,2024-12-02,1879.48
1297,500548,Additional,2025-01-23,1185.83
1298,500549,Initial,2024-04-21,2766.81
1299,500549,Additional,2024-09-17,4796.48
1300,500550,Initial,2023-07-17,1793.89
1301,500550,Additional,2023-12-21,1126.32
1302,500551,Initial,2023-11-18,1689.45
1303,500551,Additional,2024-01-20,1762.51
1304,500552,Initial,2024-09-26,1774.8
1305,500552,Additional,2025-07-05,550.47
1306,500552,Additional,2025-05-30,1097.13
1307,500554,Initial,2025-12-16,595.83
1308,500554,Additional,2026-02-01,516.42
1309,500555,Initial,2023-04-11,811.38
1310,500555,Additional,2023-11-20,197.7
1311,500555,Additional,2023-05-16,230.58
1312,500555,Additional,2023-06-03,36.24
1313,500556,Initial,2024-02-22,587.09
1314,500556,Additional,2024-06-13,61.33
1315,500556,Additional,2024-11-04,948.39
1316,500557,Initial,2024-03-10,3208.45
1317,500557,Additional,2024-07-07,2659.65
1318,500557,Additional,2024-10-05,813.04
1319,500558,Initial,2023-09-01,834.62
1320,500558,Additional,2024-02-02,992.69
1321,500559,Initial,2025-09-24,12483.85
1322,500559,Additional,2026-06-26,7080.62
1323,500559,Additional,2025-12-11,15488.84
1324,500560,Initial,2025-08-04,1561.63
1325,500561,Initial,2025-02-18,1410.36
1326,500561,Additional,2025-03-22,1131.49
1327,500561,Additional,2025-05-17,443.78
1328,500562,Initial,2025-02-18,1180.98
1329,500562,Additional,2025-04-29,3061.51
1330,500563,Initial,2024-04-01,482.33
1331,500563,Additional,2024-05-27,440.09
1332,500563,Additional,2024-08-25,984.49
1333,500564,Initial,2024-09-24,11114.82
1334,500564,Additional,2024-10-14,22088.81
1335,500565,Initial,2023-12-08,935.49
1336,500565,Additional,2024-05-25,1313.96
1337,500565,Additional,2024-03-15,457.76
1338,500566,Initial,2025-08-03,1210.76
1339,500566,Additional,2026-02-26,633.0
1340,500566,Additional,2026-03-31,505.47
1341,500567,Initial,2023-01-14,385.95
1342,500567,Additional,2023-07-24,173.85
1343,500567,Additional,2023-04-08,366.76
1344,500568,Initial,2022-08-02,1418.26
1345,500568,Additional,2022-11-16,314.72
1346,500568,Additional,2022-10-23,2669.3
1347,500569,Initial,2023-05-01,1348.35
1348,500569,Additional,2023-08-01,1716.31
1349,500569,Additional,2023-09-16,385.07
1350,500570,Initial,2024-10-08,579.21
1351,500570,Additional,2025-05-28,219.19
1352,500570,Additional,2024-11-27,233.47
1353,500571,Initial,2024-02-29,1157.39
1354,500571,Additional,2024-04-17,1612.2
1355,500572,Initial,2025-12-07,1389.99
1356,500572,Additional,2026-03-16,834.49
1357,500573,Initial,2025-02-23,3843.75
1358,500573,Additional,2025-07-08,975.25
1359,500573,Additional,2025-06-01,1214.98
1360,500574,Initial,2024-07-02,1000.15
1361,500574,Additional,2025-02-25,539.28
1362,500575,Initial,2023-04-20,517.82
1363,500575,Additional,2024-01-24,857.53
1364,500576,Initial,2023-03-27,585.99
1365,500576,Additional,2023-12-23,532.01
1366,500576,Additional,2023-12-31,29.48
1367,500577,Initial,2025-04-21,302.66
1368,500577,Additional,2026-01-20,306.57
1369,500577,Additional,2025-12-15,150.72
1370,500578,Initial,2025-07-24,786.37
1371,500578,Additional,2025-09-26,447.71
1372,500579,Initial,2022-10-31,2892.87
1373,500579,Additional,2023-07-26,342.99
1374,500579,Additional,2023-05-07,380.07
1375,500579,Additional,2023-04-06,2300.41
1376,500580,Initial,2023-10-11,3273.67
1377,500580,Additional,2024-04-30,6972.24
1378,500581,Initial,2024-03-29,1318.77
1379,500581,Additional,2024-09-22,1542.95
1380,500582,Initial,2022-11-13,3649.08
1381,500582,Additional,2023-03-05,8011.87
1382,500583,Initial,2024-02-22,124.49
1383,500583,Additional,2024-10-23,11.78
1384,500583,Additional,2024-09-13,159.0
1385,500583,Additional,2024-07-27,88.63
1386,500584,Initial,2023-01-21,1113.17
1387,500584,Additional,2023-05-24,108.64
1388,500584,Additional,2023-05-02,1883.76
1389,500585,Initial,2025-02-07,2802.13
1390,500586,Initial,2024-06-18,453.75
1391,500586,Additional,2025-01-17,1100.25
1392,500587,Initial,2025-07-21,1009.1
1393,500588,Initial,2025-02-15,1127.34
1394,500588,Additional,2025-03-19,1001.69
1395,500588,Additional,2025-10-19,793.37
1396,500588,Additional,2025-08-12,1434.42
1397,500589,Initial,2022-09-30,3752.7
1398,500589,Additional,2023-06-04,1738.65
1399,500589,Additional,2022-12-27,345.85
1400,500590,Initial,2022-10-04,8143.75
1401,500591,Initial,2025-11-13,2338.22
1402,500591,Additional,2026-01-28,210.75
1403,500591,Additional,2026-06-19,1767.54
1404,500592,Initial,2025-07-09,554.66
1405,500593,Initial,2023-09-25,1078.98
1406,500593,Additional,2024-02-14,1905.92
1407,500593,Additional,2024-02-03,194.89
1408,500594,Initial,2023-10-31,1039.09
1409,500594,Additional,2023-12-01,1446.05
1410,500595,Initial,2023-05-30,311.3
1411,500595,Additional,2023-08-22,231.74
1412,500595,Additional,2024-02-09,175.05
1413,500597,Initial,2022-12-11,5680.07
1414,500597,Additional,2023-05-16,811.5
1415,500597,Additional,2023-04-24,2464.0
1416,500598,Initial,2022-07-24,3074.61
1417,500598,Additional,2023-03-16,1282.71
1418,500598,Additional,2022-08-12,741.47
1419,500598,Additional,2023-03-05,1152.94
1420,500599,Initial,2023-11-22,3458.11
1421,500599,Additional,2024-05-26,1349.7
1422,500599,Additional,2024-02-10,773.45
1423,500600,Initial,2023-10-01,619.4
1424,500600,Additional,2024-06-02,1007.91
1425,500601,Initial,2024-08-08,5199.53
1426,500602,Initial,2023-08-21,1214.66
1427,500602,Additional,2023-10-31,1592.84
1428,500602,Additional,2024-01-15,351.38
1429,500603,Initial,2025-07-16,2279.93
1430,500603,Additional,2025-09-07,1341.21
1431,500603,Additional,2025-09-27,817.93
1432,500604,Initial,2026-03-03,13499.31
1433,500604,Additional,2026-10-04,37150.8
1434,500606,Initial,2023-04-09,1198.07
1435,500606,Additional,2023-09-22,1596.22
1436,500607,Initial,2023-02-16,2228.89
1437,500607,Additional,2023-05-14,1767.87
1438,500608,Initial,2023-06-25,762.53
1439,500608,Additional,2023-11-11,1083.6
1440,500608,Additional,2023-12-28,111.85
1441,500609,Initial,2023-09-06,2611.55
1442,500609,Additional,2024-01-19,953.68
1443,500609,Additional,2024-01-07,5567.71
1444,500610,Initial,2023-11-07,1023.04
1445,500610,Additional,2024-01-11,359.51
1446,500610,Additional,2024-01-16,791.78
1447,500611,Initial,2024-03-10,13188.43
1448,500611,Additional,2024-12-12,9800.67
1449,500612,Initial,2025-01-30,4759.25
1450,500612,Additional,2025-03-06,372.42
1451,500612,Additional,2025-03-28,5920.98
1452,500613,Initial,2023-04-24,821.84
1453,500613,Additional,2024-02-03,446.26
1454,500613,Additional,2024-01-19,172.17
1455,500614,Initial,2023-05-28,6744.31
1456,500614,Additional,2024-02-10,3808.82
1457,500616,Initial,2023-09-25,276.8
1458,500616,Additional,2023-11-17,37.08
1459,500616,Additional,2024-02-23,164.76
1460,500616,Additional,2024-04-21,157.78
1461,500617,Initial,2025-09-17,589.86
1462,500617,Additional,2026-01-21,259.63
1463,500617,Additional,2025-11-10,264.91
1464,500618,Initial,2024-01-05,3667.91
1465,500618,Additional,2024-08-12,2682.15
1466,500618,Additional,2024-02-19,579.11
1467,500619,Initial,2024-04-09,1512.65
1468,500619,Additional,2024-06-29,1759.8
1469,500619,Additional,2024-06-29,1636.85
1470,500620,Initial,2024-10-30,1172.46
1471,500620,Additional,2024-12-01,912.69
1472,500621,Initial,2024-05-30,321.16
1473,500621,Additional,2024-07-24,335.88
1474,500622,Initial,2023-09-12,379.13
1475,500623,Initial,2024-03-04,13145.44
1476,500624,Initial,2023-03-30,925.37
1477,500624,Additional,2023-09-22,1122.49
1478,500625,Initial,2025-11-09,7214.01
1479,500625,Additional,2026-01-01,6723.48
1480,500626,Initial,2023-06-30,2608.87
1481,500626,Additional,2024-03-20,192.38
1482,500626,Additional,2024-02-22,333.02
1483,500626,Additional,2023-12-11,2544.18
1484,500627,Initial,2023-09-30,3005.23
1485,500627,Additional,2024-02-11,2874.5
1486,500627,Additional,2024-02-28,403.22
1487,500628,Initial,2025-07-31,868.35
1488,500628,Additional,2026-04-27,461.48
1489,500628,Additional,2026-04-19,34.55
1490,500629,Initial,2023-05-23,8435.3
1491,500629,Additional,2023-08-06,4544.07
1492,500630,Initial,2025-07-30,349.03
1493,500630,Additional,2025-11-13,179.3
1494,500630,Additional,2025-08-20,16.47
1495,500631,Initial,2025-04-30,3049.92
1496,500631,Additional,2026-01-21,3117.37
1497,500632,Initial,2024-05-01,1152.1
1498,500632,Additional,2024-11-07,1097.0
1499,500634,Initial,2023-04-08,3088.0
1500,500634,Additional,2023-10-10,4368.4
1501,500635,Initial,2023-08-07,1843.26
1502,500635,Additional,2024-02-28,2541.84
1503,500636,Initial,2023-03-17,1290.26
1504,500637,Initial,2025-08-14,2149.37
1505,500637,Additional,2025-10-29,337.75
1506,500637,Additional,2026-03-14,951.83
1507,500638,Initial,2025-07-23,3364.71
1508,500638,Additional,2026-02-24,1075.89
1509,500638,Additional,2025-11-14,4557.48
1510,500640,Initial,2023-02-28,967.67
1511,500640,Additional,2023-09-16,790.73
1512,500640,Additional,2023-08-07,157.07
1513,500640,Additional,2023-06-16,245.42
1514,500641,Initial,2023-08-08,2295.78
1515,500641,Additional,2023-10-20,3385.79
1516,500642,Initial,2024-05-05,669.05
1517,500642,Additional,2024-08-12,1808.22
1518,500643,Initial,2024-09-14,1757.4
1519,500643,Additional,2025-01-28,776.33
1520,500643,Additional,2025-04-20,245.38
1521,500644,Initial,2024-09-28,2945.21
1522,500644,Additional,2024-12-16,2430.39
1523,500644,Additional,2025-03-10,1491.15
1524,500645,Initial,2023-12-24,1689.73
1525,500645,Additional,2024-07-02,1686.85
1526,500645,Additional,2024-04-22,1724.85
1527,500646,Initial,2025-02-01,1166.91
1528,500646,Additional,2025-09-13,616.76
1529,500646,Additional,2025-03-11,52.61
1530,500646,Additional,2025-04-09,1974.87
1531,500647,Initial,2024-11-22,3851.08
1532,500647,Additional,2024-12-31,3284.41
1533,500648,Initial,2023-09-09,16026.94
1534,500648,Additional,2024-06-19,23646.74
1535,500649,Initial,2024-03-11,7545.47
1536,500649,Additional,2024-08-05,13180.75
1537,500650,Initial,2023-03-16,763.2
1538,500650,Additional,2023-07-18,680.35
1539,500650,Additional,2023-10-27,91.04
1540,500651,Initial,2024-02-27,5910.77
1541,500651,Additional,2024-10-29,2357.11
1542,500651,Additional,2024-05-01,1331.13
1543,500652,Initial,2024-05-21,1460.89
1544,500652,Additional,2024-10-24,2814.65
1545,500653,Initial,2024-07-30,12688.79
1546,500653,Additional,2025-03-19,15258.49
1547,500654,Initial,2025-06-14,6327.91
1548,500654,Additional,2026-02-07,4335.21
1549,500655,Initial,2025-05-29,801.7
1550,500656,Initial,2023-12-05,506.26
1551,500656,Additional,2024-06-16,420.14
1552,500657,Initial,2022-06-26,957.32
1553,500657,Additional,2022-11-19,731.71
1554,500657,Additional,2022-09-18,1795.87
1555,500658,Initial,2023-05-04,2856.66
1556,500658,Additional,2023-09-21,1474.32
1557,500658,Additional,2023-06-24,733.94
1558,500659,Initial,2023-09-07,1685.59
1559,500659,Additional,2023-10-01,1896.17
1560,500659,Additional,2023-11-07,743.75
1561,500660,Initial,2023-04-11,3536.79
1562,500660,Additional,2023-06-15,2560.23
1563,500660,Additional,2023-09-05,48.87
1564,500661,Initial,2022-12-03,5120.19
1565,500661,Additional,2023-03-19,2564.18
1566,500661,Additional,2023-02-27,5163.51
1567,500661,Additional,2023-02-12,1867.45
1568,500662,Initial,2023-01-25,173.79
1569,500662,Additional,2023-09-11,152.61
1570,500663,Initial,2024-01-22,1157.12
1571,500663,Additional,2024-02-18,580.45
1572,500663,Additional,2024-08-05,151.36
1573,500663,Additional,2024-07-16,1677.8
1574,500664,Initial,2026-02-16,3715.68
1575,500664,Additional,2026-05-02,1836.66
1576,500664,Additional,2026-05-04,438.65
1577,500665,Initial,2025-11-24,450.43
1578,500666,Initial,2025-11-05,1842.21
1579,500666,Additional,2026-04-06,4963.96
1580,500667,Initial,2023-09-15,737.82
1581,500667,Additional,2024-01-13,254.64
1582,500667,Additional,2024-01-11,360.44
1583,500668,Initial,2024-10-21,653.7
1584,500668,Additional,2025-02-13,714.1
1585,500669,Initial,2023-03-03,206.46
1586,500669,Additional,2023-05-14,142.11
1587,500669,Additional,2023-05-24,49.4
1588,500670,Initial,2023-10-18,9193.98
1589,500670,Additional,2024-04-09,7007.4
1590,500671,Initial,2022-10-15,2491.34
1591,500671,Additional,2023-06-16,1923.94
1592,500672,Initial,2022-05-11,249.37
1593,500672,Additional,2022-08-20,513.87
1594,500673,Initial,2022-06-23,361.74
1595,500673,Additional,2022-10-11,798.28
1596,500674,Initial,2023-11-28,1773.7
1597,500674,Additional,2024-04-28,3397.46
1598,500675,Initial,2023-04-19,1062.68
1599,500676,Initial,2023-06-18,2191.66
1600,500676,Additional,2023-07-19,1684.66
1601,500677,Initial,2023-11-17,3961.49
1602,500677,Additional,2024-01-18,2693.84
1603,500677,Additional,2024-07-01,4001.32
1604,500678,Initial,2025-05-24,9639.18
1605,500678,Additional,2026-01-26,7660.65
1606,500678,Additional,2026-01-29,571.27
1607,500678,Additional,2025-08-16,2740.7
1608,500679,Initial,2024-09-05,10909.24
1609,500679,Additional,2024-11-05,6139.16
1610,500680,Initial,2023-02-09,345.53
1611,500680,Additional,2023-05-21,558.67
1612,500680,Additional,2023-10-22,176.61
1613,500682,Initial,2023-06-24,2544.81
1614,500682,Additional,2023-09-25,2513.13
1615,500684,Initial,2024-07-04,2341.75
1616,500684,Additional,2025-01-03,3117.26
1617,500684,Additional,2024-09-30,1152.61
1618,500685,Initial,2025-02-16,4374.37
1619,500686,Initial,2025-03-17,831.37
1620,500686,Additional,2025-11-24,1153.46
1621,500687,Initial,2024-01-16,1213.9
1622,500687,Additional,2024-03-29,2679.19
1623,500688,Initial,2024-07-01,1462.79
1624,500688,Additional,2024-12-28,2041.12
1625,500689,Initial,2024-11-06,1837.6
1626,500689,Additional,2025-01-03,3740.44
1627,500690,Initial,2024-08-26,2739.35
1628,500690,Additional,2024-11-13,2109.04
1629,500691,Initial,2023-06-18,3221.25
1630,500691,Additional,2023-10-13,133.66
1631,500691,Additional,2023-10-27,1739.58
1632,500691,Additional,2023-07-31,219.79
1633,500692,Initial,2025-09-30,2237.17
1634,500692,Additional,2025-11-12,84.76
1635,500692,Additional,2026-05-08,271.98
1636,500692,Additional,2025-10-15,3330.71
1637,500693,Initial,2025-07-05,2430.01
1638,500694,Initial,2024-01-20,1934.81
1639,500694,Additional,2024-05-28,1679.17
1640,500695,Initial,2024-06-23,527.82
1641,500695,Additional,2024-07-15,334.59
1642,500695,Additional,2025-01-02,102.48
1643,500695,Additional,2024-12-01,538.26
1644,500696,Initial,2024-07-18,16386.61
1645,500696,Additional,2024-11-22,10693.52
1646,500697,Initial,2023-07-15,770.52
1647,500697,Additional,2024-01-18,810.8
1648,500697,Additional,2024-05-04,215.07
1649,500697,Additional,2024-04-02,0.17
1650,500698,Initial,2023-06-17,2073.73
1651,500698,Additional,2023-08-19,260.6
1652,500698,Additional,2023-12-12,3653.41
1653,500699,Initial,2025-03-06,3967.68
1654,500699,Additional,2025-10-15,2267.65
1655,500700,Initial,2024-09-20,1124.75
1656,500700,Additional,2025-03-02,2845.19
1657,500703,Initial,2023-03-09,426.34
1658,500703,Additional,2023-06-23,160.71
1659,500703,Additional,2023-10-15,539.81
1660,500704,Initial,2024-06-23,1149.66
1661,500704,Additional,2024-11-05,1088.02
1662,500705,Initial,2025-10-19,1290.29
1663,500706,Initial,2024-12-13,1592.91
1664,500706,Additional,2025-01-18,1118.02
1665,500707,Initial,2022-10-02,2031.46
1666,500708,Initial,2024-09-25,5501.63
1667,500708,Additional,2025-03-28,3615.84
1668,500708,Additional,2024-12-15,994.02
1669,500709,Initial,2025-01-24,289.85
1670,500709,Additional,2025-07-26,39.96
1671,500709,Additional,2025-03-07,18.6
1672,500709,Additional,2025-05-08,102.66
1673,500710,Initial,2024-03-30,11346.95
1674,500710,Additional,2024-09-21,917.52
1675,500710,Additional,2024-06-03,3637.35
1676,500710,Additional,2024-06-22,2304.76
1677,500711,Initial,2024-06-07,1023.86
1678,500711,Additional,2025-01-15,974.0
1679,500712,Initial,2023-03-08,2469.66
1680,500712,Additional,2023-11-26,152.5
1681,500712,Additional,2023-04-07,1620.55
1682,500713,Initial,2023-08-02,3789.75
1683,500713,Additional,2023-10-31,5587.18
1684,500715,Initial,2025-07-29,3175.09
1685,500715,Additional,2025-12-29,1711.51
1686,500716,Initial,2023-11-10,542.91
1687,500716,Additional,2024-01-21,492.03
1688,500716,Additional,2024-07-16,138.65
1689,500717,Initial,2024-08-23,2499.7
1690,500717,Additional,2024-09-09,1022.41
1691,500717,Additional,2024-09-30,2068.91
1692,500718,Initial,2023-11-19,1665.07
1693,500718,Additional,2024-07-02,3923.71
1694,500719,Initial,2023-01-08,7140.01
1695,500719,Additional,2023-02-24,788.74
1696,500719,Additional,2023-09-03,8972.39
1697,500720,Initial,2022-07-22,1481.23
1698,500720,Additional,2022-11-22,2666.39
1699,500721,Initial,2024-05-28,1290.96
1700,500721,Additional,2024-09-23,1496.53
1701,500722,Initial,2023-08-22,1127.47
1702,500723,Initial,2023-11-06,7691.89
1703,500723,Additional,2024-04-16,3616.35
1704,500723,Additional,2024-05-28,9252.07
1705,500725,Initial,2024-08-26,1207.35
1706,500725,Additional,2025-05-26,1135.04
1707,500726,Initial,2025-06-15,4094.14
1708,500726,Additional,2025-07-22,10517.17
1709,500727,Initial,2025-06-08,638.97
1710,500727,Additional,2026-03-07,556.52
1711,500727,Additional,2026-02-07,100.6
1712,500728,Initial,2023-10-21,799.09
1713,500729,Initial,2023-02-16,11808.77
1714,500729,Additional,2023-04-11,716.63
1715,500729,Additional,2023-06-24,2975.72
1716,500729,Additional,2023-06-22,3054.39
1717,500730,Initial,2025-10-16,2372.58
1718,500730,Additional,2026-05-23,2982.45
1719,500731,Initial,2025-08-17,4343.39
1720,500731,Additional,2026-02-17,42.52
1721,500731,Additional,2025-09-25,2642.54
1722,500732,Initial,2023-07-11,1400.48
1723,500732,Additional,2023-12-19,1586.99
1724,500733,Initial,2023-10-15,3882.19
1725,500733,Additional,2024-01-14,1026.57
1726,500733,Additional,2024-06-26,1272.16
1727,500733,Additional,2023-12-17,1276.87
1728,500734,Initial,2022-06-18,254.61
1729,500734,Additional,2022-11-12,426.4
1730,500735,Initial,2023-02-25,1727.47
1731,500735,Additional,2023-09-10,2405.29
1732,500736,Initial,2025-08-27,2625.12
1733,500736,Additional,2026-02-13,3408.82
1734,500736,Additional,2025-09-24,1371.31
1735,500737,Initial,2023-08-06,426.41
1736,500737,Additional,2024-05-18,346.6
1737,500737,Additional,2023-12-10,191.81
1738,500738,Initial,2024-04-28,1777.84
1739,500738,Additional,2024-06-27,273.5
1740,500738,Additional,2024-06-28,1463.39
1741,500739,Initial,2022-05-16,4746.85
1742,500739,Additional,2023-01-13,3038.72
1743,500740,Initial,2025-12-12,32.72
1744,500741,Initial,2025-11-07,196.36
1745,500741,Additional,2026-05-07,215.32
1746,500742,Initial,2025-11-19,2839.65
1747,500742,Additional,2025-12-17,7654.31
1748,500743,Initial,2025-05-11,1707.62
1749,500743,Additional,2025-11-06,858.53
1750,500743,Additional,2026-01-10,179.48
1751,500744,Initial,2025-11-25,618.67
1752,500744,Additional,2026-08-02,56.72
1753,500744,Additional,2026-06-19,495.65
1754,500744,Additional,2026-05-05,97.34
1755,500745,Initial,2024-11-15,2811.58
1756,500745,Additional,2025-07-28,2045.38
1757,500745,Additional,2025-04-06,555.77
1758,500746,Initial,2023-05-20,9061.79
1759,500747,Initial,2023-06-01,272.99
1760,500747,Additional,2024-02-21,204.95
1761,500748,Initial,2023-06-25,1822.73
1762,500748,Additional,2023-09-23,1978.7
1763,500749,Initial,2023-04-17,3318.72
1764,500750,Initial,2023-12-20,1532.24
1765,500750,Additional,2024-06-08,2238.08
1766,500750,Additional,2024-03-17,93.79
1767,500751,Initial,2022-11-17,474.88
1768,500751,Additional,2023-03-20,49.03
1769,500751,Additional,2023-06-02,1251.35
1770,500752,Initial,2026-03-08,943.59
1771,500752,Additional,2026-04-19,1039.23
1772,500753,Initial,2026-01-15,5502.54
1773,500753,Additional,2026-06-13,3028.59
1774,500753,Additional,2026-04-06,2803.4
1775,500753,Additional,2026-08-24,388.73
1776,500754,Initial,2023-03-28,8663.5
1777,500754,Additional,2023-05-15,19791.57
1778,500755,Initial,2024-04-09,264.18
1779,500756,Initial,2025-01-30,2342.78
1780,500756,Additional,2025-07-18,3147.1
1781,500756,Additional,2025-03-15,744.92
1782,500757,Initial,2025-10-27,8540.02
1783,500757,Additional,2026-06-26,5699.44
1784,500758,Initial,2023-12-10,449.56
1785,500758,Additional,2024-06-28,426.95
1786,500759,Initial,2023-07-10,12172.05
1787,500761,Initial,2025-01-10,250.04
1788,500761,Additional,2025-06-27,579.43
1789,500762,Initial,2025-02-06,3390.28
1790,500762,Additional,2025-07-01,3782.37
1791,500763,Initial,2025-07-02,2613.59
1792,500763,Additional,2025-07-31,4949.99
1793,500765,Initial,2023-05-11,3195.66
1794,500765,Additional,2023-06-26,1604.6
1795,500765,Additional,2024-01-14,204.28
1796,500765,Additional,2023-10-07,1459.93
1797,500766,Initial,2024-08-09,1380.13
1798,500766,Additional,2025-01-30,3013.13
1799,500766,Additional,2024-10-05,237.25
1800,500768,Initial,2024-11-20,1137.15
1801,500768,Additional,2025-08-10,1116.29
1802,500768,Additional,2025-03-12,402.44
1803,500769,Initial,2025-04-28,5192.43
1804,500769,Additional,2026-01-19,4509.88
1805,500770,Initial,2023-03-07,171.11
1806,500770,Additional,2023-08-12,38.42
1807,500770,Additional,2023-10-05,224.03
1808,500771,Initial,2024-06-23,526.7
1809,500771,Additional,2025-03-29,526.15
1810,500772,Initial,2024-06-10,1511.39
1811,500772,Additional,2024-11-23,2043.78
1812,500773,Initial,2022-06-10,6121.98
1813,500774,Initial,2022-12-24,808.45
1814,500774,Additional,2023-03-26,1422.37
1815,500774,Additional,2023-05-27,352.62
1816,500775,Initial,2023-03-24,530.98
1817,500776,Initial,2024-12-31,988.99
1818,500776,Additional,2025-02-28,471.14
1819,500776,Additional,2025-07-07,353.03
1820,500777,Initial,2024-12-05,3476.67
1821,500777,Additional,2025-03-24,616.26
1822,500777,Additional,2025-06-10,1199.14
1823,500777,Additional,2025-01-24,1452.84
1824,500778,Initial,2024-11-07,590.69
1825,500778,Additional,2025-05-31,503.69
1826,500779,Initial,2025-12-06,1214.15
1827,500779,Additional,2026-04-29,589.93
1828,500779,Additional,2026-06-02,1370.62
1829,500780,Initial,2024-12-26,3913.57
1830,500780,Additional,2025-01-27,3013.08
1831,500781,Initial,2025-04-13,1039.34
1832,500781,Additional,2025-11-06,266.66
1833,500781,Additional,2025-09-15,553.19
1834,500782,Initial,2022-09-21,1880.98
1835,500783,Initial,2024-06-22,303.83
1836,500783,Additional,2025-02-23,887.28
1837,500784,Initial,2024-06-27,2333.13
1838,500784,Additional,2024-10-08,2681.62
1839,500784,Additional,2025-02-17,1748.83
1840,500785,Initial,2024-10-10,4379.46
1841,500785,Additional,2025-04-13,3374.92
1842,500786,Initial,2023-03-15,10469.07
1843,500787,Initial,2024-04-06,646.35
1844,500787,Additional,2024-08-10,191.37
1845,500787,Additional,2024-05-17,343.02
1846,500787,Additional,2024-06-23,406.63
1847,500788,Initial,2024-09-29,5470.24
1848,500788,Additional,2025-04-20,6655.88
1849,500790,Initial,2023-10-29,7394.55
1850,500790,Additional,2024-02-10,2366.34
1851,500790,Additional,2023-12-03,4527.09
1852,500792,Initial,2025-02-12,2835.65
1853,500792,Additional,2025-05-13,2501.33
1854,500793,Initial,2025-08-12,2919.96
1855,500793,Additional,2025-09-06,2069.8
1856,500794,Initial,2025-03-09,1773.34
1857,500794,Additional,2025-06-03,2975.65
1858,500794,Additional,2025-05-19,271.32
1859,500795,Initial,2024-08-03,648.76
1860,500795,Additional,2024-11-05,1093.49
1861,500797,Initial,2024-03-21,1617.5
1862,500797,Additional,2024-05-07,865.34
1863,500797,Additional,2024-08-11,3121.44
1864,500798,Initial,2024-09-11,127.25
1865,500798,Additional,2025-05-28,261.78
1866,500799,Initial,2023-01-03,1909.6
1867,500799,Additional,2023-10-16,804.05
1868,500799,Additional,2023-06-18,246.56
1869,500800,Initial,2022-10-28,4483.06
1870,500800,Additional,2023-07-29,876.65
1871,500800,Additional,2022-12-24,1798.02
1872,500801,Initial,2023-09-10,505.59
1873,500801,Additional,2024-01-28,1034.37
1874,500802,Initial,2023-12-03,12806.54
1875,500802,Additional,2024-04-09,3342.28
1876,500802,Additional,2024-07-29,4574.71
1877,500803,Initial,2023-11-27,265.29
1878,500803,Additional,2024-03-22,20.13
1879,500803,Additional,2024-04-19,346.9
1880,500804,Initial,2025-02-13,909.32
1881,500804,Additional,2025-04-06,549.68
1882,500805,Initial,2025-04-18,1388.76
1883,500805,Additional,2025-08-24,833.52
1884,500805,Additional,2025-05-14,222.87
1885,500805,Additional,2025-09-20,3.48
1886,500806,Initial,2025-04-11,1195.56
1887,500806,Additional,2025-09-05,2257.61
1888,500808,Initial,2025-02-03,217.69
1889,500808,Additional,2025-08-03,260.03
1890,500808,Additional,2025-05-14,113.76
1891,500810,Initial,2024-08-01,941.4
1892,500810,Additional,2024-10-01,1709.33
1893,500811,Initial,2025-01-15,4646.5
1894,500811,Additional,2025-09-13,3842.57
1895,500812,Initial,2025-06-05,2006.2
1896,500812,Additional,2025-11-07,4090.32
1897,500813,Initial,2024-03-01,872.2
1898,500814,Initial,2024-09-27,1629.92
1899,500814,Additional,2025-03-29,839.24
1900,500814,Additional,2025-04-05,2696.28
1901,500815,Initial,2025-05-24,487.17
1902,500815,Additional,2025-09-02,406.74
1903,500816,Initial,2025-06-12,5190.04
1904,500816,Additional,2025-10-15,4277.83
1905,500816,Additional,2026-01-30,2738.2
1906,500817,Initial,2025-04-23,2554.68
1907,500817,Additional,2025-12-03,1606.29
1908,500818,Initial,2023-06-18,4344.37
1909,500818,Additional,2023-10-20,2948.16
1910,500818,Additional,2024-03-04,1592.04
1911,500819,Initial,2023-10-22,1736.86
1912,500819,Additional,2023-12-21,1685.66
1913,500820,Initial,2023-06-14,415.38
1914,500820,Additional,2024-02-12,763.97
1915,500821,Initial,2025-04-14,6160.42
1916,500821,Additional,2025-11-23,4663.88
1917,500822,Initial,2024-12-29,2009.76
1918,500822,Additional,2025-05-25,1171.6
1919,500822,Additional,2025-03-24,112.33
1920,500823,Initial,2024-11-23,682.37
1921,500823,Additional,2025-04-08,1318.56
1922,500824,Initial,2024-11-06,505.97
1923,500824,Additional,2025-04-19,647.19
1924,500825,Initial,2025-10-18,3412.35
1925,500825,Additional,2026-01-16,139.25
1926,500825,Additional,2026-06-04,3726.33
1927,500825,Additional,2025-12-08,299.63
1928,500826,Initial,2025-07-03,828.14
1929,500826,Additional,2025-10-25,761.94
1930,500826,Additional,2025-08-20,36.47
1931,500827,Initial,2024-02-07,1277.6
1932,500827,Additional,2024-11-26,2693.07
1933,500828,Initial,2024-12-06,3485.03
1934,500828,Additional,2025-08-25,532.26
1935,500828,Additional,2025-04-26,1239.73
1936,500828,Additional,2025-08-14,6425.58
1937,500829,Initial,2024-11-11,640.95
1938,500829,Additional,2025-04-17,1794.17
1939,500830,Initial,2024-12-03,584.3
1940,500830,Additional,2025-05-23,583.18
1941,500831,Initial,2024-08-24,3661.03
1942,500831,Additional,2025-04-20,2331.98
1943,500832,Initial,2025-03-06,1843.29
1944,500832,Additional,2025-08-05,1132.37
1945,500833,Initial,2024-12-20,5457.22
1946,500833,Additional,2025-01-28,12671.88
1947,500833,Additional,2025-04-19,2915.75
1948,500834,Initial,2025-05-15,6216.87
1949,500834,Additional,2025-12-31,5101.08
1950,500835,Initial,2025-05-23,1041.54
1951,500835,Additional,2026-02-12,1169.21
1952,500835,Additional,2025-09-18,1600.26
1953,500836,Initial,2022-11-06,1309.42
1954,500837,Initial,2024-07-24,683.28
1955,500837,Additional,2024-09-03,879.48
1956,500837,Additional,2025-01-22,317.66
1957,500838,Initial,2025-03-23,16664.9
1958,500838,Additional,2025-07-14,12628.36
1959,500838,Additional,2025-06-13,1302.46
1960,500839,Initial,2025-05-21,199.51
1961,500839,Additional,2025-10-21,566.4
1962,500840,Initial,2025-11-05,1162.88
1963,500840,Additional,2026-02-15,1767.37
1964,500841,Initial,2025-07-31,559.78
1965,500841,Additional,2025-09-07,582.71
1966,500842,Initial,2025-06-14,825.08
1967,500842,Additional,2025-09-01,461.49
1968,500843,Initial,2025-05-09,724.75
1969,500843,Additional,2025-10-12,1527.14
1970,500844,Initial,2024-05-21,1471.22
1971,500844,Additional,2024-10-30,307.28
1972,500844,Additional,2025-01-21,1593.81
1973,500845,Initial,2023-09-13,2823.34
1974,500845,Additional,2024-01-01,1390.34
1975,500845,Additional,2024-01-31,225.56
1976,500845,Additional,2024-06-20,1436.02
1977,500846,Initial,2024-10-11,640.18
1978,500846,Additional,2025-06-22,2.12
1979,500846,Additional,2024-12-27,145.22
1980,500846,Additional,2024-12-19,457.83
1981,500847,Initial,2022-08-29,947.34
1982,500847,Additional,2022-09-21,1081.17
1983,500848,Initial,2024-12-08,426.43
1984,500848,Additional,2025-07-08,835.27
1985,500848,Additional,2025-07-20,85.94
1986,500849,Initial,2024-09-13,625.83
1987,500849,Additional,2025-06-20,406.71
1988,500849,Additional,2024-12-26,435.23
1989,500849,Additional,2025-04-28,149.76
1990,500850,Initial,2025-05-30,641.63
1991,500850,Additional,2025-08-03,252.49
1992,500850,Additional,2025-10-08,274.63
1993,500851,Initial,2024-06-02,706.01
1994,500851,Additional,2025-02-25,92.07
1995,500851,Additional,2024-11-20,763.4
1996,500851,Additional,2025-02-15,488.52
1997,500852,Initial,2024-02-29,1709.72
1998,500852,Additional,2024-11-13,2579.12
1999,500852,Additional,2024-08-01,2264.19
2000,500853,Initial,2025-05-26,3428.87
2001,500853,Additional,2025-11-27,3255.27
2002,500854,Initial,2024-06-24,893.74
2003,500854,Additional,2024-12-23,2585.1
2004,500855,Initial,2024-03-25,1897.56
2005,500855,Additional,2024-07-30,424.2
2006,500855,Additional,2024-05-06,852.39
2007,500855,Additional,2024-05-29,750.49
2008,500856,Initial,2025-05-12,1890.16
2009,500856,Additional,2025-12-17,3348.58
2010,500856,Additional,2025-09-22,158.73
2011,500857,Initial,2024-10-12,3339.87
2012,500858,Initial,2022-11-10,2251.23
2013,500858,Additional,2023-04-16,2036.53
2014,500859,Initial,2022-08-15,461.37
2015,500859,Additional,2023-05-17,231.06
2016,500859,Additional,2022-11-08,255.52
2017,500860,Initial,2025-05-30,6428.23
2018,500860,Additional,2025-08-31,723.19
2019,500860,Additional,2025-08-12,3762.92
2020,500861,Initial,2024-05-13,1606.08
2021,500861,Additional,2024-11-16,1202.54
2022,500862,Initial,2022-09-22,754.12
2023,500862,Additional,2023-01-13,595.33
2024,500862,Additional,2022-11-10,134.64
2025,500863,Initial,2023-01-12,26011.07
2026,500863,Additional,2023-09-05,14256.39
2027,500863,Additional,2023-06-13,4023.66
2028,500863,Additional,2023-04-13,2764.74
2029,500864,Initial,2022-09-15,4089.26
2030,500864,Additional,2022-09-30,3438.17
2031,500865,Initial,2023-02-22,2963.37
2032,500865,Additional,2023-10-29,1450.81
2033,500865,Additional,2023-03-01,1700.39
2034,500866,Initial,2024-07-10,2764.91
2035,500866,Additional,2024-09-12,2717.85
2036,500866,Additional,2024-10-08,309.33
2037,500867,Initial,2023-09-10,4561.46
2038,500867,Additional,2024-06-11,4449.24
2039,500868,Initial,2025-06-15,769.88
2040,500868,Additional,2025-10-26,565.95
2041,500869,Initial,2023-06-30,975.62
2042,500869,Additional,2023-10-13,1954.07
2043,500869,Additional,2023-07-27,168.16
2044,500870,Initial,2024-01-15,3235.46
2045,500870,Additional,2024-07-12,1800.18
2046,500871,Initial,2023-04-24,291.29
2047,500871,Additional,2023-09-30,38.13
2048,500871,Additional,2023-07-03,732.62
2049,500872,Initial,2025-10-07,7757.55
2050,500872,Additional,2025-11-30,7730.42
2051,500873,Initial,2024-12-15,606.79
2052,500873,Additional,2025-07-18,114.25
2053,500873,Additional,2025-06-27,236.48
2054,500874,Initial,2025-03-24,692.21
2055,500874,Additional,2025-07-15,124.54
2056,500874,Additional,2025-09-17,270.92
2057,500874,Additional,2025-12-09,270.76
2058,500875,Initial,2023-04-10,1928.17
2059,500875,Additional,2023-11-09,1425.08
2060,500876,Initial,2022-11-10,798.82
2061,500876,Additional,2023-06-01,131.38
2062,500876,Additional,2023-02-17,703.97
2063,500877,Initial,2025-07-09,301.22
2064,500877,Additional,2026-01-23,14.68
2065,500877,Additional,2026-03-22,289.37
2066,500877,Additional,2025-10-22,43.07
2067,500878,Initial,2023-11-02,1082.54
2068,500878,Additional,2024-01-16,1089.47
2069,500879,Initial,2022-08-12,1407.6
2070,500879,Additional,2023-02-10,896.09
2071,500880,Initial,2022-11-05,2160.01
2072,500880,Additional,2023-06-20,1029.48
2073,500880,Additional,2022-11-23,1355.7
2074,500881,Initial,2022-11-13,373.01
2075,500881,Additional,2022-12-25,451.77
2076,500881,Additional,2023-07-21,155.69
2077,500882,Initial,2023-08-31,2073.01
2078,500883,Initial,2023-12-10,833.35
2079,500883,Additional,2024-08-28,1080.26
2080,500883,Additional,2024-05-08,1042.84
2081,500884,Initial,2023-04-22,1046.07
2082,500884,Additional,2023-08-04,2099.47
2083,500885,Initial,2023-01-09,3777.47
2084,500885,Additional,2023-10-09,6411.31
2085,500886,Initial,2023-12-07,2466.98
2086,500886,Additional,2024-01-29,7040.22
2087,500887,Initial,2024-09-15,2479.17
2088,500887,Additional,2024-10-10,207.62
2089,500887,Additional,2024-09-26,1173.84
2090,500887,Additional,2024-11-25,1792.62
2091,500889,Initial,2023-10-28,766.31
2092,500889,Additional,2024-04-25,167.27
2093,500889,Additional,2024-07-25,471.5
2094,500890,Initial,2023-11-05,156.54
2095,500890,Additional,2024-02-19,327.92
2096,500890,Additional,2024-04-16,65.79
2097,500891,Initial,2023-03-17,2153.91
2098,500891,Additional,2023-08-25,2231.89
2099,500892,Initial,2024-06-06,1209.92
2100,500892,Additional,2024-11-13,1328.91
2101,500892,Additional,2024-10-17,1622.5
2102,500893,Initial,2025-04-08,4104.12
2103,500893,Additional,2025-08-27,4408.33
2104,500894,Initial,2025-06-22,575.3
2105,500894,Additional,2025-07-18,618.35
2106,500895,Initial,2024-08-26,945.6
2107,500895,Additional,2025-02-15,1613.41
2108,500895,Additional,2025-03-06,619.02
2109,500896,Initial,2024-11-11,1878.14
2110,500896,Additional,2025-02-11,2630.8
2111,500897,Initial,2025-04-02,913.13
2112,500897,Additional,2025-12-21,762.78
2113,500898,Initial,2024-07-09,1892.36
2114,500899,Initial,2024-06-30,690.7
2115,500899,Additional,2024-10-31,582.94
2116,500900,Initial,2022-06-11,333.43
2117,500900,Additional,2023-03-01,292.54
2118,500900,Additional,2022-12-22,144.28
2119,500901,Initial,2025-10-01,1838.25
2120,500901,Additional,2026-02-24,365.86
2121,500901,Additional,2025-11-11,879.69
2122,500902,Initial,2024-03-25,4943.87
2123,500902,Additional,2024-06-11,4404.07
2124,500904,Initial,2024-03-14,2284.77
2125,500904,Additional,2024-08-04,5302.25
2126,500905,Initial,2025-10-20,809.47
2127,500905,Additional,2025-12-19,1614.21
2128,500906,Initial,2023-06-28,396.09
2129,500906,Additional,2023-12-16,726.68
2130,500907,Initial,2023-11-08,1086.38
2131,500907,Additional,2024-05-15,215.98
2132,500907,Additional,2024-07-07,387.04
2133,500908,Initial,2023-09-29,7785.8
2134,500908,Additional,2024-05-26,4344.47
2135,500909,Initial,2024-06-08,1585.52
2136,500909,Additional,2024-11-09,1736.93
2137,500910,Initial,2023-02-13,1876.81
2138,500912,Initial,2023-07-30,93.89
2139,500912,Additional,2024-01-16,155.64
2140,500913,Initial,2024-08-26,1286.56
2141,500914,Initial,2025-07-20,336.22
2142,500914,Additional,2026-02-03,465.34
2143,500915,Initial,2025-12-03,9103.3
2144,500915,Additional,2026-04-10,45.05
2145,500915,Additional,2026-07-21,4565.55
2146,500915,Additional,2026-05-03,661.15
2147,500916,Initial,2025-03-29,1410.61
2148,500916,Additional,2025-07-03,154.03
2149,500916,Additional,2025-05-05,1151.9
2150,500917,Initial,2023-03-31,765.35
2151,500918,Initial,2024-01-02,689.88
2152,500918,Additional,2024-04-09,384.9
2153,500919,Initial,2024-06-05,7982.39
2154,500919,Additional,2025-03-13,20574.2
2155,500920,Initial,2023-09-08,245.53
2156,500921,Initial,2022-11-23,1572.22
2157,500921,Additional,2023-08-10,2256.43
2158,500923,Initial,2025-04-22,782.99
2159,500923,Additional,2025-11-13,114.77
2160,500923,Additional,2025-05-26,1889.06
2161,500924,Initial,2023-08-06,589.29
2162,500924,Additional,2023-08-30,468.18
2163,500924,Additional,2024-03-08,1219.59
2164,500925,Initial,2022-12-19,614.22
2165,500925,Additional,2023-06-06,509.85
2166,500926,Initial,2025-04-24,3970.93
2167,500926,Additional,2025-08-12,942.36
2168,500926,Additional,2025-09-29,4543.46
2169,500927,Initial,2025-02-23,261.22
2170,500927,Additional,2025-07-26,112.83
2171,500927,Additional,2025-06-16,31.45
2172,500928,Initial,2022-08-04,1955.74
2173,500928,Additional,2023-01-16,4428.87
2174,500929,Initial,2022-12-30,1124.0
2175,500929,Additional,2023-02-25,609.91
2176,500929,Additional,2023-05-30,150.45
2177,500930,Initial,2025-01-30,3794.65
2178,500930,Additional,2025-07-18,441.57
2179,500930,Additional,2025-05-17,1633.0
2180,500932,Initial,2023-11-20,3346.45
2181,500932,Additional,2024-07-13,4048.96
2182,500933,Initial,2023-02-04,406.73
2183,500933,Additional,2023-10-27,508.42
2184,500933,Additional,2023-03-17,230.59
2185,500934,Initial,2023-11-13,847.26
2186,500934,Additional,2024-02-12,216.29
2187,500934,Additional,2024-03-30,40.32
2188,500934,Additional,2024-05-22,783.02
2189,500935,Initial,2022-10-04,5906.52
2190,500935,Additional,2023-03-24,3589.49
2191,500936,Initial,2023-02-20,595.84
2192,500936,Additional,2023-09-08,716.16
2193,500936,Additional,2023-06-24,610.57
2194,500937,Initial,2023-04-03,774.51
2195,500937,Additional,2023-11-10,162.34
2196,500937,Additional,2023-11-08,1094.21
2197,500938,Initial,2023-09-26,1771.98
2198,500939,Initial,2023-12-19,566.55
2199,500939,Additional,2024-01-17,1584.62
2200,500940,Initial,2023-03-01,4140.35
2201,500941,Initial,2023-07-22,1212.49
2202,500941,Additional,2024-04-23,1073.46
2203,500941,Additional,2024-04-22,330.92
2204,500942,Initial,2023-07-14,4932.66
2205,500943,Initial,2024-05-10,1217.86
2206,500943,Additional,2024-07-19,1142.69
2207,500944,Initial,2024-03-16,19820.05
2208,500944,Additional,2024-07-03,10711.24
2209,500945,Initial,2024-11-11,2176.66
2210,500945,Additional,2025-01-24,231.32
2211,500945,Additional,2025-04-16,3182.04
2212,500945,Additional,2025-01-18,157.41
2213,500946,Initial,2026-01-30,2983.48
2214,500946,Additional,2026-06-13,2497.76
2215,500947,Initial,2022-11-25,6349.97
2216,500947,Additional,2023-05-16,15451.11
2217,500948,Initial,2024-10-04,919.16
2218,500948,Additional,2024-11-19,602.57
2219,500949,Initial,2025-05-02,4083.19
2220,500949,Additional,2025-06-23,564.01
2221,500949,Additional,2025-07-28,5996.97
2222,500949,Additional,2025-07-04,946.37
2223,500950,Initial,2025-03-08,736.43
2224,500950,Additional,2025-07-26,336.46
2225,500950,Additional,2025-10-04,340.24
2226,500950,Additional,2025-03-31,421.04
2227,500951,Initial,2024-01-09,2855.58
2228,500951,Additional,2024-06-06,4256.27
2229,500951,Additional,2024-07-19,2553.2
2230,500952,Initial,2025-09-18,641.85
2231,500952,Additional,2026-01-14,369.83
2232,500952,Additional,2025-12-22,114.47
2233,500953,Initial,2025-02-01,1635.0
2234,500953,Additional,2025-08-17,285.88
2235,500953,Additional,2025-10-05,844.83
2236,500954,Initial,2023-02-23,1041.78
2237,500954,Additional,2023-03-17,1016.29
2238,500955,Initial,2022-05-29,1455.08
2239,500955,Additional,2022-12-26,1556.44
2240,500956,Initial,2024-09-17,1947.75
2241,500956,Additional,2024-11-10,3552.65
2242,500956,Additional,2024-12-04,119.85
2243,500956,Additional,2024-10-12,528.16
2244,500957,Initial,2025-02-01,1675.29
2245,500957,Additional,2025-07-24,4861.04
2246,500958,Initial,2024-06-26,396.25
2247,500959,Initial,2023-12-08,1365.85
2248,500959,Additional,2024-02-20,1949.04
2249,500959,Additional,2024-01-10,43.1
2250,500959,Additional,2023-12-18,1153.56
2251,500960,Initial,2023-12-24,1432.94
2252,500960,Additional,2024-05-25,3155.78
2253,500961,Initial,2024-02-12,322.91
2254,500961,Additional,2024-10-09,77.93
2255,500961,Additional,2024-05-29,162.55
2256,500961,Additional,2024-04-01,211.28
2257,500962,Initial,2023-10-27,2452.29
2258,500962,Additional,2024-02-05,4308.58
2259,500963,Initial,2025-09-13,1692.42
2260,500963,Additional,2026-05-08,2670.82
2261,500964,Initial,2024-02-28,5831.5
2262,500964,Additional,2024-11-30,5281.71
2263,500965,Initial,2023-12-12,2100.13
2264,500965,Additional,2024-02-07,2012.35
2265,500965,Additional,2024-08-05,226.89
2266,500966,Initial,2024-03-02,282.19
2267,500966,Additional,2024-09-25,327.99
2268,500967,Initial,2023-12-08,193.35
2269,500967,Additional,2024-07-04,74.39
2270,500967,Additional,2024-05-17,276.81
2271,500968,Initial,2023-02-10,492.17
2272,500968,Additional,2023-06-24,419.83
2273,500969,Initial,2023-11-19,1049.4
2274,500969,Additional,2024-05-07,686.48
2275,500969,Additional,2024-07-04,938.56
2276,500970,Initial,2023-10-04,1120.81
2277,500970,Additional,2024-06-04,1030.54
2278,500971,Initial,2023-05-04,775.19
2279,500971,Additional,2024-01-11,408.1
2280,500971,Additional,2023-08-27,894.48
2281,500972,Initial,2025-03-16,719.7
2282,500972,Additional,2025-04-26,1300.53
2283,500972,Additional,2025-12-03,136.15
2284,500973,Initial,2024-04-21,163.84
2285,500973,Additional,2024-07-21,28.11
2286,500973,Additional,2024-08-07,86.15
2287,500973,Additional,2024-11-21,13.64
2288,500974,Initial,2024-01-22,3177.24
2289,500974,Additional,2024-10-12,4062.77
2290,500974,Additional,2024-04-24,168.16
2291,500975,Initial,2024-10-24,969.24
2292,500975,Additional,2025-06-29,1915.3
2293,500975,Additional,2025-01-24,19.29
2294,500975,Additional,2025-04-22,557.61
2295,500976,Initial,2024-11-17,977.15
2296,500976,Additional,2025-06-07,2160.34
2297,500977,Initial,2024-07-02,1589.64
2298,500977,Additional,2024-07-19,1329.66
2299,500977,Additional,2024-11-21,27.65
2300,500977,Additional,2024-09-20,1252.4
2301,500978,Initial,2024-03-09,813.77
2302,500979,Initial,2024-09-16,348.52
2303,500979,Additional,2025-01-28,512.12
2304,500980,Initial,2024-04-23,2032.76
2305,500980,Additional,2024-10-01,3745.03
2306,500980,Additional,2024-12-15,698.76
2307,500981,Initial,2024-12-04,1058.94
2308,500981,Additional,2025-08-31,942.6
2309,500981,Additional,2025-05-20,236.97
2310,500981,Additional,2025-06-25,448.15
2311,500982,Initial,2023-08-20,3707.31
2312,500983,Initial,2023-09-13,3263.76
2313,500983,Additional,2024-03-03,4129.09
2314,500984,Initial,2024-05-20,493.19
2315,500985,Initial,2024-09-16,915.72
2316,500985,Additional,2024-10-22,624.33
2317,500986,Initial,2023-03-08,670.12
2318,500986,Additional,2023-11-01,398.16
2319,500987,Initial,2022-12-13,1280.18
2320,500987,Additional,2023-04-24,1191.65
2321,500988,Initial,2022-11-08,1472.43
2322,500988,Additional,2023-01-11,1513.94
2323,500988,Additional,2023-08-14,38.49
2324,500989,Initial,2025-04-18,641.65
2325,500989,Additional,2025-05-20,512.56
2326,500989,Additional,2025-09-13,102.12
2327,500991,Initial,2022-08-18,1991.15
2328,500991,Additional,2023-04-01,3292.17
2329,500991,Additional,2023-01-15,1165.39
2330,500992,Initial,2025-03-09,581.4
2331,500992,Additional,2025-06-30,732.52
2332,500993,Initial,2023-09-20,166.42
2333,500993,Additional,2023-12-29,300.15
2334,500994,Initial,2023-04-08,1476.02
2335,500994,Additional,2023-07-16,1264.08
2336,500995,Initial,2023-05-31,2886.27
2337,500995,Additional,2024-01-16,1805.55
2338,500997,Initial,2023-08-26,4398.54
2339,500997,Additional,2023-11-10,2437.28
2340,500997,Additional,2024-03-27,1792.72
2341,500998,Initial,2025-02-01,770.76
2342,500998,Additional,2025-09-08,675.53
2343,501000,Initial,2023-01-29,1686.89
2344,501000,Additional,2023-10-03,129.67
2345,501000,Additional,2023-10-05,529.08
2346,501000,Additional,2023-09-04,873.88
2347,501001,Initial,2022-12-24,9044.13
2348,501001,Additional,2023-08-29,23245.62
2349,501002,Initial,2022-04-12,1072.54
2350,501003,Initial,2025-06-03,103.51
2351,501003,Additional,2025-07-13,286.24
2352,501003,Additional,2026-01-15,17.57
2353,501004,Initial,2025-05-20,698.88
2354,501004,Additional,2025-08-14,1868.26
2355,501005,Initial,2025-01-01,370.66
2356,501005,Additional,2025-07-19,649.09
2357,501006,Initial,2024-11-09,3209.5
2358,501006,Additional,2025-07-07,2275.93
2359,501007,Initial,2024-06-21,1952.98
2360,501007,Additional,2024-10-01,2673.03
2361,501008,Initial,2023-12-25,902.0
2362,501008,Additional,2024-07-16,939.87
2363,501009,Initial,2022-11-17,6619.83
2364,501009,Additional,2023-02-26,3185.87
2365,501009,Additional,2023-02-20,2484.91
2366,501009,Additional,2023-06-25,4645.65
2367,501010,Initial,2022-10-28,1182.04
2368,501010,Additional,2023-07-18,765.97
2369,501011,Initial,2023-03-31,3028.31
2370,501011,Additional,2024-01-11,2005.15
2371,501012,Initial,2023-11-15,500.97
2372,501012,Additional,2024-04-15,453.39
2373,501012,Additional,2024-07-01,819.37
2374,501013,Initial,2023-07-25,671.9
2375,501013,Additional,2024-02-07,665.26
2376,501013,Additional,2024-04-02,521.88
2377,501014,Initial,2024-06-03,1189.64
2378,501015,Initial,2023-08-21,537.06
2379,501015,Additional,2023-11-29,1001.22
2380,501015,Additional,2024-05-16,259.36
2381,501016,Initial,2025-04-22,6145.55
2382,501016,Additional,2025-12-25,4930.9
2383,501017,Initial,2023-05-20,2269.42
2384,501017,Additional,2023-09-16,1849.66
2385,501017,Additional,2023-12-20,358.82
2386,501017,Additional,2023-10-29,1194.8
2387,501018,Initial,2023-07-04,420.02
2388,501018,Additional,2023-08-14,653.07
2389,501018,Additional,2024-01-17,383.89
2390,501019,Initial,2023-06-21,1125.1
2391,501019,Additional,2024-02-16,681.09
2392,501020,Initial,2024-02-07,3786.75
2393,501020,Additional,2024-04-29,6118.77
2394,501021,Initial,2023-08-27,702.49
2395,501021,Additional,2023-11-07,1537.77
2396,501022,Initial,2023-09-22,647.49
2397,501022,Additional,2024-02-09,32.02
2398,501022,Additional,2023-11-24,63.47
2399,501022,Additional,2024-02-22,347.87
2400,501023,Initial,2022-06-18,1561.46
2401,501023,Additional,2023-02-16,4250.31
2402,501024,Initial,2023-11-08,13187.9
2403,501024,Additional,2024-06-19,12317.92
2404,501025,Initial,2024-01-26,618.52
2405,501025,Additional,2024-07-23,130.2
2406,501025,Additional,2024-06-11,491.44
2407,501025,Additional,2024-08-21,704.17
2408,501026,Initial,2022-03-22,1878.81
2409,501026,Additional,2022-04-13,2383.24
2410,501027,Initial,2025-07-11,1117.2
2411,501027,Additional,2025-10-21,1617.58
2412,501029,Initial,2023-10-29,1014.69
2413,501029,Additional,2024-06-03,943.71
2414,501030,Initial,2025-07-11,1401.01
2415,501031,Initial,2024-06-19,858.5
2416,501031,Additional,2024-12-08,1373.67
2417,501031,Additional,2024-10-02,989.78
2418,501032,Initial,2024-10-18,474.14
2419,501032,Additional,2025-06-02,84.94
2420,501032,Additional,2025-07-25,480.89
2421,501033,Initial,2024-01-24,3661.31
2422,501033,Additional,2024-03-19,4355.16
2423,501034,Initial,2023-07-25,2558.0
2424,501034,Additional,2023-10-07,2916.32
2425,501035,Initial,2023-10-27,1567.61
2426,501035,Additional,2024-01-22,564.04
2427,501035,Additional,2024-06-29,1390.36
2428,501036,Initial,2024-09-29,813.59
2429,501036,Additional,2024-11-04,436.07
2430,501036,Additional,2024-12-22,150.28
2431,501037,Initial,2023-07-21,2640.21
2432,501037,Additional,2023-12-25,6057.92
2433,501038,Initial,2024-06-08,2367.39
2434,501038,Additional,2025-01-29,2027.13
2435,501039,Initial,2024-11-18,797.63
2436,501040,Initial,2023-07-30,1954.6
2437,501040,Additional,2024-02-11,162.66
2438,501040,Additional,2024-01-16,927.29
2439,501040,Additional,2023-11-01,108.87
2440,501042,Initial,2023-08-23,326.87
2441,501042,Additional,2023-11-17,348.61
2442,501042,Additional,2024-03-02,113.15
2443,501043,Initial,2022-07-13,1481.42
2444,501043,Additional,2022-08-30,4085.71
2445,501044,Initial,2023-03-22,977.69
2446,501044,Additional,2023-06-21,574.93
2447,501044,Additional,2023-04-29,1082.08
2448,501045,Initial,2025-11-03,2361.63
2449,501045,Additional,2026-01-05,2037.75
2450,501045,Additional,2026-04-27,407.55
2451,501046,Initial,2024-10-23,47.94
2452,501046,Additional,2025-03-23,60.96
2453,501047,Initial,2024-06-07,2327.5
2454,501047,Additional,2025-01-15,4962.59
2455,501048,Initial,2024-02-15,2666.47
2456,501048,Additional,2024-04-09,1013.68
2457,501048,Additional,2024-11-04,249.03
2458,501048,Additional,2024-09-06,246.33
2459,501049,Initial,2022-02-11,1081.47
2460,501049,Additional,2022-06-01,812.28
2461,501049,Additional,2022-04-10,641.7
2462,501050,Initial,2022-09-01,3358.94
2463,501050,Additional,2023-02-09,3240.7
2464,501051,Initial,2025-12-23,2769.3
2465,501051,Additional,2026-04-03,6265.14
2466,501052,Initial,2022-12-17,786.14
2467,501052,Additional,2023-05-17,468.14
2468,501053,Initial,2022-11-16,445.15
2469,501053,Additional,2023-08-10,288.0
2470,501053,Additional,2023-06-18,16.29
2471,501053,Additional,2023-06-14,246.72
2472,501054,Initial,2024-07-13,698.44
2473,501054,Additional,2024-11-02,111.16
2474,501054,Additional,2025-03-10,68.18
2475,501054,Additional,2025-02-04,374.84
2476,501055,Initial,2024-02-04,451.41
2477,501055,Additional,2024-08-13,51.76
2478,501055,Additional,2024-06-23,208.38
2479,501056,Initial,2025-03-03,741.43
2480,501056,Additional,2025-04-16,445.84
2481,501058,Initial,2024-04-14,3406.4
2482,501058,Additional,2024-10-26,2578.19
2483,501058,Additional,2024-05-12,336.04
2484,501059,Initial,2024-06-01,641.39
2485,501059,Additional,2024-11-22,250.6
2486,501059,Additional,2024-11-19,725.86
2487,501060,Initial,2025-03-30,2034.97
2488,501060,Additional,2025-09-20,831.23
2489,501060,Additional,2025-11-17,638.78
2490,501061,Initial,2024-06-24,235.21
2491,501061,Additional,2024-09-19,237.45
2492,501062,Initial,2023-08-26,2374.24
2493,501062,Additional,2024-05-16,3275.62
2494,501063,Initial,2026-02-15,1062.64
2495,501063,Additional,2026-03-23,1254.0
2496,501063,Additional,2026-05-07,598.4
2497,501064,Initial,2025-09-11,3742.95
2498,501064,Additional,2026-02-23,6619.91
2499,501065,Initial,2025-09-04,1143.79
2500,501065,Additional,2026-02-16,401.62
2501,501065,Additional,2026-05-13,934.58
2502,501066,Initial,2023-09-25,3484.37
2503,501066,Additional,2023-12-07,939.88
2504,501066,Additional,2024-03-24,1539.43
2505,501068,Initial,2023-10-21,4869.84
2506,501068,Additional,2024-02-13,9293.6
2507,501069,Initial,2023-04-05,3151.93
2508,501069,Additional,2023-07-06,945.53
2509,501069,Additional,2024-01-02,4005.85
2510,501070,Initial,2024-07-31,3656.59
2511,501070,Additional,2025-04-18,3453.11
2512,501070,Additional,2024-12-25,3709.85
2513,501072,Initial,2024-09-22,3292.92
2514,501072,Additional,2025-01-14,3229.7
2515,501072,Additional,2024-11-03,1333.45
2516,501073,Initial,2025-02-28,1258.14
2517,501073,Additional,2025-04-10,560.26
2518,501073,Additional,2025-08-22,298.18
2519,501074,Initial,2025-07-29,189.97
2520,501074,Additional,2026-01-14,104.95
2521,501075,Initial,2025-04-10,3156.42
2522,501075,Additional,2025-12-29,4428.09
2523,501075,Additional,2025-09-07,2096.6
2524,501075,Additional,2025-09-06,2.24
2525,501076,Initial,2024-05-31,1004.53
2526,501076,Additional,2024-06-18,566.49
2527,501076,Additional,2025-01-04,271.1
2528,501077,Initial,2024-09-29,267.82
2529,501077,Additional,2025-04-06,298.38
2530,501078,Initial,2022-08-25,719.66
2531,501080,Initial,2023-02-22,219.48
2532,501081,Initial,2025-02-02,1211.81
2533,501081,Additional,2025-07-25,564.86
2534,501081,Additional,2025-10-15,1006.66
2535,501081,Additional,2025-07-12,446.42
2536,501082,Initial,2024-12-25,4151.91
2537,501082,Additional,2025-03-05,2385.41
2538,501082,Additional,2025-08-11,2349.94
2539,501082,Additional,2025-02-08,2393.92
2540,501083,Initial,2024-12-02,469.77
2541,501083,Additional,2025-04-27,330.49
2542,501083,Additional,2025-04-14,163.03
2543,501083,Additional,2025-01-26,123.18
2544,501084,Initial,2024-06-19,3519.29
2545,501085,Initial,2023-04-30,2717.43
2546,501085,Additional,2023-07-16,4330.71
2547,501086,Initial,2024-03-17,2369.3
2548,501086,Additional,2024-12-03,611.77
2549,501086,Additional,2024-10-04,1173.47
2550,501087,Initial,2023-12-27,1030.17
2551,501087,Additional,2024-05-31,597.52
2552,501088,Initial,2025-04-06,2156.24
2553,501088,Additional,2025-06-06,1935.34
2554,501089,Initial,2025-06-17,5055.5
2555,501089,Additional,2026-01-06,4650.18
2556,501089,Additional,2025-07-12,5810.1
2557,501090,Initial,2025-03-14,2947.35
2558,501090,Additional,2025-05-18,1290.67
2559,501090,Additional,2025-09-05,404.07
2560,501090,Additional,2025-07-22,31.97
2561,501091,Initial,2024-07-14,2584.02
2562,501091,Additional,2024-11-06,1480.27
2563,501092,Initial,2025-10-19,11473.58
2564,501092,Additional,2026-01-07,1258.99
2565,501092,Additional,2026-07-11,23075.38
2566,501093,Initial,2025-09-26,200.6
2567,501093,Additional,2026-05-25,489.6
2568,501094,Initial,2024-09-30,8656.63
2569,501094,Additional,2025-01-15,3377.14
2570,501094,Additional,2025-05-14,3423.37
2571,501095,Initial,2025-03-10,175.65
2572,501095,Additional,2025-04-09,391.59
2573,501096,Initial,2023-01-04,711.98
2574,501096,Additional,2023-09-05,1196.18
2575,501097,Initial,2023-10-15,3066.65
2576,501097,Additional,2024-05-13,1724.23
2577,501097,Additional,2024-03-24,471.47
2578,501098,Initial,2024-02-04,343.35
2579,501098,Additional,2024-05-02,257.85
2580,501098,Additional,2024-03-31,607.02
2581,501099,Initial,2024-09-27,1490.37
2582,501099,Additional,2025-06-17,1867.63
2583,501100,Initial,2025-01-03,3410.38
2584,501101,Initial,2024-04-10,810.21
2585,501101,Additional,2024-11-18,589.34
2586,501102,Initial,2023-08-27,6391.51
2587,501102,Additional,2024-05-02,959.43
2588,501102,Additional,2024-04-15,7890.07
2589,501103,Initial,2023-08-01,218.05
2590,501103,Additional,2023-10-02,580.5
2591,501104,Initial,2023-06-28,334.27
2592,501104,Additional,2023-12-07,267.18
2593,501105,Initial,2023-08-20,366.38
2594,501105,Additional,2024-02-22,132.46
2595,501105,Additional,2023-12-29,67.56
2596,501106,Initial,2025-03-30,2362.19
2597,501106,Additional,2025-09-17,3858.3
2598,501106,Additional,2025-07-31,1942.11
2599,501107,Initial,2025-09-01,1270.4
2600,501107,Additional,2026-01-04,2554.9
2601,501108,Initial,2025-11-30,2002.31
2602,501108,Additional,2026-05-30,2793.18
2603,501109,Initial,2023-06-05,2538.32
2604,501109,Additional,2024-02-14,2246.7
2605,501109,Additional,2023-08-27,16.22
2606,501110,Initial,2023-03-31,331.91
2607,501111,Initial,2023-11-18,2775.13
2608,501111,Additional,2023-12-31,1933.43
2609,501112,Initial,2022-09-29,2829.41
2610,501112,Additional,2023-03-05,4549.3
2611,501113,Initial,2024-04-11,1764.24
2612,501115,Initial,2025-01-05,307.8
2613,501115,Additional,2025-03-24,457.87
2614,501116,Initial,2025-07-29,720.84
2615,501116,Additional,2025-11-17,1402.32
2616,501116,Additional,2025-10-24,563.01
2617,501117,Initial,2022-11-13,379.45
2618,501117,Additional,2023-04-17,991.73
2619,501118,Initial,2024-01-14,3565.6
2620,501118,Additional,2024-08-10,1219.07
2621,501118,Additional,2024-07-25,2076.73
2622,501118,Additional,2024-09-25,3275.97
2623,501119,Initial,2024-08-19,235.51
2624,501119,Additional,2024-12-30,91.25
2625,501119,Additional,2024-10-17,228.21
2626,501120,Initial,2024-04-10,1746.77
2627,501120,Additional,2024-05-03,1112.59
2628,501120,Additional,2024-06-16,640.52
2629,501121,Initial,2024-03-07,2919.68
2630,501121,Additional,2024-05-08,7660.08
2631,501122,Initial,2022-04-12,660.59
2632,501122,Additional,2022-06-21,213.07
2633,501122,Additional,2022-05-15,153.44
2634,501123,Initial,2023-01-26,2095.11
2635,501123,Additional,2023-04-21,1526.0
2636,501123,Additional,2023-09-27,1013.4
2637,501123,Additional,2023-10-22,696.58
2638,501124,Initial,2024-08-11,185.55
2639,501125,Initial,2023-10-02,2319.77
2640,501126,Initial,2023-04-17,986.1
2641,501126,Additional,2023-08-05,320.61
2642,501126,Additional,2023-10-15,558.78
2643,501127,Initial,2023-12-22,486.75
2644,501127,Additional,2024-05-29,181.9
2645,501127,Additional,2024-06-24,328.51
2646,501128,Initial,2024-02-09,4277.55
2647,501128,Additional,2024-02-22,1009.14
2648,501128,Additional,2024-06-27,6386.77
2649,501129,Initial,2023-11-21,2341.73
2650,501129,Additional,2024-05-15,2205.48
2651,501130,Initial,2023-11-28,1093.08
2652,501130,Additional,2024-04-25,488.74
2653,501130,Additional,2024-03-10,680.34
2654,501131,Initial,2023-01-03,1097.89
2655,501131,Additional,2023-08-31,1618.01
2656,501132,Initial,2023-04-01,10703.67
2657,501132,Additional,2023-08-03,1275.03
2658,501132,Additional,2023-10-07,7983.77
2659,501133,Initial,2025-10-28,3317.63
2660,501133,Additional,2025-12-20,1652.79
2661,501133,Additional,2026-03-29,94.59
2662,501133,Additional,2025-12-21,1184.65
2663,501134,Initial,2025-06-20,3851.0
2664,501134,Additional,2026-01-04,2841.13
2665,501136,Initial,2025-06-18,206.71
2666,501136,Additional,2026-02-13,163.66
2667,501137,Initial,2025-03-02,289.76
2668,501137,Additional,2025-07-08,227.05
2669,501138,Initial,2023-04-13,395.45
2670,501138,Additional,2023-05-27,527.51
2671,501139,Initial,2023-10-17,369.0
2672,501139,Additional,2024-04-12,56.85
2673,501139,Additional,2024-06-08,141.07
2674,501139,Additional,2024-06-10,59.14
2675,501140,Initial,2024-04-21,866.38
2676,501140,Additional,2024-09-30,640.14
2677,501141,Initial,2023-10-30,170.12
2678,501142,Initial,2025-07-18,4919.58
2679,501142,Additional,2025-12-15,11114.05
2680,501143,Initial,2023-01-30,1947.15
2681,501143,Additional,2023-09-20,711.85
2682,501143,Additional,2023-04-22,1519.98
2683,501144,Initial,2022-06-09,369.26
2684,501144,Additional,2023-01-10,216.77
2685,501144,Additional,2023-01-30,64.32
2686,501146,Initial,2023-02-12,1904.66
2687,501146,Additional,2023-04-24,1967.74
2688,501147,Initial,2023-06-22,588.36
2689,501147,Additional,2023-09-16,273.79
2690,501147,Additional,2023-09-05,1157.87
2691,501148,Initial,2025-08-22,1861.73
2692,501148,Additional,2026-04-04,1255.48
2693,501148,Additional,2026-01-09,3224.71
2694,501149,Initial,2023-04-03,1610.1
2695,501149,Additional,2023-12-03,1054.33
2696,501149,Additional,2023-10-04,1879.17
2697,501150,Initial,2025-10-01,4117.74
2698,501150,Additional,2026-04-20,2844.29
2699,501151,Initial,2023-03-13,429.52
2700,501151,Additional,2023-11-18,928.57
2701,501152,Initial,2022-12-23,1351.86
2702,501152,Additional,2023-09-17,3622.21
2703,501153,Initial,2022-04-08,2548.77
2704,501153,Additional,2022-06-18,564.72
2705,501153,Additional,2022-09-18,3854.0
2706,501153,Additional,2022-09-19,1164.65
2707,501154,Initial,2024-04-08,681.71
2708,501154,Additional,2024-11-14,463.66
2709,501154,Additional,2024-09-26,65.51
2710,501155,Initial,2024-04-17,992.96
2711,501155,Additional,2024-11-13,86.57
2712,501155,Additional,2024-12-12,513.1
2713,501155,Additional,2024-04-26,353.83
2714,501156,Initial,2023-09-28,1114.56
2715,501156,Additional,2024-05-23,1175.43
2716,501156,Additional,2024-04-26,378.43
2717,501156,Additional,2023-11-07,517.3
2718,501157,Initial,2023-11-22,3451.96
2719,501157,Additional,2024-05-27,2048.14
2720,501158,Initial,2023-05-28,1100.3
2721,501158,Additional,2023-10-26,602.23
2722,501159,Initial,2025-11-25,3547.7
2723,501159,Additional,2026-01-22,1505.05
2724,501159,Additional,2025-12-27,716.66
2725,501160,Initial,2023-11-02,616.92
2726,501160,Additional,2023-12-08,736.26
2727,501161,Initial,2023-01-31,3595.42
2728,501162,Initial,2022-12-31,697.34
2729,501162,Additional,2023-08-11,1749.51
2730,501163,Initial,2023-05-06,2076.19
2731,501163,Additional,2023-10-13,1332.4
2732,501163,Additional,2024-01-21,1112.36
2733,501164,Initial,2023-04-16,627.36
2734,501164,Additional,2023-08-21,320.31
2735,501164,Additional,2023-09-22,822.42
2736,501165,Initial,2025-02-05,1855.44
2737,501165,Additional,2025-08-29,3228.26
2738,501167,Initial,2024-05-19,985.14
2739,501167,Additional,2024-06-26,1890.91
2740,501168,Initial,2025-08-06,13389.17
2741,501168,Additional,2025-08-29,7468.82
2742,501169,Initial,2026-03-13,688.32
2743,501169,Additional,2026-06-29,8.76
2744,501169,Additional,2026-05-30,376.33
2745,501170,Initial,2025-04-18,18994.24
2746,501170,Additional,2025-11-03,18152.43
2747,501171,Initial,2024-09-25,4185.88
2748,501171,Additional,2025-02-16,4055.85
2749,501172,Initial,2024-08-15,4315.65
2750,501172,Additional,2024-10-24,2495.43
2751,501172,Additional,2024-12-15,7361.54
2752,501173,Initial,2024-12-30,2558.74
2753,501173,Additional,2025-02-26,1021.46
2754,501173,Additional,2025-09-01,94.85
2755,501173,Additional,2025-03-14,776.35
2756,501174,Initial,2025-10-02,5512.7
2757,501174,Additional,2025-12-27,314.84
2758,501174,Additional,2026-03-17,3220.16
2759,501175,Initial,2024-04-30,2665.26
2760,501175,Additional,2024-08-28,418.74
2761,501175,Additional,2024-11-15,1064.27
2762,501176,Initial,2022-08-30,1534.36
2763,501176,Additional,2022-12-20,1821.36
2764,501177,Initial,2024-06-13,1514.17
2765,501177,Additional,2024-10-28,561.69
2766,501177,Additional,2025-01-27,2414.85
2767,501178,Initial,2023-06-08,1384.7
2768,501178,Additional,2024-03-14,1021.93
2769,501179,Initial,2022-12-02,3616.04
2770,501179,Additional,2023-07-12,6514.16
2771,501180,Initial,2023-07-20,608.15
2772,501180,Additional,2023-11-17,934.49
2773,501180,Additional,2024-04-03,689.24
2774,501181,Initial,2025-04-12,844.08
2775,501181,Additional,2025-12-04,767.24
2776,501182,Initial,2025-03-14,1578.79
2777,501182,Additional,2025-06-12,338.48
2778,501182,Additional,2025-05-29,570.99
2779,501182,Additional,2025-09-09,2292.61
2780,501183,Initial,2025-09-14,7786.14
2781,501183,Additional,2026-02-06,8257.26
2782,501184,Initial,2024-12-02,200.82
2783,501184,Additional,2025-01-10,123.21
2784,501184,Additional,2025-03-04,246.13
2785,501185,Initial,2025-01-30,2379.64
2786,501186,Initial,2025-03-15,5200.63
2787,501186,Additional,2025-12-21,7519.2
2788,501188,Initial,2024-04-16,3775.44
2789,501188,Additional,2024-08-10,1864.59
2790,501188,Additional,2024-09-18,579.21
2791,501189,Initial,2025-12-22,1891.97
2792,501189,Additional,2026-09-25,990.61
2793,501189,Additional,2026-07-14,123.72
2794,501190,Initial,2026-03-31,552.67
2795,501190,Additional,2026-11-30,635.49
2796,501192,Initial,2024-08-01,4490.97
2797,501192,Additional,2024-09-23,3145.96
2798,501192,Additional,2025-03-19,256.36
2799,501192,Additional,2025-03-28,9539.32
2800,501193,Initial,2024-10-12,2082.49
2801,501193,Additional,2024-12-29,1768.55
2802,501193,Additional,2025-06-24,1881.74
2803,501194,Initial,2024-03-23,9055.56
2804,501194,Additional,2024-12-05,2355.96
2805,501194,Additional,2024-08-25,9096.57
2806,501194,Additional,2024-09-25,1978.84
2807,501195,Initial,2023-10-01,2471.85
2808,501195,Additional,2024-02-03,3901.21
2809,501196,Initial,2023-01-09,865.09
2810,501196,Additional,2023-08-12,1138.41
2811,501197,Initial,2024-01-19,1107.11
2812,501199,Initial,2022-09-08,1090.15
2813,501199,Additional,2023-03-11,2144.81
2814,501199,Additional,2022-11-17,871.99
2815,501200,Initial,2023-03-19,3020.23
2816,501202,Initial,2026-04-09,368.55
2817,501204,Initial,2025-05-18,2090.74
2818,501204,Additional,2025-06-23,831.87
2819,501204,Additional,2025-10-06,551.84
2820,501205,Initial,2025-01-28,2236.54
2821,501205,Additional,2025-05-19,1764.76
2822,501205,Additional,2025-10-23,431.3
2823,501205,Additional,2025-05-21,198.61
2824,501206,Initial,2024-06-19,149.97
2825,501206,Additional,2024-08-01,251.44
2826,501208,Initial,2024-10-15,2021.87
2827,501208,Additional,2025-05-10,2283.99
2828,501209,Initial,2023-03-23,2943.97
2829,501209,Additional,2023-09-21,2446.36
2830,501209,Additional,2023-05-15,295.03
2831,501210,Initial,2023-09-14,1792.95
2832,501210,Additional,2024-04-01,1077.75
2833,501211,Initial,2023-06-06,2398.17
2834,501211,Additional,2024-01-20,3848.1
2835,501212,Initial,2023-01-15,1317.27
2836,501212,Additional,2023-09-30,21.32
2837,501212,Additional,2023-04-09,2695.86
2838,501213,Initial,2023-01-14,1349.72
2839,501213,Additional,2023-09-13,1960.88
2840,501214,Initial,2023-01-02,4488.89
2841,501214,Additional,2023-05-17,90.99
2842,501214,Additional,2023-02-12,1677.74
2843,501214,Additional,2023-04-02,727.4
2844,501215,Initial,2025-10-17,452.59
2845,501215,Additional,2025-12-23,707.25
2846,501216,Initial,2024-05-24,4437.98
2847,501216,Additional,2025-01-05,5259.45
2848,501216,Additional,2025-01-05,1029.89
2849,501217,Initial,2024-04-05,5836.54
2850,501217,Additional,2024-05-08,11563.1
2851,501218,Initial,2023-02-02,4235.52
2852,501218,Additional,2023-10-07,9981.12
2853,501219,Initial,2023-07-01,608.39
2854,501219,Additional,2023-12-31,772.0
2855,501219,Additional,2023-12-02,768.12
2856,501220,Initial,2023-03-27,3835.39
2857,501220,Additional,2023-05-13,10471.2
2858,501221,Initial,2025-04-25,2962.33
2859,501221,Additional,2025-07-06,7749.68
2860,501222,Initial,2023-10-22,1074.87
2861,501222,Additional,2024-04-24,473.17
2862,501222,Additional,2024-02-08,1625.06
2863,501223,Initial,2023-05-18,3067.15
2864,501223,Additional,2023-11-07,535.37
2865,501223,Additional,2023-08-23,2608.85
2866,501224,Initial,2023-02-22,5131.11
2867,501224,Additional,2023-10-28,3237.8
2868,501224,Additional,2023-04-15,5209.29
2869,501224,Additional,2023-04-19,349.14
2870,501225,Initial,2024-10-31,1418.26
2871,501225,Additional,2025-08-05,1274.4
2872,501226,Initial,2024-01-30,1433.43
2873,501226,Additional,2024-08-04,715.34
2874,501226,Additional,2024-09-17,1222.39
2875,501227,Initial,2023-12-29,1196.71
2876,501227,Additional,2024-06-20,768.93
2877,501227,Additional,2024-03-04,389.65
2878,501228,Initial,2024-04-23,1853.88
2879,501229,Initial,2023-02-10,719.56
2880,501229,Additional,2023-04-28,904.89
2881,501230,Initial,2023-07-28,2823.52
2882,501231,Initial,2023-11-17,296.83
2883,501231,Additional,2024-02-22,107.65
2884,501231,Additional,2024-03-16,91.01
2885,501231,Additional,2024-04-22,35.97
2886,501232,Initial,2026-01-04,561.4
2887,501232,Additional,2026-04-12,1457.97
2888,501233,Initial,2023-08-06,3483.16
2889,501233,Additional,2024-01-11,2242.19
2890,501233,Additional,2023-11-03,270.61
2891,501233,Additional,2024-01-13,1532.1
2892,501234,Initial,2026-02-07,200.19
2893,501234,Additional,2026-09-13,409.23
2894,501235,Initial,2026-01-12,622.08
2895,501235,Additional,2026-04-10,1733.37
2896,501236,Initial,2024-03-30,1596.24
2897,501236,Additional,2024-09-11,889.71
2898,501237,Initial,2024-01-24,11593.42
2899,501238,Initial,2023-10-22,349.81
2900,501238,Additional,2024-01-17,677.0
2901,501239,Initial,2024-04-19,2127.09
2902,501239,Additional,2024-11-08,1481.31
2903,501240,Initial,2024-11-04,375.63
2904,501240,Additional,2025-01-06,289.24
2905,501240,Additional,2025-01-21,3.32
2906,501241,Initial,2023-06-06,646.8
2907,501241,Additional,2023-12-06,621.31
2908,501242,Initial,2024-06-24,1196.94
2909,501242,Additional,2024-07-24,506.59
2910,501242,Additional,2024-09-15,110.27
2911,501242,Additional,2025-04-03,1571.32
2912,501243,Initial,2023-08-22,1747.11
2913,501244,Initial,2022-06-16,2988.93
2914,501244,Additional,2023-01-19,156.06
2915,501244,Additional,2022-12-18,2453.96
2916,501245,Initial,2024-07-30,1052.27
2917,501245,Additional,2025-04-24,1825.12
2918,501246,Initial,2022-12-08,5173.06
2919,501246,Additional,2023-08-20,4899.14
2920,501247,Initial,2025-09-22,800.26
2921,501247,Additional,2026-06-21,126.91
2922,501247,Additional,2025-11-27,629.09
2923,501248,Initial,2023-06-24,1375.3
2924,501248,Additional,2023-08-26,2121.65
2925,501249,Initial,2023-05-26,202.38
2926,501249,Additional,2023-09-17,8.69
2927,501249,Additional,2023-10-03,303.34
2928,501250,Initial,2023-06-29,379.86
2929,501250,Additional,2023-10-13,93.66
2930,501250,Additional,2024-02-04,440.75
2931,501251,Initial,2024-12-09,1011.63
2932,501252,Initial,2025-06-09,465.9
2933,501252,Additional,2025-09-30,830.43
2934,501253,Initial,2025-05-30,1216.6
2935,501253,Additional,2026-01-30,790.02
2936,501254,Initial,2024-12-05,518.36
2937,501254,Additional,2025-05-11,235.28
2938,501254,Additional,2025-03-17,731.03
2939,501255,Initial,2023-04-17,1093.39
2940,501255,Additional,2024-01-21,1006.99
2941,501256,Initial,2025-04-11,2408.88
2942,501256,Additional,2026-01-02,1282.97
2943,501256,Additional,2025-07-10,305.6
2944,501257,Initial,2024-09-11,1964.1
2945,501257,Additional,2025-02-20,1047.34
2946,501257,Additional,2025-01-11,1996.34
2947,501258,Initial,2025-03-29,703.78
2948,501258,Additional,2025-05-23,68.23
2949,501258,Additional,2025-06-08,186.08
2950,501258,Additional,2025-09-16,410.04
2951,501259,Initial,2024-12-03,3287.36
2952,501259,Additional,2025-06-23,1591.45
2953,501259,Additional,2025-01-30,760.73
2954,501259,Additional,2025-04-24,1379.4
2955,501260,Initial,2023-10-13,1925.96
2956,501260,Additional,2024-03-26,991.44
2957,501260,Additional,2023-11-12,411.07
2958,501261,Initial,2024-03-22,357.28
2959,501261,Additional,2024-11-18,308.36
2960,501262,Initial,2023-12-06,666.12
2961,501262,Additional,2024-07-18,1049.97
2962,501263,Initial,2024-04-18,2114.03
2963,501263,Additional,2024-09-19,2200.65
2964,501263,Additional,2024-07-02,1114.75
2965,501264,Initial,2024-05-05,647.71
2966,501264,Additional,2024-10-05,1053.32
2967,501265,Initial,2025-04-01,6288.16
2968,501265,Additional,2025-12-22,7003.62
2969,501266,Initial,2025-05-20,2174.01
2970,501266,Additional,2025-08-10,3312.92
2971,501266,Additional,2026-01-15,998.57
2972,501267,Initial,2023-12-17,1332.28
2973,501268,Initial,2023-04-09,2803.61
2974,501268,Additional,2023-07-02,3671.43
2975,501269,Initial,2023-01-06,362.7
2976,501269,Additional,2023-05-28,54.31
2977,501269,Additional,2023-09-03,468.11
2978,501270,Initial,2023-05-15,3027.38
2979,501270,Additional,2023-12-06,1651.41
2980,501270,Additional,2023-08-02,1215.87
2981,501271,Initial,2023-10-08,448.14
2982,501271,Additional,2024-05-13,750.66
2983,501272,Initial,2025-05-26,1162.24
2984,501272,Additional,2026-01-01,2831.93
2985,501273,Initial,2024-09-21,151.13
2986,501273,Additional,2025-05-02,446.27
2987,501274,Initial,2023-12-04,6097.1
2988,501274,Additional,2024-01-25,513.11
2989,501274,Additional,2023-12-22,1795.11
2990,501274,Additional,2024-06-12,3646.68
2991,501275,Initial,2024-09-19,1671.75
2992,501275,Additional,2024-10-18,988.15
2993,501276,Initial,2024-05-29,2111.89
2994,501276,Additional,2025-01-02,4715.93
2995,501277,Initial,2024-10-19,2037.01
2996,501277,Additional,2025-04-13,2266.7
2997,501278,Initial,2024-11-07,4675.23
2998,501278,Additional,2025-06-15,2423.28
2999,501278,Additional,2025-06-21,1780.43
3000,501279,Initial,2025-07-01,2245.07
3001,501280,Initial,2024-07-11,8935.8
3002,501280,Additional,2024-10-05,3276.1
3003,501280,Additional,2024-11-19,1551.42
3004,501280,Additional,2024-10-18,518.51
3005,501281,Initial,2024-08-30,2373.09
3006,501281,Additional,2025-02-07,1644.81
3007,501282,Initial,2023-05-22,964.43
3008,501282,Additional,2023-09-06,1206.38
3009,501282,Additional,2023-07-21,814.18
3010,501283,Initial,2023-12-16,870.71
3011,501283,Additional,2024-02-14,295.78
3012,501283,Additional,2024-05-22,1600.99
3013,501284,Initial,2024-01-04,4222.0
3014,501284,Additional,2024-03-04,116.07
3015,501284,Additional,2024-04-29,2534.1
3016,501285,Initial,2023-08-18,775.94
3017,501285,Additional,2024-01-27,1179.31
3018,501286,Initial,2023-05-04,331.04
3019,501286,Additional,2023-06-24,279.46
3020,501287,Initial,2023-02-24,5075.43
3021,501287,Additional,2023-09-02,5597.45
3022,501288,Initial,2023-10-25,802.49
3023,501288,Additional,2024-04-08,33.46
3024,501288,Additional,2024-07-05,953.89
3025,501289,Initial,2024-02-19,661.02
3026,501289,Additional,2024-03-20,659.19
3027,501289,Additional,2024-08-14,152.66
3028,501289,Additional,2024-05-22,247.88
3029,501290,Initial,2023-03-14,468.49
3030,501290,Additional,2023-05-25,650.86
3031,501291,Initial,2024-04-02,1600.67
3032,501291,Additional,2024-10-17,995.13
3033,501291,Additional,2024-06-14,463.0
3034,501292,Initial,2024-04-22,7450.03
3035,501292,Additional,2024-07-02,4743.67
3036,501292,Additional,2024-06-02,3630.02
3037,501293,Initial,2025-01-09,5553.02
3038,501293,Additional,2025-02-06,5943.6
3039,501293,Additional,2025-09-14,2118.49
3040,501295,Initial,2025-05-04,753.35
3041,501295,Additional,2025-12-04,584.38
3042,501295,Additional,2025-09-23,416.15
3043,501296,Initial,2022-10-06,2631.57
3044,501296,Additional,2023-02-17,2310.19
3045,501296,Additional,2023-04-23,548.53
3046,501297,Initial,2023-10-16,4777.69
3047,501297,Additional,2024-07-09,693.89
3048,501297,Additional,2024-05-22,3332.39
3049,501298,Initial,2025-07-17,2035.44
3050,501298,Additional,2026-01-13,883.38
3051,501298,Additional,2026-02-10,1244.71
3052,501299,Initial,2024-11-02,1018.23
3053,501299,Additional,2025-01-13,242.49
3054,501299,Additional,2025-02-07,1706.54
3055,501299,Additional,2025-01-26,529.42
3056,501300,Initial,2025-03-12,939.76
3057,501300,Additional,2025-07-16,668.63
3058,501301,Initial,2024-10-08,974.56
3059,501301,Additional,2024-12-20,1314.68
3060,501302,Initial,2023-08-17,404.0
3061,501302,Additional,2023-11-02,383.99
3062,501302,Additional,2024-04-02,319.63
3063,501303,Initial,2022-11-11,3039.79
3064,501303,Additional,2023-02-05,1267.93
3065,501303,Additional,2023-07-17,704.38
3066,501303,Additional,2023-03-11,1391.92
3067,501305,Initial,2025-02-23,1473.28
3068,501305,Additional,2025-04-10,727.26
3069,501305,Additional,2025-06-15,826.33
3070,501306,Initial,2024-07-27,968.67
3071,501306,Additional,2024-12-20,807.08
3072,501307,Initial,2025-02-12,1461.41
3073,501307,Additional,2025-03-04,600.51
3074,501307,Additional,2025-10-15,262.27
3075,501307,Additional,2025-07-01,196.92
3076,501308,Initial,2025-09-22,3744.01
3077,501308,Additional,2026-01-18,4595.89
3078,501309,Initial,2025-10-21,604.96
3079,501309,Additional,2026-03-28,420.28
3080,501310,Initial,2023-08-06,863.28
3081,501310,Additional,2024-03-27,563.32
3082,501310,Additional,2024-04-12,110.15
3083,501311,Initial,2024-11-03,2690.25
3084,501312,Initial,2025-05-20,867.05
3085,501312,Additional,2025-08-02,674.92
3086,501313,Initial,2022-11-13,1125.22
3087,501313,Additional,2023-05-25,2063.21
3088,501314,Initial,2022-12-03,730.47
3089,501314,Additional,2023-03-14,1544.81
3090,501314,Additional,2023-05-17,626.52
3091,501315,Initial,2025-07-13,2676.05
3092,501316,Initial,2024-11-12,1538.33
3093,501316,Additional,2025-06-01,503.91
3094,501316,Additional,2025-04-29,310.99
3095,501316,Additional,2025-01-23,211.77
3096,501317,Initial,2023-12-26,1204.21
3097,501318,Initial,2024-05-18,1100.47
3098,501318,Additional,2024-09-29,1613.12
3099,501319,Initial,2024-02-12,1896.85
3100,501319,Additional,2024-09-16,1499.7
3101,501319,Additional,2024-06-10,665.94
3102,501320,Initial,2023-08-14,6541.88
3103,501320,Additional,2024-04-15,5594.6
3104,501321,Initial,2024-12-20,397.64
3105,501321,Additional,2025-04-22,538.65
3106,501322,Initial,2024-05-13,13237.53
3107,501322,Additional,2024-07-06,12456.59
3108,501323,Initial,2022-09-12,618.83
3109,501323,Additional,2023-03-02,1606.08
3110,501324,Initial,2022-05-31,675.56
3111,501324,Additional,2023-01-16,1608.9
3112,501324,Additional,2022-12-22,206.63
3113,501325,Initial,2023-05-28,2308.99
3114,501325,Additional,2024-01-19,28.19
3115,501325,Additional,2024-01-05,3387.18
3116,501326,Initial,2025-03-15,287.16
3117,501326,Additional,2025-06-16,96.88
3118,501326,Additional,2025-04-23,340.81
3119,501327,Initial,2024-01-22,2303.42
3120,501327,Additional,2024-06-02,4440.52
3121,501328,Initial,2023-08-30,975.43
3122,501328,Additional,2024-03-29,925.92
3123,501329,Initial,2023-03-02,3218.49
3124,501329,Additional,2023-04-06,3006.43
3125,501330,Initial,2023-11-11,908.11
3126,501330,Additional,2024-06-17,25.96
3127,501330,Additional,2024-05-17,529.76
3128,501331,Initial,2024-06-02,4116.93
3129,501331,Additional,2025-01-31,2590.21
3130,501332,Initial,2024-08-23,1280.61
3131,501332,Additional,2025-02-02,266.83
3132,501332,Additional,2025-04-30,2238.94
3133,501333,Initial,2025-11-05,2551.46
3134,501334,Initial,2022-09-25,6991.14
3135,501334,Additional,2022-12-29,165.54
3136,501334,Additional,2022-12-01,3979.14
3137,501335,Initial,2025-01-27,3654.36
3138,501335,Additional,2025-09-28,1256.84
3139,501335,Additional,2025-08-23,516.97
3140,501335,Additional,2025-08-06,1025.32
3141,501336,Initial,2022-07-22,1778.42
3142,501336,Additional,2023-01-18,2174.52
3143,501337,Initial,2022-07-13,4792.86
3144,501337,Additional,2023-01-05,4017.68
3145,501337,Additional,2022-11-25,708.3
3146,501338,Initial,2022-07-12,2966.33
3147,501338,Additional,2023-03-03,1955.52
3148,501339,Initial,2022-06-26,969.21
3149,501339,Additional,2022-12-31,87.7
3150,501339,Additional,2022-11-25,937.24
3151,501339,Additional,2022-10-10,464.69
3152,501340,Initial,2024-11-17,353.67
3153,501340,Additional,2025-05-08,259.87
3154,501340,Additional,2025-04-22,730.81
3155,501341,Initial,2022-10-04,410.34
3156,501341,Additional,2023-06-18,656.73
3157,501341,Additional,2023-01-26,476.13
3158,501342,Initial,2023-01-08,6731.79
3159,501342,Additional,2023-06-24,1133.32
3160,501342,Additional,2023-08-25,5160.31
3161,501343,Initial,2022-10-05,278.93
3162,501343,Additional,2023-05-18,692.38
3163,501344,Initial,2025-09-21,6426.75
3164,501345,Initial,2024-06-23,344.39
3165,501345,Additional,2024-09-04,456.81
3166,501345,Additional,2024-12-24,442.01
3167,501346,Initial,2024-06-15,695.34
3168,501346,Additional,2024-08-06,1017.22
3169,501347,Initial,2024-05-21,1564.23
3170,501347,Additional,2025-01-07,4545.59
3171,501348,Initial,2023-05-11,1354.45
3172,501349,Initial,2024-03-29,1250.03
3173,501350,Initial,2024-03-22,2131.98
3174,501350,Additional,2024-09-22,720.95
3175,501350,Additional,2024-10-17,1322.84
3176,501351,Initial,2024-06-25,2598.46
3177,501351,Additional,2025-01-15,1862.32
3178,501352,Initial,2025-05-16,273.45
3179,501352,Additional,2026-01-14,187.56
3180,501352,Additional,2025-07-09,145.24
3181,501353,Initial,2024-02-04,2578.93
3182,501353,Additional,2024-10-24,2163.0
3183,501353,Additional,2024-08-09,732.49
3184,501354,Initial,2024-05-21,7954.9
3185,501354,Additional,2024-12-21,4863.47
3186,501356,Initial,2024-07-07,2827.25
3187,501356,Additional,2025-03-06,424.35
3188,501356,Additional,2025-04-16,1338.84
3189,501356,Additional,2025-01-15,2647.69
3190,501357,Initial,2024-10-02,999.47
3191,501357,Additional,2025-05-07,1470.0
3192,501357,Additional,2024-12-13,215.52
3193,501358,Initial,2024-09-26,1004.95
3194,501358,Additional,2025-03-21,2291.04
3195,501359,Initial,2022-12-30,1432.58
3196,501359,Additional,2023-01-22,1000.55
3197,501359,Additional,2023-02-26,2136.83
3198,501360,Initial,2025-09-27,4410.37
3199,501361,Initial,2024-08-24,1240.77
3200,501361,Additional,2025-01-13,871.33
3201,501362,Initial,2024-07-02,1122.01
3202,501362,Additional,2025-03-02,1119.24
3203,501362,Additional,2024-11-01,353.16
3204,501363,Initial,2025-04-16,2280.72
3205,501363,Additional,2025-11-28,1459.67
3206,501364,Initial,2024-04-22,5381.09
3207,501365,Initial,2023-08-04,897.58
3208,501365,Additional,2024-01-24,222.03
3209,501365,Additional,2024-01-13,1990.33
3210,501366,Initial,2025-02-08,1204.47
3211,501366,Additional,2025-10-15,777.92
3212,501367,Initial,2024-08-05,983.23
3213,501367,Additional,2024-09-21,1137.19
3214,501368,Initial,2024-06-05,33414.4
3215,501368,Additional,2024-06-18,20757.47
3216,501368,Additional,2024-09-24,2508.81
3217,501369,Initial,2023-06-27,6685.46
3218,501369,Additional,2023-09-22,4928.4
3219,501370,Initial,2024-10-26,736.86
3220,501370,Additional,2024-12-26,773.86
3221,501370,Additional,2025-01-06,188.56
3222,501371,Initial,2023-02-07,2212.48
3223,501371,Additional,2023-10-29,3458.24
3224,501372,Initial,2025-08-26,2272.06
3225,501372,Additional,2025-10-18,2719.9
3226,501372,Additional,2025-11-06,1821.33
3227,501373,Initial,2024-06-08,4929.02
3228,501373,Additional,2024-09-09,2462.76
3229,501373,Additional,2024-09-09,2883.06
3230,501375,Initial,2024-12-23,6224.58
3231,501375,Additional,2025-05-06,3661.69
3232,501375,Additional,2025-02-21,664.42
3233,501376,Initial,2026-01-19,780.82
3234,501376,Additional,2026-07-09,1228.67
3235,501377,Initial,2024-05-12,2106.85
3236,501377,Additional,2024-10-06,728.01
3237,501377,Additional,2024-10-30,876.36
3238,501377,Additional,2024-08-31,311.78
3239,501378,Initial,2025-01-27,3932.08
3240,501378,Additional,2025-02-16,1661.07
3241,501378,Additional,2025-07-28,9824.44
3242,501379,Initial,2025-05-02,10629.52
3243,501379,Additional,2025-11-26,8311.41
3244,501379,Additional,2025-12-11,2386.22
3245,501379,Additional,2025-09-22,5047.8
3246,501380,Initial,2024-05-01,1828.67
3247,501380,Additional,2024-06-14,2356.03
3248,501381,Initial,2024-01-08,10810.84
3249,501381,Additional,2024-02-20,18501.51
3250,501382,Initial,2024-09-22,1188.83
3251,501382,Additional,2024-12-15,870.01
3252,501383,Initial,2022-10-13,6502.73
3253,501383,Additional,2023-01-10,485.68
3254,501383,Additional,2022-12-15,2575.03
3255,501383,Additional,2023-02-21,1494.09
3256,501384,Initial,2024-09-24,1684.28
3257,501385,Initial,2024-04-15,887.01
3258,501385,Additional,2024-07-02,371.11
3259,501385,Additional,2024-10-30,173.46
3260,501385,Additional,2024-10-14,55.21
3261,501386,Initial,2024-08-03,578.86
3262,501387,Initial,2025-05-27,1216.1
3263,501387,Additional,2026-01-30,982.03
3264,501388,Initial,2024-07-02,307.34
3265,501388,Additional,2024-08-07,158.42
3266,501388,Additional,2024-08-15,554.29
3267,501390,Initial,2025-10-08,2109.73
3268,501390,Additional,2025-12-03,1146.73
3269,501390,Additional,2026-02-01,708.66
3270,501391,Initial,2024-04-08,2266.43
3271,501391,Additional,2024-05-05,55.23
3272,501391,Additional,2024-04-19,1660.14
3273,501391,Additional,2024-07-06,872.88
3274,501392,Initial,2025-01-06,141.83
3275,501392,Additional,2025-04-19,66.02
3276,501392,Additional,2025-09-04,12.29
3277,501394,Initial,2024-12-02,1926.67
3278,501394,Additional,2025-01-26,1019.56
3279,501394,Additional,2025-06-03,295.08
3280,501395,Initial,2024-05-03,1592.63
3281,501395,Additional,2024-11-07,1234.57
3282,501395,Additional,2025-01-11,1047.24
3283,501395,Additional,2024-06-21,234.97
3284,501396,Initial,2024-02-09,310.82
3285,501396,Additional,2024-10-08,102.87
3286,501396,Additional,2024-11-03,113.32
3287,501396,Additional,2024-08-19,77.52
3288,501397,Initial,2023-02-03,288.27
3289,501397,Additional,2023-04-27,284.87
3290,501398,Initial,2023-07-21,953.49
3291,501398,Additional,2024-03-14,1785.61
3292,501398,Additional,2023-09-13,101.38
3293,501399,Initial,2023-01-28,1069.74
3294,501399,Additional,2023-08-10,2929.16
3295,501400,Initial,2024-08-14,4655.55
3296,501401,Initial,2024-08-19,221.23
3297,501401,Additional,2025-02-06,638.61
3298,501402,Initial,2023-11-14,2674.13
3299,501402,Additional,2024-02-13,6485.49
3300,501403,Initial,2024-09-27,393.87
3301,501403,Additional,2024-12-23,366.93
3302,501403,Additional,2025-05-02,305.66
3303,501403,Additional,2024-12-06,440.32
3304,501404,Initial,2025-01-22,4214.25
3305,501404,Additional,2025-06-21,2771.39
3306,501405,Initial,2024-09-20,2291.68
3307,501405,Additional,2025-01-05,1551.81
3308,501406,Initial,2025-05-27,1336.78
3309,501406,Additional,2025-07-25,2514.37
3310,501407,Initial,2025-07-04,1672.37
3311,501407,Additional,2025-10-26,1880.88
3312,501407,Additional,2026-01-11,2152.61
3313,501408,Initial,2024-04-04,760.53
3314,501408,Additional,2024-06-11,38.11
3315,501408,Additional,2024-11-01,355.71
3316,501408,Additional,2024-11-09,85.39
3317,501410,Initial,2022-05-05,617.09
3318,501410,Additional,2022-12-25,45.56
3319,501410,Additional,2022-07-05,1160.69
3320,501411,Initial,2024-02-21,510.52
3321,501411,Additional,2024-06-25,264.83
3322,501411,Additional,2024-04-26,94.02
3323,501412,Initial,2023-03-15,1275.93
3324,501412,Additional,2023-04-02,496.41
3325,501412,Additional,2023-09-23,1177.67
3326,501413,Initial,2023-09-04,11599.49
3327,501413,Additional,2023-10-24,3070.35
3328,501413,Additional,2024-04-20,2757.57
3329,501413,Additional,2024-03-11,8392.48
3330,501414,Initial,2024-03-14,2871.91
3331,501414,Additional,2024-06-09,5290.86
3332,501415,Initial,2023-08-12,8977.05
3333,501415,Additional,2024-01-01,5842.32
3334,501416,Initial,2022-08-21,518.23
3335,501417,Initial,2025-03-14,1487.08
3336,501417,Additional,2025-04-23,172.42
3337,501417,Additional,2025-07-27,77.19
3338,501417,Additional,2025-09-19,1475.65
3339,501418,Initial,2022-10-06,1219.53
3340,501419,Initial,2026-01-24,3719.95
3341,501419,Additional,2026-08-26,333.14
3342,501419,Additional,2026-05-29,2678.09
3343,501420,Initial,2023-01-08,82.78
3344,501420,Additional,2023-09-08,144.72
3345,501421,Initial,2024-03-17,4265.84
3346,501421,Additional,2024-07-20,2472.82
3347,501422,Initial,2023-09-26,4002.14
3348,501422,Additional,2024-03-11,2485.61
3349,501423,Initial,2023-10-31,724.85
3350,501423,Additional,2024-08-07,601.37
3351,501424,Initial,2024-02-24,2054.36
3352,501424,Additional,2024-11-05,4147.07
3353,501425,Initial,2022-07-18,3529.89
3354,501425,Additional,2022-10-22,470.56
3355,501425,Additional,2023-03-31,1144.89
3356,501425,Additional,2023-03-31,1280.61
3357,501426,Initial,2022-12-23,1343.07
3358,501427,Initial,2023-12-19,2451.89
3359,501427,Additional,2024-07-15,5502.54
3360,501428,Initial,2024-05-11,627.51
3361,501428,Additional,2024-12-07,501.97
3362,501428,Additional,2025-01-28,558.28
3363,501429,Initial,2022-11-11,15671.22
3364,501429,Additional,2023-04-18,14497.07
3365,501430,Initial,2023-08-12,3574.18
3366,501430,Additional,2024-01-12,7013.21
3367,501431,Initial,2024-09-22,9426.5
3368,501431,Additional,2025-02-24,6171.62
3369,501431,Additional,2025-01-30,3149.51
3370,501432,Initial,2024-09-08,749.36
3371,501432,Additional,2025-03-27,865.08
3372,501433,Initial,2025-02-27,1207.54
3373,501433,Additional,2025-08-18,1715.31
3374,501433,Additional,2025-05-27,1780.59
3375,501434,Initial,2024-12-19,1148.02
3376,501434,Additional,2025-04-19,1635.89
3377,501435,Initial,2023-01-18,7907.48
3378,501435,Additional,2023-04-19,2427.6
3379,501435,Additional,2023-03-01,4086.24
3380,501436,Initial,2024-04-23,590.48
3381,501436,Additional,2025-01-29,17.19
3382,501436,Additional,2024-12-15,60.17
3383,501436,Additional,2025-02-06,361.77
3384,501437,Initial,2025-06-01,516.06
3385,501437,Additional,2025-11-09,301.3
3386,501438,Initial,2023-05-18,843.36
3387,501438,Additional,2023-08-15,739.9
3388,501439,Initial,2023-12-07,980.81
3389,501439,Additional,2024-08-30,623.07
3390,501439,Additional,2024-08-02,408.97
3391,501439,Additional,2024-07-31,443.4
3392,501440,Initial,2024-06-04,1033.67
3393,501440,Additional,2024-08-30,207.62
3394,501440,Additional,2024-12-29,687.42
3395,501441,Initial,2025-07-08,1002.52
3396,501441,Additional,2025-12-05,1174.56
3397,501441,Additional,2025-12-18,259.3
3398,501442,Initial,2025-12-21,130.58
3399,501442,Additional,2026-08-19,282.41
3400,501443,Initial,2022-10-02,5416.43
3401,501443,Additional,2022-11-15,3870.6
3402,501444,Initial,2025-08-31,1081.6
3403,501444,Additional,2026-03-25,1197.11
3404,501445,Initial,2023-09-16,1266.05
3405,501445,Additional,2023-10-31,82.43
3406,501445,Additional,2024-04-19,2079.39
3407,501446,Initial,2022-07-23,1226.7
3408,501446,Additional,2023-05-03,1661.26
3409,501447,Initial,2022-11-13,817.3
3410,501447,Additional,2023-04-15,837.89
3411,501448,Initial,2024-05-15,4957.42
3412,501448,Additional,2024-09-27,3322.85
3413,501448,Additional,2024-11-05,698.67
3414,501449,Initial,2024-03-22,6914.1
3415,501449,Additional,2024-07-15,5156.96
3416,501449,Additional,2024-08-18,207.24
3417,501450,Initial,2024-11-02,1447.74
3418,501450,Additional,2025-07-14,1259.87
3419,501450,Additional,2025-02-08,151.8
3420,501451,Initial,2025-12-15,135.26
3421,501451,Additional,2026-06-28,116.46
3422,501453,Initial,2024-09-04,597.63
3423,501455,Initial,2024-08-30,2047.26
3424,501455,Additional,2025-05-02,1614.9
3425,501456,Initial,2022-10-23,1217.65
3426,501456,Additional,2023-01-17,963.18
3427,501457,Initial,2023-02-25,835.65
3428,501457,Additional,2023-08-15,1428.35
3429,501458,Initial,2023-06-13,222.71
3430,501458,Additional,2023-08-12,380.39
3431,501458,Additional,2023-08-14,257.48
3432,501459,Initial,2024-07-29,1850.93
3433,501460,Initial,2023-12-12,187.3
3434,501460,Additional,2024-04-09,131.67
3435,501460,Additional,2024-08-26,2.69
3436,501461,Initial,2024-05-17,1787.29
3437,501461,Additional,2025-01-14,3024.92
3438,501462,Initial,2025-05-15,3110.73
3439,501462,Additional,2025-08-28,2587.89
3440,501463,Initial,2026-02-16,642.02
3441,501463,Additional,2026-09-16,94.8
3442,501463,Additional,2026-06-10,170.61
3443,501463,Additional,2026-09-11,140.92
3444,501464,Initial,2025-07-16,2844.37
3445,501464,Additional,2025-08-12,484.76
3446,501464,Additional,2026-04-09,2106.15
3447,501464,Additional,2026-01-08,2448.2
3448,501465,Initial,2025-09-11,2820.14
3449,501465,Additional,2025-12-22,2840.74
3450,501468,Initial,2022-09-08,3491.07
3451,501468,Additional,2022-11-02,2849.31
3452,501469,Initial,2022-10-20,3560.85
3453,501470,Initial,2022-08-06,600.52
3454,501470,Additional,2022-12-17,1645.44
3455,501471,Initial,2022-10-26,1613.55
3456,501471,Additional,2022-11-22,4083.77
3457,501472,Initial,2024-01-28,11353.27
3458,501472,Additional,2024-04-18,7677.05
3459,501472,Additional,2024-05-23,2956.85
3460,501473,Initial,2024-01-02,460.78
3461,501473,Additional,2024-02-25,776.6
3462,501474,Initial,2023-06-21,543.4
3463,501474,Additional,2023-07-30,342.74
3464,501475,Initial,2023-05-03,1828.63
3465,501475,Additional,2023-10-03,2332.1
3466,501476,Initial,2023-04-02,1072.65
3467,501476,Additional,2023-11-02,2472.3
3468,501477,Initial,2023-04-01,3030.42
3469,501477,Additional,2023-12-14,2592.25
3470,501478,Initial,2023-10-20,2272.96
3471,501478,Additional,2024-05-02,1971.27
3472,501478,Additional,2023-11-24,1507.8
3473,501478,Additional,2024-06-13,1270.32
3474,501479,Initial,2024-09-08,292.34
3475,501480,Initial,2024-09-24,4117.71
3476,501481,Initial,2024-05-20,1720.63
3477,501481,Additional,2024-09-27,3352.63
3478,501482,Initial,2025-04-24,1329.47
3479,501482,Additional,2026-01-16,453.07
3480,501482,Additional,2026-01-09,859.06
3481,501483,Initial,2026-04-16,3101.91
3482,501483,Additional,2026-07-08,3691.26
3483,501484,Initial,2024-04-10,2427.22
3484,501484,Additional,2024-10-05,4768.32
3485,501485,Initial,2022-09-29,798.28
3486,501485,Additional,2022-10-10,777.23
3487,501485,Additional,2022-10-15,1321.16
3488,501486,Initial,2025-08-25,477.88
3489,501486,Additional,2025-09-13,1008.63
3490,501487,Initial,2025-03-26,2814.24
3491,501488,Initial,2025-11-24,197.57
3492,501488,Additional,2026-03-08,89.97
3493,501488,Additional,2026-05-27,411.53
3494,501488,Additional,2026-02-27,16.54
3495,501489,Initial,2022-04-08,1619.2
3496,501489,Additional,2022-09-04,290.82
3497,501489,Additional,2022-09-16,1393.5
3498,501490,Initial,2022-05-31,1710.82
3499,501490,Additional,2022-07-05,4391.82
3500,501492,Initial,2024-08-05,1544.87
3501,501492,Additional,2024-11-21,330.71
3502,501492,Additional,2025-01-01,2486.15
3503,501493,Initial,2024-08-07,446.34
3504,501493,Additional,2024-12-02,234.4
3505,501493,Additional,2025-04-15,78.76
3506,501494,Initial,2025-04-12,3753.54
3507,501494,Additional,2025-07-25,2031.21
3508,501495,Initial,2025-02-24,489.2
3509,501495,Additional,2025-05-11,28.64
3510,501495,Additional,2025-07-29,34.86
3511,501495,Additional,2025-11-02,1277.41
3512,501496,Initial,2025-05-25,2106.64
3513,501496,Additional,2025-11-13,1013.76
3514,501496,Additional,2025-09-11,702.01
3515,501496,Additional,2025-10-18,2145.27
3516,501497,Initial,2025-10-20,843.83
3517,501497,Additional,2025-12-19,834.15
3518,501497,Additional,2026-01-31,216.78
3519,501498,Initial,2023-05-13,3965.81
3520,501498,Additional,2023-08-06,2412.71
3521,501498,Additional,2023-10-23,2034.72
3522,501499,Initial,2024-04-08,472.06
3523,501499,Additional,2024-09-09,687.1
3524,501500,Initial,2023-03-06,3946.16
3525,501500,Additional,2023-12-13,4142.92
3526,501500,Additional,2023-12-09,1014.2
3527,501500,Additional,2023-04-20,2919.19
3528,501501,Initial,2025-03-07,6988.81
3529,501501,Additional,2025-06-19,4978.31
3530,501502,Initial,2023-07-01,3223.27
3531,501502,Additional,2024-02-15,990.99
3532,501502,Additional,2023-08-17,2069.71
3533,501502,Additional,2024-01-03,439.93
3534,501503,Initial,2022-10-02,3900.82
3535,501503,Additional,2023-02-24,503.19
3536,501503,Additional,2023-02-03,4526.79
3537,501504,Initial,2023-10-04,2954.36
3538,501504,Additional,2024-01-25,133.54
3539,501504,Additional,2024-04-16,1643.47
3540,501504,Additional,2024-02-22,1591.07
3541,501505,Initial,2023-06-08,4878.42
3542,501505,Additional,2023-08-21,3589.1
3543,501505,Additional,2023-09-24,2337.33
3544,501506,Initial,2023-03-20,4752.63
3545,501506,Additional,2023-09-08,4055.66
3546,501507,Initial,2024-01-28,3766.84
3547,501508,Initial,2024-02-20,2162.7
3548,501508,Additional,2024-03-25,128.45
3549,501508,Additional,2024-07-03,1899.33
3550,501508,Additional,2024-03-17,36.66
3551,501509,Initial,2024-09-27,389.15
3552,501509,Additional,2025-02-06,158.69
3553,501509,Additional,2024-12-17,812.81
3554,501510,Initial,2023-07-31,712.94
3555,501511,Initial,2023-04-16,1043.04
3556,501511,Additional,2023-06-04,65.69
3557,501511,Additional,2023-11-04,1964.89
3558,501511,Additional,2023-11-17,563.04
3559,501512,Initial,2023-05-01,1261.0
3560,501513,Initial,2025-02-10,5794.37
3561,501513,Additional,2025-04-05,2071.23
3562,501513,Additional,2025-07-06,1283.43
3563,501514,Initial,2023-01-20,6127.87
3564,501514,Additional,2023-08-04,17055.57
3565,501515,Initial,2023-04-19,374.57
3566,501516,Initial,2023-08-16,7003.28
3567,501516,Additional,2024-04-30,6271.06
3568,501516,Additional,2023-10-26,2333.5
3569,501517,Initial,2022-10-20,1771.59
3570,501517,Additional,2023-04-28,3816.33
3571,501518,Initial,2022-10-29,3946.66
3572,501518,Additional,2023-04-04,2308.06
3573,501519,Initial,2024-07-20,3304.78
3574,501519,Additional,2025-01-29,1467.25
3575,501519,Additional,2025-01-13,1085.38
3576,501520,Initial,2025-03-16,712.47
3577,501520,Additional,2025-09-24,996.31
3578,501521,Initial,2023-05-31,11573.24
3579,501521,Additional,2023-08-20,10918.99
3580,501521,Additional,2023-11-17,3513.68
3581,501522,Initial,2025-05-02,646.26
3582,501522,Additional,2025-12-08,1038.6
3583,501523,Initial,2022-05-04,271.64
3584,501523,Additional,2022-06-18,446.18
3585,501523,Additional,2022-11-01,40.38
3586,501524,Initial,2023-09-06,1779.6
3587,501524,Additional,2024-01-17,2152.66
3588,501524,Additional,2024-03-13,1001.52
3589,501525,Initial,2025-03-08,1521.7
3590,501525,Additional,2025-10-26,1776.12
3591,501526,Initial,2024-06-26,2657.09
3592,501527,Initial,2023-12-27,403.5
3593,501527,Additional,2024-04-09,350.4
3594,501528,Initial,2024-06-19,1335.16
3595,501528,Additional,2024-07-14,1326.41
3596,501529,Initial,2025-05-09,1350.45
3597,501529,Additional,2025-12-23,1797.63
3598,501529,Additional,2025-10-14,892.17
3599,501529,Additional,2026-01-07,33.03
3600,501530,Initial,2024-02-04,3261.73
3601,501530,Additional,2024-05-08,5566.27
3602,501531,Initial,2023-12-10,5221.1
3603,501531,Additional,2024-02-03,3026.75
3604,501531,Additional,2024-08-04,1255.36
3605,501532,Initial,2024-07-19,1070.02
3606,501532,Additional,2024-10-16,1092.29
3607,501533,Initial,2024-10-15,2538.11
3608,501533,Additional,2024-11-02,2358.54
3609,501534,Initial,2025-01-21,1629.9
3610,501534,Additional,2025-04-04,1372.41
3611,501535,Initial,2024-12-16,425.27
3612,501535,Additional,2025-07-26,187.11
3613,501535,Additional,2025-04-08,117.68
3614,501536,Initial,2024-10-02,348.28
3615,501536,Additional,2025-04-21,3.99
3616,501536,Additional,2025-05-07,527.59
3617,501537,Initial,2025-01-26,1635.08
3618,501537,Additional,2025-07-11,3590.02
3619,501538,Initial,2024-11-19,2648.82
3620,501538,Additional,2024-12-29,4399.69
3621,501539,Initial,2025-06-11,1337.91
3622,501539,Additional,2025-06-25,1560.16
3623,501540,Initial,2025-05-21,1189.38
3624,501540,Additional,2026-02-01,1646.36
3625,501541,Initial,2025-09-23,502.86
3626,501541,Additional,2026-05-09,722.58
3627,501541,Additional,2026-03-13,372.81
3628,501542,Initial,2025-08-28,584.94
3629,501542,Additional,2026-01-13,357.93
3630,501542,Additional,2026-04-29,621.7
3631,501543,Initial,2024-05-20,547.5
3632,501544,Initial,2024-08-03,3026.71
3633,501544,Additional,2025-02-09,8512.65
3634,501545,Initial,2024-09-24,4542.66
3635,501545,Additional,2024-10-19,3348.57
3636,501546,Initial,2023-10-13,680.11
3637,501546,Additional,2024-04-14,1885.31
3638,501546,Additional,2023-12-07,65.47
3639,501547,Initial,2023-11-13,574.9
3640,501548,Initial,2023-05-05,3441.7
3641,501548,Additional,2023-06-25,2532.78
3642,501549,Initial,2023-08-19,1718.36
3643,501550,Initial,2025-06-06,1827.53
3644,501550,Additional,2026-02-01,1794.18
3645,501550,Additional,2025-11-23,809.94
3646,501551,Initial,2025-01-15,1170.62
3647,501551,Additional,2025-08-26,899.11
3648,501552,Initial,2023-01-18,3304.82
3649,501552,Additional,2023-08-25,1749.05
3650,501552,Additional,2023-07-28,360.75
3651,501553,Initial,2023-08-09,660.23
3652,501553,Additional,2023-10-15,87.85
3653,501553,Additional,2023-09-16,418.97
3654,501553,Additional,2024-03-10,146.42
3655,501554,Initial,2023-02-21,1109.95
3656,501554,Additional,2023-07-23,2054.95
3657,501554,Additional,2023-06-29,33.92
3658,501555,Initial,2022-11-19,5197.06
3659,501555,Additional,2023-06-28,4795.16
3660,501555,Additional,2023-05-27,7845.76
3661,501556,Initial,2022-10-09,1732.92
3662,501556,Additional,2023-03-04,1183.79
3663,501557,Initial,2023-12-05,668.91
3664,501558,Initial,2024-04-27,506.75
3665,501558,Additional,2024-08-21,661.57
3666,501559,Initial,2023-12-28,495.59
3667,501559,Additional,2024-02-07,592.28
3668,501559,Additional,2024-04-18,887.05
3669,501560,Initial,2022-07-25,3478.26
3670,501560,Additional,2023-04-10,6018.76
3671,501561,Initial,2025-03-01,1744.4
3672,501561,Additional,2025-10-21,201.64
3673,501561,Additional,2025-12-17,2322.69
3674,501562,Initial,2025-02-16,4593.08
3675,501562,Additional,2025-03-24,2476.7
3676,501563,Initial,2025-02-26,6910.35
3677,501563,Additional,2025-08-19,4378.96
3678,501564,Initial,2023-11-30,686.26
3679,501564,Additional,2024-07-20,142.57
3680,501564,Additional,2024-05-27,602.23
3681,501565,Initial,2024-09-07,595.95
3682,501565,Additional,2024-12-15,984.5
3683,501565,Additional,2025-04-25,13.6
3684,501566,Initial,2024-11-10,1531.35
3685,501566,Additional,2025-05-02,940.72
3686,501567,Initial,2025-06-15,1462.09
3687,501567,Additional,2025-10-18,2362.75
3688,501568,Initial,2025-04-14,2469.8
3689,501568,Additional,2025-09-24,1275.15
3690,501568,Additional,2025-12-02,781.27
3691,501569,Initial,2026-02-03,938.47
3692,501569,Additional,2026-03-08,429.97
3693,501569,Additional,2026-05-22,1255.19
3694,501570,Initial,2024-11-17,1855.89
3695,501570,Additional,2025-04-17,1331.21
3696,501570,Additional,2025-01-22,759.1
3697,501570,Additional,2024-12-15,476.35
3698,501571,Initial,2024-04-02,3794.78
3699,501571,Additional,2024-05-10,3923.51
3700,501572,Initial,2025-05-27,1041.21
3701,501572,Additional,2025-11-26,719.92
3702,501572,Additional,2025-09-28,104.45
3703,501572,Additional,2026-01-07,1222.89
3704,501573,Initial,2026-01-09,1943.98
3705,501573,Additional,2026-09-23,3413.3
3706,501573,Additional,2026-06-24,1884.51
3707,501574,Initial,2024-10-23,4027.07
3708,501575,Initial,2025-02-22,913.9
3709,501575,Additional,2025-10-19,556.2
3710,501576,Initial,2025-04-09,1619.5
3711,501576,Additional,2025-09-28,3689.48
3712,501577,Initial,2024-03-24,1357.71
3713,501577,Additional,2024-08-24,172.51
3714,501577,Additional,2024-09-11,737.75
3715,501578,Initial,2024-05-15,2298.8
3716,501578,Additional,2024-09-16,992.63
3717,501578,Additional,2024-08-10,530.77
3718,501579,Initial,2024-08-06,421.35
3719,501579,Additional,2025-03-31,377.85
3720,501580,Initial,2022-11-11,1362.87
3721,501580,Additional,2023-03-06,69.11
3722,501580,Additional,2023-07-12,757.16
3723,501581,Initial,2022-08-12,712.06
3724,501581,Additional,2023-04-04,21.68
3725,501581,Additional,2023-01-29,574.86
3726,501582,Initial,2024-01-24,6119.57
3727,501582,Additional,2024-09-16,914.27
3728,501582,Additional,2024-08-21,3638.65
3729,501582,Additional,2024-06-08,5454.32
3730,501583,Initial,2024-07-27,2801.96
3731,501583,Additional,2025-02-10,1825.97
3732,501583,Additional,2024-11-17,2242.5
3733,501584,Initial,2024-03-21,1155.82
3734,501584,Additional,2024-05-06,1608.82
3735,501585,Initial,2023-04-05,1418.17
3736,501585,Additional,2023-07-10,1055.21
3737,501586,Initial,2024-08-27,1493.43
3738,501586,Additional,2025-02-24,75.31
3739,501586,Additional,2025-02-15,747.57
3740,501587,Initial,2022-10-09,8045.73
3741,501587,Additional,2023-01-09,4192.87
3742,501587,Additional,2023-05-30,2471.12
3743,501588,Initial,2022-05-16,3269.89
3744,501588,Additional,2022-11-19,2427.02
3745,501589,Initial,2023-02-09,13838.25
3746,501589,Additional,2023-06-14,14697.93
3747,501589,Additional,2023-07-09,11791.57
3748,501590,Initial,2024-07-09,13319.03
3749,501590,Additional,2024-12-14,17268.38
3750,501591,Initial,2024-06-14,2841.98
3751,501592,Initial,2023-11-30,2256.74
3752,501592,Additional,2024-03-29,839.98
3753,501592,Additional,2024-08-05,724.23
3754,501592,Additional,2024-04-07,3.35
3755,501593,Initial,2024-01-16,1342.15
3756,501593,Additional,2024-02-29,2377.44
3757,501594,Initial,2025-02-25,2962.53
3758,501594,Additional,2025-08-26,2237.58
3759,501594,Additional,2025-09-26,370.8
3760,501595,Initial,2025-10-13,2224.31
3761,501595,Additional,2026-04-01,2731.07
3762,501596,Initial,2024-02-05,5339.88
3763,501596,Additional,2024-07-31,3480.04
3764,501597,Initial,2022-03-10,4434.42
3765,501597,Additional,2022-08-30,1466.66
3766,501597,Additional,2022-04-16,1128.48
3767,501598,Initial,2022-06-04,2356.26
3768,501598,Additional,2023-01-25,3925.26
3769,501599,Initial,2025-05-15,795.89
3770,501599,Additional,2025-09-09,654.36
3771,501600,Initial,2022-07-25,197.43
3772,501601,Initial,2023-03-28,1182.61
3773,501601,Additional,2023-07-17,136.5
3774,501601,Additional,2023-07-03,522.53
3775,501602,Initial,2022-07-11,227.02
3776,501602,Additional,2022-10-16,350.21
3777,501603,Initial,2022-10-19,1378.18
3778,501603,Additional,2022-11-30,2816.3
3779,501604,Initial,2022-08-27,1257.22
3780,501604,Additional,2022-11-07,918.73
3781,501605,Initial,2025-02-21,2698.88
3782,501605,Additional,2025-11-03,3759.14
3783,501606,Initial,2025-11-10,2926.97
3784,501606,Additional,2026-04-17,2298.99
3785,501607,Initial,2025-02-20,3961.5
3786,501608,Initial,2023-04-16,2144.86
3787,501609,Initial,2024-04-14,4674.04
3788,501609,Additional,2024-09-01,3130.41
3789,501609,Additional,2024-09-01,4535.72
3790,501609,Additional,2024-09-07,256.51
3791,501610,Initial,2023-07-30,2922.16
3792,501610,Additional,2024-02-21,2581.03
3793,501610,Additional,2024-01-04,1751.34
3794,501611,Initial,2022-09-12,6760.86
3795,501611,Additional,2023-05-20,4479.23
3796,501612,Initial,2023-04-05,1101.62
3797,501612,Additional,2023-04-12,898.2
3798,501613,Initial,2022-08-23,3082.85
3799,501613,Additional,2023-01-21,2861.83
3800,501613,Additional,2022-12-08,1312.19
3801,501615,Initial,2024-04-11,437.39
3802,501616,Initial,2023-11-02,1758.29
3803,501617,Initial,2023-10-23,218.97
3804,501617,Additional,2024-06-14,638.78
3805,501618,Initial,2023-06-28,423.06
3806,501618,Additional,2024-02-07,106.93
3807,501618,Additional,2023-10-05,211.66
3808,501619,Initial,2023-03-02,4577.12
3809,501619,Additional,2023-04-04,12812.1
3810,501620,Initial,2025-11-01,82.0
3811,501620,Additional,2026-04-28,58.88
3812,501620,Additional,2026-05-07,143.23
3813,501621,Initial,2024-12-29,1819.6
3814,501621,Additional,2025-06-09,1096.41
3815,501621,Additional,2025-05-02,1741.42
3816,501622,Initial,2024-05-01,5650.61
3817,501622,Additional,2025-01-02,717.85
3818,501622,Additional,2024-06-13,3052.66
3819,501622,Additional,2025-01-29,431.83
3820,501623,Initial,2025-07-01,512.35
3821,501623,Additional,2026-03-10,620.24
3822,501623,Additional,2025-07-20,128.87
3823,501624,Initial,2023-11-04,762.67
3824,501624,Additional,2024-07-14,711.5
3825,501625,Initial,2025-02-07,1024.89
3826,501625,Additional,2025-10-03,8.7
3827,501625,Additional,2025-07-13,590.24
3828,501625,Additional,2025-10-12,380.33
3829,501626,Initial,2024-07-21,1665.95
3830,501626,Additional,2025-03-28,647.01
3831,501626,Additional,2024-09-10,257.86
3832,501627,Initial,2025-11-08,2717.09
3833,501627,Additional,2026-01-17,2298.69
3834,501629,Initial,2023-08-19,2663.45
3835,501630,Initial,2025-03-07,7634.69
3836,501630,Additional,2025-11-20,4732.13
3837,501630,Additional,2025-05-09,6325.78
3838,501631,Initial,2022-08-13,2457.38
3839,501631,Additional,2022-10-19,655.57
3840,501631,Additional,2023-01-04,684.39
3841,501632,Initial,2023-08-28,332.26
3842,501633,Initial,2023-03-26,3497.14
3843,501633,Additional,2023-12-09,2432.37
3844,501633,Additional,2023-05-13,1263.24
3845,501633,Additional,2023-07-22,67.73
3846,501634,Initial,2025-09-22,1236.3
3847,501634,Additional,2026-02-12,387.22
3848,501634,Additional,2025-12-17,317.3
3849,501635,Initial,2026-01-01,2118.25
3850,501635,Additional,2026-04-21,74.55
3851,501635,Additional,2026-02-02,1108.48
3852,501636,Initial,2026-01-08,3086.2
3853,501636,Additional,2026-04-05,10.6
3854,501636,Additional,2026-02-25,2165.74
3855,501637,Initial,2022-06-08,3652.32
3856,501638,Initial,2022-03-15,2664.0
3857,501639,Initial,2022-09-11,2654.93
3858,501639,Additional,2023-02-07,4237.22
3859,501640,Initial,2023-03-15,379.02
3860,501640,Additional,2023-06-11,718.23
3861,501642,Initial,2022-06-13,351.67
3862,501642,Additional,2022-08-25,1044.32
3863,501644,Initial,2022-12-30,421.18
3864,501644,Additional,2023-06-17,331.87
3865,501644,Additional,2023-05-11,59.94
3866,501644,Additional,2023-02-09,336.97
3867,501645,Initial,2024-01-28,2198.47
3868,501645,Additional,2024-06-29,1671.93
3869,501646,Initial,2024-10-21,790.88
3870,501646,Additional,2025-07-26,1613.92
3871,501647,Initial,2024-05-13,2365.39
3872,501647,Additional,2024-11-25,4284.76
3873,501648,Initial,2024-06-10,2431.81
3874,501648,Additional,2024-08-13,907.15
3875,501648,Additional,2025-02-21,1498.23
3876,501649,Initial,2024-07-09,1868.09
3877,501649,Additional,2024-07-22,3785.06
3878,501649,Additional,2024-12-05,442.23
3879,501650,Initial,2022-11-02,649.46
3880,501651,Initial,2025-04-13,685.98
3881,501651,Additional,2025-07-02,298.74
3882,501651,Additional,2025-07-04,279.41
3883,501651,Additional,2025-11-02,322.18
3884,501652,Initial,2024-12-05,3706.23
3885,501652,Additional,2025-01-05,424.14
3886,501652,Additional,2025-02-02,2009.87
3887,501653,Initial,2024-03-05,2600.65
3888,501653,Additional,2024-07-12,2059.17
3889,501653,Additional,2024-12-01,207.36
3890,501654,Initial,2022-10-25,1336.16
3891,501654,Additional,2023-07-08,1578.14
3892,501655,Initial,2024-06-23,2665.03
3893,501655,Additional,2024-11-11,5293.38
3894,501656,Initial,2024-06-03,11441.16
3895,501656,Additional,2024-06-23,3252.57
3896,501656,Additional,2024-11-14,7630.72
3897,501657,Initial,2022-12-08,5189.34
3898,501657,Additional,2023-08-18,2214.79
3899,501657,Additional,2023-06-05,389.42
3900,501657,Additional,2023-06-11,3350.63
3901,501658,Initial,2024-01-08,3124.83
3902,501658,Additional,2024-02-29,3652.33
3903,501659,Initial,2023-07-22,1898.45
3904,501659,Additional,2023-11-30,2012.2
3905,501660,Initial,2024-12-03,1366.35
3906,501660,Additional,2025-04-05,1950.89
3907,501661,Initial,2024-09-15,954.61
3908,501661,Additional,2025-05-10,1515.14
3909,501662,Initial,2023-07-09,1972.11
3910,501662,Additional,2023-08-21,2397.65
3911,501663,Initial,2023-02-22,10697.25
3912,501663,Additional,2023-05-28,6806.22
3913,501664,Initial,2023-06-30,1351.02
3914,501664,Additional,2024-01-04,600.32
3915,501664,Additional,2023-11-21,754.94
3916,501664,Additional,2023-11-29,251.82
3917,501665,Initial,2023-05-11,743.39
3918,501666,Initial,2024-10-08,1004.77
3919,501667,Initial,2025-03-01,1452.0
3920,501667,Additional,2025-05-21,3633.4
3921,501669,Initial,2023-10-10,379.77
3922,501670,Initial,2023-06-01,3047.83
3923,501670,Additional,2023-10-05,2081.55
3924,501671,Initial,2023-03-15,421.47
3925,501671,Additional,2023-09-16,992.02
3926,501672,Initial,2025-06-27,877.08
3927,501672,Additional,2025-10-15,853.46
3928,501672,Additional,2025-09-03,1147.63
3929,501673,Initial,2022-07-10,3082.33
3930,501673,Additional,2023-01-15,4938.42
3931,501673,Additional,2023-03-03,3528.57
3932,501674,Initial,2022-09-16,1805.3
3933,501674,Additional,2022-09-26,96.34
3934,501674,Additional,2023-03-25,543.96
3935,501674,Additional,2022-11-14,403.64
3936,501675,Initial,2024-12-31,5447.39
3937,501675,Additional,2025-02-21,3435.75
3938,501676,Initial,2024-09-13,2271.92
3939,501676,Additional,2024-12-21,1266.65
3940,501677,Initial,2024-03-17,699.85
3941,501677,Additional,2024-08-11,1111.93
3942,501677,Additional,2024-06-28,483.42
3943,501678,Initial,2023-12-13,2111.46
3944,501678,Additional,2024-07-08,1738.74
3945,501679,Initial,2022-03-06,291.31
3946,501679,Additional,2022-12-12,750.23
3947,501681,Initial,2022-11-15,2177.81
3948,501681,Additional,2023-05-06,2182.6
3949,501682,Initial,2022-08-21,4855.02
3950,501682,Additional,2023-03-05,13151.31
3951,501682,Additional,2022-11-02,1086.51
3952,501683,Initial,2022-07-25,2191.4
3953,501683,Additional,2022-09-09,554.2
3954,501683,Additional,2022-12-13,2560.29
3955,501684,Initial,2024-01-27,9988.25
3956,501684,Additional,2024-06-29,6163.73
3957,501685,Initial,2024-03-05,4447.68
3958,501685,Additional,2024-06-20,2970.11
3959,501686,Initial,2023-02-07,1447.63
3960,501686,Additional,2023-11-13,295.92
3961,501686,Additional,2023-09-10,1762.98
3962,501687,Initial,2022-07-01,1225.18
3963,501688,Initial,2023-08-25,4968.12
3964,501688,Additional,2024-03-19,4262.37
3965,501689,Initial,2024-02-02,1204.15
3966,501689,Additional,2024-10-18,1741.83
3967,501690,Initial,2025-09-24,6672.2
3968,501690,Additional,2026-07-12,11519.15
3969,501691,Initial,2026-04-06,1948.37
3970,501691,Additional,2026-09-18,124.91
3971,501691,Additional,2026-10-27,5130.83
3972,501692,Initial,2024-12-15,655.46
3973,501692,Additional,2025-03-08,1458.4
3974,501693,Initial,2025-05-26,4380.44
3975,501693,Additional,2025-07-29,6338.59
3976,501694,Initial,2025-04-07,326.96
3977,501694,Additional,2025-12-27,146.92
3978,501694,Additional,2025-12-02,292.59
3979,501695,Initial,2023-12-07,4141.8
3980,501695,Additional,2024-06-09,2818.97
3981,501695,Additional,2024-05-03,1564.04
3982,501696,Initial,2024-05-06,1154.64
3983,501696,Additional,2024-05-30,202.83
3984,501696,Additional,2024-09-15,1283.09
3985,501697,Initial,2024-04-19,2609.67
3986,501697,Additional,2024-08-14,4238.18
3987,501698,Initial,2023-07-21,711.06
3988,501699,Initial,2022-10-08,443.82
3989,501699,Additional,2023-02-10,39.6
3990,501699,Additional,2023-04-18,20.22
3991,501699,Additional,2023-04-14,623.04
3992,501700,Initial,2025-02-06,2249.77
3993,501700,Additional,2025-04-18,60.06
3994,501700,Additional,2025-04-18,5701.19
3995,501701,Initial,2024-07-29,484.08
3996,501701,Additional,2024-07-31,906.11
3997,501702,Initial,2024-10-14,327.61
3998,501703,Initial,2024-01-10,1130.93
3999,501703,Additional,2024-07-27,543.38
4000,501703,Additional,2024-09-15,652.17
4001,501704,Initial,2023-01-24,2017.14
4002,501704,Additional,2023-03-28,2824.85
4003,501705,Initial,2024-09-18,18990.64
4004,501705,Additional,2025-04-16,13943.69
4005,501706,Initial,2025-10-25,982.63
4006,501706,Additional,2026-03-01,2818.21
4007,501707,Initial,2025-01-27,975.69
4008,501707,Additional,2025-05-29,336.41
4009,501707,Additional,2025-05-12,260.39
4010,501708,Initial,2025-11-15,636.9
4011,501708,Additional,2026-04-03,1112.47
4012,501709,Initial,2025-05-21,16566.41
4013,501709,Additional,2026-02-02,7910.33
4014,501709,Additional,2025-07-05,5559.75
4015,501710,Initial,2026-02-02,1692.54
4016,501710,Additional,2026-06-14,2534.57
4017,501711,Initial,2023-12-17,1810.89
4018,501711,Additional,2024-02-12,1031.74
4019,501711,Additional,2024-04-23,3818.34
4020,501712,Initial,2024-09-21,3801.24
4021,501712,Additional,2025-02-23,4749.58
4022,501712,Additional,2025-05-25,2033.66
4023,501712,Additional,2024-11-18,4101.64
4024,501713,Initial,2025-02-23,1880.26
4025,501713,Additional,2025-03-17,1880.28
4026,501714,Initial,2025-02-01,1331.85
4027,501714,Additional,2025-08-21,496.6
4028,501714,Additional,2025-06-22,1360.4
4029,501715,Initial,2023-05-29,1452.66
4030,501715,Additional,2023-07-12,336.52
4031,501715,Additional,2023-09-13,3072.98
4032,501716,Initial,2023-02-03,222.78
4033,501716,Additional,2023-07-26,452.41
4034,501718,Initial,2025-04-14,2704.33
4035,501718,Additional,2025-09-19,2963.91
4036,501718,Additional,2025-09-23,284.71
4037,501719,Initial,2025-12-04,7483.34
4038,501719,Additional,2026-07-23,10497.55
4039,501719,Additional,2026-05-25,2199.52
4040,501720,Initial,2025-12-16,434.5
4041,501720,Additional,2026-08-25,1150.81
4042,501721,Initial,2025-06-30,233.13
4043,501721,Additional,2025-08-01,526.48
4044,501722,Initial,2024-11-10,848.32
4045,501722,Additional,2024-12-18,297.45
4046,501722,Additional,2025-05-30,1646.69
4047,501723,Initial,2024-10-23,6867.95
4048,501723,Additional,2025-02-04,6023.14
4049,501723,Additional,2025-01-10,10006.35
4050,501724,Initial,2024-04-11,1924.38
4051,501724,Additional,2024-06-19,1299.75
4052,501726,Initial,2025-04-05,2568.34
4053,501726,Additional,2025-08-27,3769.99
4054,501727,Initial,2024-12-12,4558.79
4055,501727,Additional,2025-03-13,9940.61
4056,501728,Initial,2024-11-29,12071.39
4057,501728,Additional,2025-08-18,10099.66
4058,501729,Initial,2023-11-19,1135.11
4059,501729,Additional,2024-08-07,695.1
4060,501729,Additional,2024-06-06,1080.46
4061,501730,Initial,2023-08-05,1397.63
4062,501730,Additional,2024-04-25,2252.66
4063,501730,Additional,2024-04-20,129.73
4064,501731,Initial,2023-11-26,3895.75
4065,501731,Additional,2024-02-17,1890.62
4066,501731,Additional,2024-04-28,464.99
4067,501732,Initial,2023-08-10,916.58
4068,501732,Additional,2024-02-28,225.75
4069,501732,Additional,2023-11-02,1801.54
4070,501733,Initial,2023-02-19,1653.02
4071,501733,Additional,2023-05-23,626.25
4072,501733,Additional,2023-08-26,3596.58
4073,501734,Initial,2024-05-08,1394.47
4074,501734,Additional,2024-12-09,3091.14
4075,501735,Initial,2023-11-23,401.34
4076,501735,Additional,2024-03-30,1139.57
4077,501735,Additional,2024-03-29,8.1
4078,501736,Initial,2022-11-10,1687.15
4079,501736,Additional,2023-01-30,5013.43
4080,501737,Initial,2022-12-15,836.42
4081,501737,Additional,2023-02-13,34.7
4082,501737,Additional,2023-01-21,103.06
4083,501737,Additional,2023-07-07,1418.42
4084,501738,Initial,2022-08-21,1120.76
4085,501738,Additional,2022-12-15,1327.65
4086,501738,Additional,2022-10-29,175.45
4087,501738,Additional,2023-03-27,149.55
4088,501739,Initial,2024-11-13,457.95
4089,501739,Additional,2025-08-18,629.7
4090,501739,Additional,2025-06-06,445.01
4091,501740,Initial,2022-11-05,501.91
4092,501740,Additional,2023-06-13,223.66
4093,501740,Additional,2022-12-06,345.55
4094,501741,Initial,2023-09-11,1137.43
4095,501741,Additional,2023-10-15,748.44
4096,501741,Additional,2024-04-01,1343.12
4097,501742,Initial,2025-04-10,4159.18
4098,501742,Additional,2025-04-28,0.61
4099,501742,Additional,2025-05-12,2495.93
4100,501743,Initial,2022-10-23,971.37
4101,501743,Additional,2022-12-15,868.41
4102,501743,Additional,2023-02-25,540.5
4103,501744,Initial,2022-11-17,3147.78
4104,501745,Initial,2023-02-09,1874.3
4105,501745,Additional,2023-04-21,1233.29
4106,501745,Additional,2023-04-14,2284.23
4107,501746,Initial,2022-05-15,8269.34
4108,501746,Additional,2022-11-02,2462.3
4109,501746,Additional,2022-06-14,2122.06
4110,501746,Additional,2022-11-01,519.1
4111,501747,Initial,2022-06-09,5305.53
4112,501747,Additional,2022-07-12,3251.01
4113,501748,Initial,2023-03-22,1803.73
4114,501748,Additional,2023-05-07,1832.22
4115,501748,Additional,2023-11-17,2530.89
4116,501749,Initial,2024-06-10,444.88
4117,501749,Additional,2024-06-20,323.64
4118,501749,Additional,2024-11-16,90.05
4119,501750,Initial,2024-07-02,6219.34
4120,501750,Additional,2025-01-18,4515.41
4121,501751,Initial,2024-11-14,2112.04
4122,501751,Additional,2025-03-12,3327.3
4123,501751,Additional,2025-07-07,1612.36
4124,501752,Initial,2023-12-22,2758.16
4125,501752,Additional,2024-08-23,2287.09
4126,501752,Additional,2024-05-02,1088.7
4127,501753,Initial,2025-05-31,1211.61
4128,501753,Additional,2025-11-19,273.22
4129,501753,Additional,2025-08-05,2559.7
4130,501754,Initial,2025-09-25,4172.94
4131,501754,Additional,2025-12-27,9966.25
4132,501756,Initial,2023-03-24,822.17
4133,501756,Additional,2023-05-15,547.01
4134,501756,Additional,2023-06-29,146.91
4135,501757,Initial,2022-10-09,736.46
4136,501757,Additional,2023-05-13,1393.05
4137,501758,Initial,2023-03-07,4981.19
4138,501758,Additional,2023-05-10,3813.8
4139,501759,Initial,2023-01-19,1855.84
4140,501759,Additional,2023-03-02,1249.62
4141,501759,Additional,2023-07-09,721.02
4142,501760,Initial,2024-02-29,2914.72
4143,501760,Additional,2024-08-28,4047.71
4144,501761,Initial,2024-01-14,1002.66
4145,501761,Additional,2024-09-06,1606.33
4146,501762,Initial,2022-09-12,4530.5
4147,501762,Additional,2022-09-24,2632.17
4148,501763,Initial,2023-03-18,1470.78
4149,501763,Additional,2023-06-21,89.97
4150,501763,Additional,2023-07-26,751.86
4151,501763,Additional,2023-11-27,165.66
4152,501764,Initial,2025-02-27,3907.31
4153,501764,Additional,2025-05-17,4214.74
4154,501764,Additional,2025-10-24,1863.19
4155,501765,Initial,2025-05-29,2243.32
4156,501766,Initial,2023-01-05,2063.84
4157,501766,Additional,2023-10-02,129.06
4158,501766,Additional,2023-10-08,2688.01
4159,501766,Additional,2023-08-25,1646.24
4160,501767,Initial,2023-08-09,1794.86
4161,501767,Additional,2024-01-01,2503.07
4162,501768,Initial,2023-08-19,3451.9
4163,501768,Additional,2024-01-06,2071.33
4164,501769,Initial,2023-09-02,742.95
4165,501769,Additional,2024-02-17,481.6
4166,501769,Additional,2024-02-20,123.74
4167,501770,Initial,2022-12-05,698.78
4168,501770,Additional,2023-01-12,509.69
4169,501770,Additional,2023-06-14,83.45
4170,501770,Additional,2023-04-22,31.01
4171,501771,Initial,2022-10-04,1825.73
4172,501771,Additional,2022-11-19,2374.97
4173,501771,Additional,2023-01-18,114.16
4174,501771,Additional,2022-11-08,2221.17
4175,501772,Initial,2024-07-19,4144.96
4176,501772,Additional,2024-07-29,3175.86
4177,501773,Initial,2024-04-14,1216.69
4178,501773,Additional,2024-08-24,1431.82
4179,501774,Initial,2023-11-23,4165.92
4180,501774,Additional,2024-06-07,3472.76
4181,501774,Additional,2024-06-25,153.23
4182,501774,Additional,2024-01-11,258.41
4183,501775,Initial,2024-01-04,1037.69
4184,501775,Additional,2024-04-18,669.17
4185,501775,Additional,2024-09-18,808.57
4186,501776,Initial,2023-08-12,2842.5
4187,501776,Additional,2023-10-31,1866.57
4188,501776,Additional,2023-10-14,306.06
4189,501777,Initial,2023-05-02,641.96
4190,501778,Initial,2023-01-27,295.86
4191,501778,Additional,2023-08-19,329.13
4192,501779,Initial,2023-06-18,4377.64
4193,501779,Additional,2024-03-15,2885.97
4194,501780,Initial,2024-10-04,704.73
4195,501780,Additional,2025-02-21,81.43
4196,501780,Additional,2025-07-01,582.67
4197,501780,Additional,2025-06-18,174.13
4198,501781,Initial,2024-12-05,1953.99
4199,501781,Additional,2025-02-18,2930.81
4200,501782,Initial,2024-11-11,786.71
4201,501782,Additional,2025-08-18,530.89
4202,501783,Initial,2024-11-13,669.36
4203,501783,Additional,2024-12-23,419.63
4204,501784,Initial,2024-12-20,9486.19
4205,501784,Additional,2025-09-14,5764.68
4206,501784,Additional,2025-07-15,596.42
4207,501784,Additional,2025-04-18,7790.98
4208,501785,Initial,2023-12-01,402.69
4209,501786,Initial,2024-07-22,568.8
4210,501787,Initial,2023-12-15,1135.26
4211,501788,Initial,2023-09-06,1134.62
4212,501788,Additional,2023-12-09,1900.71
4213,501789,Initial,2023-09-16,988.07
4214,501789,Additional,2023-12-17,1671.17
4215,501790,Initial,2025-06-23,1560.6
4216,501790,Additional,2025-09-20,703.0
4217,501790,Additional,2025-10-20,55.21
4218,501790,Additional,2026-04-02,557.65
4219,501791,Initial,2024-01-29,2923.32
4220,501791,Additional,2024-09-05,4073.21
4221,501792,Initial,2024-05-29,619.21
4222,501792,Additional,2024-10-24,677.82
4223,501792,Additional,2024-10-10,605.64
4224,501793,Initial,2023-12-18,210.92
4225,501794,Initial,2023-11-23,2130.7
4226,501794,Additional,2024-01-06,1165.94
4227,501795,Initial,2024-11-04,896.31
4228,501795,Additional,2025-06-02,256.4
4229,501795,Additional,2025-05-04,250.09
4230,501796,Initial,2024-10-28,3717.99
4231,501796,Additional,2025-03-13,3314.21
4232,501796,Additional,2025-05-12,1469.92
4233,501797,Initial,2024-10-14,1251.17
4234,501797,Additional,2025-05-05,2948.55
4235,501798,Initial,2024-11-02,138.48
4236,501798,Additional,2025-02-21,15.44
4237,501798,Additional,2025-04-08,13.15
4238,501798,Additional,2025-04-18,295.16
4239,501799,Initial,2023-02-27,555.93
4240,501799,Additional,2023-04-19,706.39
4241,501801,Initial,2023-01-22,5194.38
4242,501801,Additional,2023-09-06,3095.3
4243,501802,Initial,2023-05-13,1055.25
4244,501802,Additional,2023-05-20,2512.8
4245,501803,Initial,2023-09-05,481.71
4246,501803,Additional,2024-04-05,1234.72
4247,501804,Initial,2023-03-29,599.49
4248,501804,Additional,2023-06-29,532.47
4249,501804,Additional,2023-07-31,280.72
4250,501805,Initial,2023-05-05,282.53
4251,501805,Additional,2023-10-27,328.71
4252,501805,Additional,2023-09-25,413.6
4253,501806,Initial,2022-06-10,2203.26
4254,501806,Additional,2022-08-16,2829.68
4255,501807,Initial,2024-10-29,6627.5
4256,501807,Additional,2025-07-24,9041.31
4257,501809,Initial,2025-03-01,783.08
4258,501809,Additional,2025-09-26,1186.4
4259,501810,Initial,2023-12-01,268.57
4260,501810,Additional,2024-01-31,511.78
4261,501811,Initial,2023-07-17,1166.06
4262,501811,Additional,2023-11-23,371.56
4263,501811,Additional,2023-12-05,2819.31
4264,501812,Initial,2024-05-05,1911.07
4265,501812,Additional,2024-11-02,4346.54
4266,501813,Initial,2023-07-17,572.43
4267,501813,Additional,2023-11-10,233.97
4268,501813,Additional,2024-02-06,189.0
4269,501813,Additional,2023-11-22,253.19
4270,501814,Initial,2023-04-15,10445.51
4271,501814,Additional,2023-06-05,1804.96
4272,501814,Additional,2023-07-29,3527.88
4273,501814,Additional,2023-05-02,1140.75
4274,501815,Initial,2024-02-04,4304.02
4275,501815,Additional,2024-04-09,1673.73
4276,501815,Additional,2024-07-18,5890.58
4277,501816,Initial,2023-09-23,3176.12
4278,501817,Initial,2022-06-14,1992.05
4279,501817,Additional,2022-10-24,685.01
4280,501817,Additional,2022-08-26,3597.84
4281,501818,Initial,2024-10-19,840.55
4282,501818,Additional,2025-06-25,1134.38
4283,501819,Initial,2022-02-18,3316.96
4284,501819,Additional,2022-05-13,3034.8
4285,501820,Initial,2024-11-01,1426.41
4286,501820,Additional,2025-03-04,2698.79
4287,501821,Initial,2023-12-29,2241.33
4288,501821,Additional,2024-08-28,1444.93
4289,501822,Initial,2023-11-30,732.32
4290,501822,Additional,2024-07-19,53.95
4291,501822,Additional,2024-07-16,497.18
4292,501823,Initial,2023-11-01,839.5
4293,501823,Additional,2024-03-14,1341.28
4294,501824,Initial,2024-03-17,1474.01
4295,501824,Additional,2024-12-01,1885.05
4296,501825,Initial,2023-04-23,3589.48
4297,501825,Additional,2023-10-30,1553.76
4298,501825,Additional,2023-08-18,553.84
4299,501826,Initial,2022-12-24,407.96
4300,501826,Additional,2023-09-15,491.11
4301,501827,Initial,2022-12-22,281.18
4302,501827,Additional,2023-06-15,358.67
4303,501828,Initial,2025-06-25,11900.62
4304,501828,Additional,2025-10-24,14922.76
4305,501828,Additional,2025-07-25,711.64
4306,501829,Initial,2025-05-29,2248.47
4307,501829,Additional,2025-11-01,2225.24
4308,501830,Initial,2025-01-25,6710.25
4309,501830,Additional,2025-04-21,928.64
4310,501830,Additional,2025-04-19,1350.28
4311,501830,Additional,2025-07-28,7116.07
4312,501831,Initial,2024-07-28,295.57
4313,501831,Additional,2024-10-03,22.29
4314,501831,Additional,2024-08-29,212.7
4315,501832,Initial,2024-09-03,545.29
4316,501832,Additional,2025-06-14,1023.83
4317,501833,Initial,2023-01-07,2139.93
4318,501833,Additional,2023-07-26,5552.6
4319,501833,Additional,2023-06-21,298.04
4320,501833,Additional,2023-08-16,459.47
4321,501834,Initial,2022-11-29,1102.37
4322,501834,Additional,2023-09-07,578.32
4323,501834,Additional,2023-05-30,630.43
4324,501835,Initial,2023-05-10,495.98
4325,501835,Additional,2023-10-24,436.28
4326,501835,Additional,2023-06-24,696.66
4327,501836,Initial,2024-05-31,2605.6
4328,501836,Additional,2025-01-21,4087.54
4329,501837,Initial,2023-07-03,1546.54
4330,501837,Additional,2023-11-11,1260.44
4331,501837,Additional,2023-07-16,958.17
4332,501838,Initial,2023-06-10,536.8
4333,501839,Initial,2023-01-25,1816.88
4334,501839,Additional,2023-09-17,1033.73
4335,501839,Additional,2023-11-01,242.21
4336,501840,Initial,2023-03-04,627.78
4337,501840,Additional,2023-07-31,1726.34
4338,501841,Initial,2023-03-15,1394.29
4339,501842,Initial,2025-06-12,1597.36
4340,501842,Additional,2026-01-18,2018.31
4341,501843,Initial,2025-02-20,6414.6
4342,501844,Initial,2025-02-27,826.72
4343,501844,Additional,2025-11-24,60.01
4344,501844,Additional,2025-09-16,607.14
4345,501845,Initial,2024-08-22,192.17
4346,501845,Additional,2024-11-07,166.99
4347,501846,Initial,2025-12-10,1612.65
4348,501846,Additional,2026-02-28,1364.99
4349,501846,Additional,2026-02-10,1989.1
4350,501847,Initial,2024-10-12,877.69
4351,501847,Additional,2025-02-12,834.3
4352,501848,Initial,2023-05-04,849.15
4353,501848,Additional,2023-09-27,205.55
4354,501848,Additional,2023-08-13,335.62
4355,501848,Additional,2023-12-02,483.99
4356,501849,Initial,2023-01-07,3685.46
4357,501849,Additional,2023-04-07,227.67
4358,501849,Additional,2023-07-22,2303.94
4359,501850,Initial,2023-08-23,187.87
4360,501850,Additional,2023-10-05,540.61
4361,501851,Initial,2023-04-05,416.84
4362,501851,Additional,2023-09-15,548.34
4363,501852,Initial,2024-11-05,5314.76
4364,501852,Additional,2025-06-14,3317.37
4365,501852,Additional,2025-08-11,4892.58
4366,501853,Initial,2024-05-23,3461.32
4367,501853,Additional,2024-10-12,3057.26
4368,501853,Additional,2024-12-17,190.27
4369,501854,Initial,2023-01-01,7359.11
4370,501854,Additional,2023-04-09,18768.82
4371,501855,Initial,2023-02-13,2948.28
4372,501856,Initial,2023-07-01,1338.05
4373,501856,Additional,2024-01-18,22.07
4374,501856,Additional,2023-08-19,1575.5
4375,501857,Initial,2025-02-03,3896.11
4376,501857,Additional,2025-10-19,2131.99
4377,501857,Additional,2025-03-14,379.93
4378,501857,Additional,2025-04-03,173.87
4379,501858,Initial,2024-06-24,1107.79
4380,501858,Additional,2025-02-17,309.08
4381,501858,Additional,2024-08-27,338.85
4382,501859,Initial,2024-04-11,1127.45
4383,501859,Additional,2024-04-29,19.33
4384,501859,Additional,2024-06-24,207.92
4385,501859,Additional,2024-10-01,668.88
4386,501860,Initial,2024-01-25,1568.18
4387,501860,Additional,2024-10-22,1279.64
4388,501860,Additional,2024-05-16,2471.99
4389,501861,Initial,2022-04-21,468.89
4390,501861,Additional,2022-06-15,734.19
4391,501861,Additional,2022-09-14,361.32
4392,501861,Additional,2022-11-29,78.42
4393,501862,Initial,2024-07-23,268.08
4394,501863,Initial,2025-10-14,709.91
4395,501864,Initial,2024-02-21,5311.02
4396,501864,Additional,2024-11-06,12.83
4397,501864,Additional,2024-06-19,4178.09
4398,501865,Initial,2023-11-08,2061.78
4399,501865,Additional,2024-02-28,1675.35
4400,501866,Initial,2023-09-05,4168.84
4401,501866,Additional,2023-10-23,338.85
4402,501866,Additional,2024-04-29,3637.97
4403,501866,Additional,2024-04-29,607.56
4404,501867,Initial,2026-04-11,422.96
4405,501867,Additional,2026-09-25,810.1
4406,501868,Initial,2024-09-10,1032.33
4407,501868,Additional,2024-11-04,606.5
4408,501868,Additional,2024-12-10,293.56
4409,501869,Initial,2025-09-01,1893.66
4410,501870,Initial,2023-07-07,2114.53
4411,501870,Additional,2023-12-29,3814.18
4412,501871,Initial,2025-12-23,2209.95
4413,501872,Initial,2023-03-19,242.44
4414,501872,Additional,2023-09-05,328.9
4415,501872,Additional,2023-09-27,106.19
4416,501873,Initial,2022-12-07,922.3
4417,501873,Additional,2023-03-17,860.32
4418,501874,Initial,2025-07-08,844.73
4419,501874,Additional,2025-11-05,816.04
4420,501875,Initial,2025-01-30,2098.01
4421,501875,Additional,2025-03-31,1938.84
4422,501876,Initial,2025-08-20,955.93
4423,501876,Additional,2025-12-16,2764.07
4424,501877,Initial,2023-01-06,2317.5
4425,501877,Additional,2023-02-18,4382.0
4426,501877,Additional,2023-04-27,397.8
4427,501878,Initial,2023-03-06,3218.05
4428,501878,Additional,2023-05-14,3619.95
4429,501879,Initial,2023-01-06,2879.8
4430,501879,Additional,2023-04-07,1962.61
4431,501880,Initial,2022-12-29,3618.74
4432,501880,Additional,2023-03-12,2204.82
4433,501881,Initial,2022-04-04,1193.85
4434,501881,Additional,2022-09-13,845.39
4435,501881,Additional,2022-08-03,281.1
4436,501881,Additional,2022-11-11,132.59
4437,501882,Initial,2023-02-17,829.02
4438,501882,Additional,2023-09-22,357.26
4439,501882,Additional,2023-07-23,949.0
4440,501883,Initial,2023-10-03,1828.8
4441,501883,Additional,2024-03-03,963.81
4442,501883,Additional,2023-12-22,329.14
4443,501884,Initial,2023-05-13,1024.42
4444,501884,Additional,2024-01-10,1756.63
4445,501885,Initial,2025-07-23,985.22
4446,501885,Additional,2026-03-27,1147.17
4447,501886,Initial,2025-06-09,462.54
4448,501886,Additional,2025-06-23,822.98
4449,501887,Initial,2024-05-01,1696.95
4450,501887,Additional,2024-09-14,4412.3
4451,501889,Initial,2024-05-30,1108.9
4452,501889,Additional,2025-03-11,550.86
4453,501889,Additional,2025-01-18,59.41
4454,501890,Initial,2025-11-19,1741.7
4455,501890,Additional,2026-04-04,244.77
4456,501890,Additional,2026-01-10,1800.06
4457,501890,Additional,2026-04-02,863.79
4458,501891,Initial,2024-10-14,5409.49
4459,501891,Additional,2025-04-26,10376.82
4460,501892,Initial,2024-05-19,2312.05
4461,501892,Additional,2024-08-22,2370.31
4462,501893,Initial,2025-04-15,3076.8
4463,501893,Additional,2025-08-15,2326.78
4464,501894,Initial,2025-03-16,1359.0
4465,501895,Initial,2022-10-07,2328.11
4466,501895,Additional,2023-06-26,3858.87
4467,501896,Initial,2023-03-04,447.87
4468,501896,Additional,2023-10-09,499.12
4469,501896,Additional,2023-09-12,302.74
4470,501897,Initial,2025-06-19,438.3
4471,501897,Additional,2026-02-27,679.22
4472,501898,Initial,2024-05-14,347.32
4473,501898,Additional,2024-08-31,43.78
4474,501898,Additional,2025-01-15,682.79
4475,501899,Initial,2022-02-26,157.11
4476,501899,Additional,2022-07-07,138.08
4477,501899,Additional,2022-09-27,30.66
4478,501899,Additional,2022-05-19,110.58
4479,501900,Initial,2022-04-18,1529.55
4480,501900,Additional,2022-07-28,854.8
4481,501900,Additional,2022-08-30,7.24
4482,501901,Initial,2023-09-12,719.13
4483,501901,Additional,2024-02-15,541.84
4484,501901,Additional,2023-12-18,24.18
4485,501902,Initial,2023-02-17,856.18
4486,501902,Additional,2023-08-15,171.97
4487,501902,Additional,2023-10-26,924.42
4488,501903,Initial,2024-03-02,518.4
4489,501903,Additional,2024-06-20,346.08
4490,501903,Additional,2024-11-04,433.27
4491,501903,Additional,2024-05-14,728.91
4492,501904,Initial,2022-05-26,4123.51
4493,501905,Initial,2022-05-12,1300.64
4494,501905,Additional,2022-09-30,917.98
4495,501905,Additional,2023-01-02,341.56
4496,501906,Initial,2023-12-26,2223.27
4497,501906,Additional,2024-06-14,2302.67
4498,501907,Initial,2025-07-30,2326.87
4499,501908,Initial,2024-02-19,542.77
4500,501908,Additional,2024-10-29,203.95
4501,501908,Additional,2024-07-10,94.27
4502,501909,Initial,2024-07-31,1298.16
4503,501910,Initial,2024-05-26,23287.76
4504,501910,Additional,2025-02-03,23201.82
4505,501911,Initial,2022-10-21,1108.59
4506,501911,Additional,2023-06-15,534.68
4507,501911,Additional,2023-07-28,484.34
4508,501912,Initial,2022-09-21,6253.17
4509,501912,Additional,2022-12-06,2603.47
4510,501912,Additional,2023-05-30,959.99
4511,501912,Additional,2023-03-12,6335.76
4512,501913,Initial,2022-07-17,377.64
4513,501913,Additional,2022-09-02,217.92
4514,501914,Initial,2023-09-28,2572.58
4515,501914,Additional,2024-05-03,1181.79
4516,501914,Additional,2024-05-23,3323.88
4517,501915,Initial,2022-08-12,1407.4
4518,501915,Additional,2022-08-22,1744.75
4519,501916,Initial,2023-02-05,267.44
4520,501916,Additional,2023-09-07,213.15
4521,501916,Additional,2023-02-22,179.15
4522,501917,Initial,2023-04-30,4118.92
4523,501917,Additional,2023-12-03,317.97
4524,501917,Additional,2023-08-31,2017.43
4525,501918,Initial,2023-09-09,18172.61
4526,501918,Additional,2023-11-09,6735.54
4527,501918,Additional,2024-05-10,1289.84
4528,501918,Additional,2024-04-30,3949.84
4529,501919,Initial,2024-09-27,8547.73
4530,501919,Additional,2025-04-26,13460.08
4531,501920,Initial,2024-01-13,857.92
4532,501920,Additional,2024-06-02,610.23
4533,501921,Initial,2025-03-03,1603.02
4534,501921,Additional,2025-10-05,1497.34
4535,501922,Initial,2025-10-13,1159.98
4536,501922,Additional,2026-06-05,428.6
4537,501922,Additional,2026-04-13,2801.37
4538,501923,Initial,2023-07-30,5257.83
4539,501923,Additional,2024-01-17,3320.81
4540,501923,Additional,2023-09-29,209.42
4541,501924,Initial,2025-06-19,1456.44
4542,501924,Additional,2025-09-23,1830.67
4543,501924,Additional,2026-02-02,145.81
4544,501925,Initial,2024-10-04,770.23
4545,501925,Additional,2024-11-22,168.39
4546,501925,Additional,2025-02-27,220.25
4547,501925,Additional,2025-01-12,549.2
4548,501926,Initial,2025-08-06,1082.2
4549,501926,Additional,2026-03-19,78.15
4550,501926,Additional,2026-03-08,1467.54
4551,501927,Initial,2025-04-23,1548.75
4552,501927,Additional,2025-06-25,615.9
4553,501927,Additional,2025-08-08,640.4
4554,501928,Initial,2025-07-01,10592.89
4555,501928,Additional,2025-10-14,7257.86
4556,501929,Initial,2024-11-11,1764.67
4557,501929,Additional,2025-06-16,3415.36
4558,501930,Initial,2022-09-09,1929.73
4559,501930,Additional,2023-03-30,1677.63
4560,501931,Initial,2025-08-29,1266.98
4561,501931,Additional,2025-10-16,421.35
4562,501931,Additional,2025-12-27,445.95
4563,501932,Initial,2025-06-21,497.39
4564,501932,Additional,2025-08-25,22.72
4565,501932,Additional,2025-09-25,417.22
4566,501933,Initial,2025-10-14,1885.94
4567,501933,Additional,2026-07-01,1014.8
4568,501933,Additional,2026-04-07,413.41
4569,501934,Initial,2025-03-06,1349.22
4570,501935,Initial,2025-06-28,3194.24
4571,501935,Additional,2026-03-31,3286.53
4572,501935,Additional,2025-09-14,1148.4
4573,501936,Initial,2025-11-15,774.36
4574,501936,Additional,2026-07-07,900.19
4575,501936,Additional,2026-04-06,89.82
4576,501937,Initial,2024-02-10,5218.38
4577,501937,Additional,2024-09-23,2893.8
4578,501937,Additional,2024-07-04,4726.35
4579,501938,Initial,2024-02-10,1088.63
4580,501938,Additional,2024-05-04,623.27
4581,501938,Additional,2024-08-17,39.89
4582,501938,Additional,2024-04-29,1469.82
4583,501939,Initial,2022-03-28,786.9
4584,501939,Additional,2022-11-05,163.38
4585,501939,Additional,2022-10-15,746.94
4586,501940,Initial,2024-07-06,2940.46
4587,501940,Additional,2025-02-12,2713.9
4588,501941,Initial,2026-01-29,2229.51
4589,501942,Initial,2024-08-16,1899.82
4590,501942,Additional,2025-02-07,4296.57
4591,501943,Initial,2025-05-03,4022.71
4592,501944,Initial,2023-04-15,2177.74
4593,501944,Additional,2023-11-05,469.27
4594,501944,Additional,2023-10-30,1750.04
4595,501945,Initial,2023-05-14,2785.52
4596,501945,Additional,2023-09-04,1809.57
4597,501946,Initial,2024-07-11,2304.23
4598,501946,Additional,2025-02-16,595.47
4599,501946,Additional,2024-08-18,1169.88
4600,501947,Initial,2024-12-28,1646.33
4601,501947,Additional,2025-04-17,1304.94
4602,501947,Additional,2025-03-07,2678.29
4603,501948,Initial,2024-09-04,133.1
4604,501948,Additional,2024-12-01,185.86
4605,501948,Additional,2024-12-04,145.87
4606,501949,Initial,2022-11-23,6733.06
4607,501949,Additional,2023-04-10,5107.93
4608,501950,Initial,2022-06-19,1042.76
4609,501950,Additional,2022-09-25,656.65
4610,501950,Additional,2022-10-13,743.64
4611,501951,Initial,2023-03-01,773.04
4612,501951,Additional,2023-10-29,1145.25
4613,501952,Initial,2023-12-23,697.92
4614,501952,Additional,2024-03-20,28.71
4615,501952,Additional,2024-04-18,77.84
4616,501952,Additional,2024-03-26,280.3
4617,501953,Initial,2022-10-28,3148.36
4618,501953,Additional,2022-12-04,780.64
4619,501953,Additional,2023-01-25,1400.41
4620,501953,Additional,2023-02-21,2151.71
4621,501954,Initial,2025-05-26,1510.04
4622,501955,Initial,2025-10-01,1043.49
4623,501955,Additional,2026-03-24,484.68
4624,501955,Additional,2026-02-02,1797.61
4625,501956,Initial,2023-09-02,1316.29
4626,501957,Initial,2025-03-08,450.12
4627,501958,Initial,2023-08-25,2612.22
4628,501958,Additional,2023-09-30,2848.43
4629,501959,Initial,2023-07-05,646.51
4630,501959,Additional,2024-01-13,589.75
4631,501959,Additional,2024-02-02,228.79
4632,501960,Initial,2022-12-11,293.47
4633,501960,Additional,2023-04-29,5.56
4634,501960,Additional,2023-07-16,294.94
4635,501961,Initial,2024-12-03,4956.86
4636,501961,Additional,2025-08-22,3348.52
4637,501962,Initial,2024-07-04,4449.08
4638,501962,Additional,2024-11-13,774.68
4639,501962,Additional,2024-09-20,8310.03
4640,501963,Initial,2023-06-21,2121.88
4641,501963,Additional,2023-10-19,1160.33
4642,501963,Additional,2023-10-07,964.84
4643,501963,Additional,2023-12-29,121.4
4644,501964,Initial,2022-09-17,660.47
4645,501965,Initial,2025-01-11,2493.72
4646,501966,Initial,2025-12-01,3267.35
4647,501966,Additional,2026-03-01,5604.55
4648,501967,Initial,2025-05-12,407.22
4649,501967,Additional,2025-12-07,687.37
4650,501968,Initial,2026-04-15,1349.5
4651,501968,Additional,2026-11-23,2855.87
4652,501969,Initial,2022-09-03,6087.93
4653,501969,Additional,2023-04-12,8398.21
4654,501970,Initial,2022-11-16,2180.81
4655,501971,Initial,2025-06-26,674.81
4656,501971,Additional,2026-02-13,351.85
4657,501971,Additional,2026-02-22,37.84
4658,501972,Initial,2024-07-09,993.24
4659,501972,Additional,2024-12-21,332.57
4660,501972,Additional,2024-09-09,8.91
4661,501972,Additional,2024-07-16,2623.33
4662,501973,Initial,2025-07-09,452.27
4663,501973,Additional,2025-11-25,20.48
4664,501973,Additional,2026-04-20,292.43
4665,501975,Initial,2025-06-09,1336.41
4666,501976,Initial,2025-06-14,733.56
4667,501976,Additional,2025-08-14,2131.05
4668,501977,Initial,2025-06-20,1443.86
4669,501977,Additional,2025-12-25,1049.72
4670,501977,Additional,2025-11-29,424.95
4671,501978,Initial,2024-09-26,2547.07
4672,501978,Additional,2025-01-22,1083.84
4673,501978,Additional,2025-06-03,1910.94
4674,501979,Initial,2025-05-17,1274.62
4675,501979,Additional,2025-06-09,418.85
4676,501979,Additional,2025-07-17,149.56
4677,501979,Additional,2025-10-11,482.38
4678,501980,Initial,2025-01-04,457.43
4679,501980,Additional,2025-04-14,242.85
4680,501980,Additional,2025-08-08,38.89
4681,501981,Initial,2025-09-11,1478.41
4682,501982,Initial,2024-06-01,1411.63
4683,501982,Additional,2024-07-19,1401.3
4684,501982,Additional,2025-01-23,89.62
4685,501983,Initial,2025-02-15,2481.72
4686,501983,Additional,2025-11-13,4318.89
4687,501983,Additional,2025-11-19,2104.66
4688,501983,Additional,2025-06-16,517.47
4689,501984,Initial,2023-03-02,264.83
4690,501984,Additional,2023-09-27,276.2
4691,501984,Additional,2023-05-27,420.63
4692,501985,Initial,2024-12-29,746.91
4693,501985,Additional,2025-03-23,93.86
4694,501985,Additional,2025-02-23,109.37
4695,501985,Additional,2025-08-02,445.42
4696,501986,Initial,2023-12-28,4393.18
4697,501986,Additional,2024-07-01,413.71
4698,501986,Additional,2024-05-04,1455.99
4699,501986,Additional,2024-05-25,981.03
4700,501987,Initial,2024-12-13,748.77
4701,501987,Additional,2025-04-30,323.44
4702,501987,Additional,2025-02-17,89.93
4703,501988,Initial,2024-12-09,569.68
4704,501988,Additional,2025-08-13,371.41
4705,501988,Additional,2025-03-23,241.37
4706,501989,Initial,2023-12-23,586.19
4707,501989,Additional,2024-06-30,357.84
4708,501989,Additional,2024-02-23,876.91
4709,501990,Initial,2023-01-13,3419.52
4710,501990,Additional,2023-06-03,2006.9
4711,501990,Additional,2023-08-13,3827.16
4712,501991,Initial,2022-07-07,4091.83
4713,501992,Initial,2023-08-06,1935.75
4714,501992,Additional,2024-04-06,1099.42
4715,501992,Additional,2023-10-22,1022.59
4716,501993,Initial,2025-01-30,1804.45
4717,501993,Additional,2025-04-15,602.57
4718,501993,Additional,2025-04-24,1440.29
4719,501995,Initial,2025-07-26,866.84
4720,501995,Additional,2026-03-24,455.25
4721,501995,Additional,2025-10-01,405.41
4722,501995,Additional,2025-12-10,379.18
4723,501996,Initial,2025-06-04,2310.67
4724,501996,Additional,2025-09-17,3737.6
4725,501997,Initial,2023-10-05,332.71
4726,501997,Additional,2024-01-29,188.37
4727,501997,Additional,2023-12-27,761.24
4728,501998,Initial,2023-03-23,643.2
4729,501998,Additional,2023-09-17,67.48
4730,501998,Additional,2023-10-20,412.67
4731,501999,Initial,2023-04-12,858.46
4732,501999,Additional,2023-09-21,739.01
4733,501999,Additional,2023-10-23,554.51
4734,501999,Additional,2023-11-07,561.32
4735,502000,Initial,2023-09-25,1680.23
4736,502000,Additional,2024-04-07,4094.1
4737,502001,Initial,2022-07-30,3145.72
4738,502001,Additional,2023-02-21,2660.22
4739,502001,Additional,2023-02-19,444.61
4740,502001,Additional,2023-02-27,315.22
4741,502002,Initial,2025-06-08,1544.1
4742,502002,Additional,2025-10-06,287.62
4743,502002,Additional,2025-09-22,59.14
4744,502002,Additional,2026-03-23,957.92
4745,502003,Initial,2023-09-02,735.48
4746,502004,Initial,2024-06-28,1168.13
4747,502004,Additional,2025-01-02,2150.05
4748,502005,Initial,2024-02-03,1294.96
4749,502005,Additional,2024-07-28,1535.77
4750,502006,Initial,2022-11-12,11149.44
4751,502007,Initial,2026-01-06,388.24
4752,502007,Additional,2026-04-21,477.33
4753,502007,Additional,2026-05-21,183.05
4754,502007,Additional,2026-05-22,334.83
4755,502008,Initial,2025-09-07,11650.51
4756,502009,Initial,2022-11-27,5698.82
4757,502009,Additional,2023-04-16,6653.36
4758,502010,Initial,2023-01-02,631.61
4759,502010,Additional,2023-06-07,462.28
4760,502011,Initial,2024-01-16,2772.47
4761,502011,Additional,2024-08-19,5394.43
4762,502012,Initial,2023-07-24,758.09
4763,502013,Initial,2024-01-22,560.6
4764,502013,Additional,2024-06-28,991.26
4765,502014,Initial,2024-05-16,209.75
4766,502014,Additional,2024-08-17,63.68
4767,502014,Additional,2024-07-06,205.99
4768,502015,Initial,2024-11-08,10301.6
4769,502015,Additional,2025-07-20,7746.96
4770,502015,Additional,2025-02-12,2586.63
4771,502016,Initial,2024-06-25,824.82
4772,502016,Additional,2025-02-11,94.19
4773,502016,Additional,2024-09-02,619.92
4774,502017,Initial,2025-04-27,1096.87
4775,502017,Additional,2025-08-19,1525.04
4776,502018,Initial,2025-01-15,2348.88
4777,502018,Additional,2025-10-04,2057.19
4778,502019,Initial,2024-07-03,601.01
4779,502019,Additional,2025-01-10,145.64
4780,502019,Additional,2025-04-08,201.33
4781,502019,Additional,2024-08-28,1000.69
4782,502020,Initial,2025-03-06,489.91
4783,502021,Initial,2025-12-18,2537.04
4784,502021,Additional,2026-05-21,428.91
4785,502021,Additional,2026-09-03,2885.11
4786,502022,Initial,2025-07-22,176.39
4787,502023,Initial,2023-05-28,594.97
4788,502023,Additional,2024-01-29,1595.65
4789,502024,Initial,2024-06-14,1944.43
4790,502024,Additional,2025-02-15,2786.52
4791,502025,Initial,2024-11-15,3104.78
4792,502025,Additional,2025-01-24,1065.7
4793,502025,Additional,2025-05-15,2936.22
4794,502027,Initial,2025-02-10,1505.87
4795,502027,Additional,2025-10-26,836.01
4796,502027,Additional,2025-09-21,1638.55
4797,502028,Initial,2023-12-24,538.79
4798,502028,Additional,2024-06-05,203.8
4799,502028,Additional,2024-04-14,1216.32
4800,502029,Initial,2023-02-03,248.08
4801,502029,Additional,2023-04-21,33.85
4802,502029,Additional,2023-09-29,542.91
4803,502030,Initial,2022-12-14,4985.44
4804,502030,Additional,2023-05-09,982.22
4805,502030,Additional,2023-08-29,2797.57
4806,502030,Additional,2023-07-02,2101.32
4807,502031,Initial,2026-02-18,3878.79
4808,502031,Additional,2026-07-21,1022.61
4809,502031,Additional,2026-04-23,1106.46
4810,502031,Additional,2026-04-26,3621.75
4811,502032,Initial,2026-02-02,1707.52
4812,502032,Additional,2026-08-28,1145.51
4813,502033,Initial,2025-12-05,274.98
4814,502033,Additional,2026-01-16,619.7
4815,502034,Initial,2025-08-24,684.47
4816,502034,Additional,2025-11-22,1207.64
4817,502035,Initial,2023-03-08,858.64
4818,502036,Initial,2024-05-31,5608.21
4819,502036,Additional,2024-09-19,276.02
4820,502036,Additional,2025-01-23,3155.09
4821,502037,Initial,2023-12-26,688.14
4822,502037,Additional,2024-01-14,1173.85
4823,502038,Initial,2025-02-02,2694.99
4824,502038,Additional,2025-08-23,3496.55
4825,502038,Additional,2025-06-03,542.29
4826,502039,Initial,2025-06-08,1937.53
4827,502039,Additional,2026-02-12,5226.28
4828,502039,Additional,2025-12-07,332.26
4829,502039,Additional,2025-07-30,58.28
4830,502040,Initial,2023-09-30,530.53
4831,502040,Additional,2023-12-20,424.16
4832,502040,Additional,2024-03-13,749.66
4833,502041,Initial,2024-05-28,1129.76
4834,502041,Additional,2024-12-17,756.03
4835,502042,Initial,2024-07-14,2940.18
4836,502042,Additional,2025-03-02,3649.62
4837,502043,Initial,2023-03-27,778.22
4838,502043,Additional,2023-09-23,1830.37
4839,502043,Additional,2023-09-08,210.39
4840,502043,Additional,2023-09-26,63.83
4841,502044,Initial,2022-11-19,1526.91
4842,502044,Additional,2023-08-06,2027.8
4843,502045,Initial,2023-09-07,5767.08
4844,502046,Initial,2024-11-15,1288.99
4845,502046,Additional,2025-06-26,1034.82
4846,502047,Initial,2024-12-08,1647.18
4847,502047,Additional,2025-06-04,128.99
4848,502047,Additional,2025-06-10,2697.47
4849,502048,Initial,2025-11-02,705.67
4850,502048,Additional,2026-07-10,1926.61
4851,502049,Initial,2022-04-29,6814.02
4852,502049,Additional,2022-12-09,4395.57
4853,502050,Initial,2025-01-27,2306.91
4854,502050,Additional,2025-08-04,925.54
4855,502050,Additional,2025-06-11,850.95
4856,502051,Initial,2024-01-30,296372.05
4857,502051,Additional,2024-10-05,191260.95
4858,502051,Additional,2024-10-23,34779.45
4859,502052,Initial,2023-11-28,940.6
4860,502052,Additional,2024-01-08,73.75
4861,502052,Additional,2024-08-05,201.56
4862,502052,Additional,2024-02-28,1493.76
4863,502053,Initial,2023-01-14,353.83
4864,502053,Additional,2023-04-11,610.87
4865,502054,Initial,2023-05-04,7546.36
4866,502054,Additional,2023-06-28,21172.34
4867,502055,Initial,2022-09-11,2041.53
4868,502055,Additional,2022-10-20,1926.34
4869,502055,Additional,2023-06-05,1191.76
4870,502056,Initial,2023-10-23,785.21
4871,502056,Additional,2024-01-20,588.65
4872,502057,Initial,2023-08-05,3112.11
4873,502057,Additional,2023-12-27,7446.34
4874,502058,Initial,2024-06-04,712.78
4875,502058,Additional,2024-09-29,1392.42
4876,502060,Initial,2024-08-17,450.44
4877,502060,Additional,2024-10-04,480.13
4878,502061,Initial,2025-05-03,1132.09
4879,502061,Additional,2025-07-12,1403.82
4880,502061,Additional,2025-08-28,140.8
4881,502061,Additional,2025-08-03,258.62
4882,502062,Initial,2025-08-06,3658.17
4883,502062,Additional,2026-03-27,2640.09
4884,502063,Initial,2025-02-18,901.45
4885,502063,Additional,2025-09-05,130.72
4886,502063,Additional,2025-03-06,758.37
4887,502064,Initial,2025-03-14,2245.13
4888,502065,Initial,2022-09-07,1876.66
4889,502065,Additional,2022-10-12,1557.19
4890,502065,Additional,2023-01-30,428.7
4891,502065,Additional,2023-01-08,2322.64
4892,502066,Initial,2022-12-30,1119.52
4893,502066,Additional,2023-07-07,881.08
4894,502067,Initial,2023-05-19,185.79
4895,502067,Additional,2023-06-20,286.84
4896,502067,Additional,2023-06-22,217.74
4897,502068,Initial,2024-11-16,4804.55
4898,502069,Initial,2025-06-24,507.73
4899,502069,Additional,2026-02-14,676.92
4900,502070,Initial,2023-06-01,1949.69
4901,502071,Initial,2023-05-24,431.35
4902,502071,Additional,2023-10-24,773.26
4903,502072,Initial,2023-10-11,2832.91
4904,502072,Additional,2024-05-19,5259.21
4905,502073,Initial,2022-11-02,5840.85
4906,502073,Additional,2023-05-21,5482.6
4907,502074,Initial,2023-12-19,767.33
4908,502074,Additional,2024-08-24,644.41
4909,502074,Additional,2024-07-17,521.11
4910,502075,Initial,2024-02-04,1312.6
4911,502075,Additional,2024-04-19,933.74
4912,502076,Initial,2024-05-24,1895.77
4913,502076,Additional,2024-11-24,1362.01
4914,502076,Additional,2025-02-13,1354.55
4915,502077,Initial,2023-01-04,774.41
4916,502077,Additional,2023-01-15,1877.23
4917,502078,Initial,2023-03-24,2656.72
4918,502078,Additional,2023-09-04,1022.99
4919,502078,Additional,2023-10-17,3640.57
4920,502079,Initial,2024-07-21,1372.58
4921,502079,Additional,2025-03-11,371.93
4922,502079,Additional,2024-09-20,1198.12
4923,502080,Initial,2024-09-21,673.96
4924,502080,Additional,2025-05-01,579.87
4925,502080,Additional,2025-05-09,57.51
4926,502081,Initial,2025-02-14,1816.7
4927,502081,Additional,2025-03-09,1299.94
4928,502082,Initial,2024-10-28,1567.61
4929,502083,Initial,2023-06-03,963.59
4930,502084,Initial,2022-11-13,1980.39
4931,502084,Additional,2023-02-06,1760.61
4932,502085,Initial,2024-06-02,950.69
4933,502085,Additional,2024-10-19,1757.56
4934,502087,Initial,2025-02-01,884.8
4935,502087,Additional,2025-04-20,1525.7
4936,502088,Initial,2025-09-23,158.99
4937,502088,Additional,2026-04-17,340.27
4938,502089,Initial,2025-10-23,1594.98
4939,502089,Additional,2026-05-07,1177.95
4940,502090,Initial,2023-12-01,300.43
4941,502090,Additional,2024-02-11,521.42
4942,502091,Initial,2023-01-15,140.35
4943,502091,Additional,2023-08-22,177.85
4944,502092,Initial,2022-09-23,3968.76
4945,502092,Additional,2023-04-09,11022.06
4946,502093,Initial,2023-07-27,4182.31
4947,502093,Additional,2023-09-02,7190.74
4948,502094,Initial,2025-10-03,5063.25
4949,502094,Additional,2026-03-25,3262.7
4950,502095,Initial,2025-01-17,10772.15
4951,502095,Additional,2025-08-04,8199.17
4952,502096,Initial,2025-05-02,1063.66
4953,502097,Initial,2023-05-16,4721.41
4954,502097,Additional,2023-09-17,457.5
4955,502097,Additional,2023-08-30,4290.58
4956,502098,Initial,2023-03-31,755.41
4957,502098,Additional,2023-07-24,945.15
4958,502099,Initial,2025-08-23,1302.07
4959,502099,Additional,2026-04-04,1003.29
4960,502100,Initial,2022-04-06,2253.25
4961,502100,Additional,2022-10-08,3361.92
4962,502101,Initial,2023-07-12,3336.72
4963,502101,Additional,2023-09-21,6274.63
4964,502102,Initial,2023-06-20,896.04
4965,502102,Additional,2023-07-11,1190.27
4966,502103,Initial,2022-09-29,4273.95
4967,502103,Additional,2023-05-28,9779.6
4968,502104,Initial,2024-10-29,593.5
4969,502104,Additional,2025-06-03,433.68
4970,502104,Additional,2025-01-02,234.36
4971,502104,Additional,2025-05-13,534.22
4972,502105,Initial,2024-11-19,1239.65
4973,502105,Additional,2025-01-28,889.32
4974,502105,Additional,2025-07-06,303.26
4975,502106,Initial,2025-03-25,10562.53
4976,502106,Additional,2025-08-22,17054.66
4977,502107,Initial,2025-07-30,946.32
4978,502107,Additional,2025-10-10,782.79
4979,502107,Additional,2025-12-08,83.87
4980,502108,Initial,2025-09-30,168.59
4981,502108,Additional,2025-11-23,60.81
4982,502108,Additional,2026-05-12,182.69
4983,502108,Additional,2026-03-31,184.63
4984,502109,Initial,2025-09-06,1236.79
4985,502109,Additional,2026-03-29,1606.83
4986,502110,Initial,2025-04-28,4918.37
4987,502110,Additional,2025-09-09,6989.88
4988,502111,Initial,2025-06-09,1107.3
4989,502111,Additional,2025-09-01,1874.95
4990,502112,Initial,2023-09-20,3242.09
4991,502112,Additional,2024-06-08,3297.07
4992,502113,Initial,2025-06-03,546.05
4993,502114,Initial,2024-10-12,18485.2
4994,502114,Additional,2025-01-24,27314.48
4995,502115,Initial,2024-10-17,717.5
4996,502115,Additional,2025-04-04,1953.34
4997,502115,Additional,2025-01-09,22.86
4998,502116,Initial,2025-06-30,900.21
4999,502116,Additional,2025-11-14,495.3
5000,502116,Additional,2025-12-09,225.39
5001,502117,Initial,2025-09-29,799.54
5002,502118,Initial,2023-06-20,439.49
5003,502118,Additional,2024-03-14,547.8
5004,502119,Initial,2023-11-11,1060.76
5005,502119,Additional,2024-07-26,1251.76
5006,502119,Additional,2024-03-29,164.45
5007,502120,Initial,2025-02-13,4423.35
5008,502120,Additional,2025-04-19,1527.6
5009,502120,Additional,2025-05-01,884.07
5010,502120,Additional,2025-03-05,155.64
5011,502121,Initial,2025-01-10,1023.96
5012,502121,Additional,2025-04-09,492.48
5013,502121,Additional,2025-09-01,538.84
5014,502122,Initial,2024-12-17,779.4
5015,502122,Additional,2025-01-17,273.04
5016,502122,Additional,2025-02-07,343.96
5017,502124,Initial,2024-12-05,5336.5
5018,502124,Additional,2025-07-04,8947.12
5019,502125,Initial,2023-05-08,7636.66
5020,502125,Additional,2023-10-21,7311.74
5021,502126,Initial,2024-01-01,1157.58
5022,502127,Initial,2023-08-27,3033.47
5023,502127,Additional,2023-10-13,4166.64
5024,502128,Initial,2025-07-01,296.79
5025,502128,Additional,2026-02-19,277.42
5026,502129,Initial,2023-12-19,5670.85
5027,502129,Additional,2024-06-18,67.09
5028,502129,Additional,2024-07-29,1823.11
5029,502129,Additional,2024-03-28,2288.2
5030,502130,Initial,2024-05-07,4203.16
5031,502130,Additional,2024-07-31,6231.49
5032,502131,Initial,2023-06-15,2309.96
5033,502131,Additional,2023-11-18,1895.09
5034,502133,Initial,2023-12-02,512.28
5035,502133,Additional,2024-05-01,1177.43
5036,502134,Initial,2023-04-30,8580.73
5037,502134,Additional,2023-11-11,10156.81
5038,502135,Initial,2022-10-19,658.14
5039,502135,Additional,2022-11-23,18.53
5040,502135,Additional,2022-12-18,383.3
5041,502136,Initial,2023-06-17,2753.86
5042,502136,Additional,2023-09-15,7810.31
5043,502137,Initial,2024-08-01,5123.67
5044,502137,Additional,2024-11-30,5965.77
5045,502137,Additional,2024-09-02,3083.14
5046,502138,Initial,2025-04-08,4031.41
5047,502138,Additional,2025-12-08,2858.2
5048,502138,Additional,2025-07-24,1297.95
5049,502139,Initial,2025-11-04,1444.54
5050,502139,Additional,2026-01-10,3430.02
5051,502140,Initial,2025-07-11,236.33
5052,502140,Additional,2025-09-02,638.36
5053,502140,Additional,2026-03-21,13.65
5054,502141,Initial,2024-07-16,2334.39
5055,502141,Additional,2025-03-29,884.5
5056,502141,Additional,2025-01-31,734.02
5057,502142,Initial,2025-08-01,2710.16
5058,502142,Additional,2026-03-16,372.23
5059,502142,Additional,2026-01-20,205.12
5060,502142,Additional,2026-01-13,1907.23
5061,502143,Initial,2024-09-30,3632.97
5062,502144,Initial,2023-08-29,1092.86
5063,502144,Additional,2023-12-07,75.64
5064,502144,Additional,2024-06-10,1146.48
5065,502144,Additional,2024-05-31,865.85
5066,502145,Initial,2025-02-11,1046.87
5067,502145,Additional,2025-03-22,506.89
5068,502145,Additional,2025-08-16,130.28
5069,502145,Additional,2025-07-16,834.84
5070,502146,Initial,2025-02-11,1566.37
5071,502146,Additional,2025-10-08,2686.01
5072,502147,Initial,2025-03-21,896.08
5073,502147,Additional,2025-05-17,181.14
5074,502147,Additional,2025-09-08,1393.32
5075,502147,Additional,2025-12-01,481.16
5076,502148,Initial,2024-09-22,465.57
5077,502148,Additional,2024-10-07,526.36
5078,502149,Initial,2024-05-09,5852.76
5079,502149,Additional,2024-10-10,266.95
5080,502149,Additional,2024-10-06,3528.58
5081,502150,Initial,2023-07-19,781.4
5082,502150,Additional,2023-09-11,1752.86
5083,502151,Initial,2023-10-06,2093.09
5084,502151,Additional,2024-01-12,2710.35
5085,502152,Initial,2024-04-05,183.4
5086,502152,Additional,2024-11-24,297.86
5087,502153,Initial,2024-05-03,4411.69
5088,502153,Additional,2024-08-19,2526.8
5089,502154,Initial,2024-01-08,835.36
5090,502154,Additional,2024-03-12,61.99
5091,502154,Additional,2024-02-07,1149.58
5092,502155,Initial,2025-03-28,1140.64
5093,502155,Additional,2025-05-01,168.04
5094,502155,Additional,2025-05-01,278.76
5095,502155,Additional,2025-10-20,327.49
5096,502156,Initial,2025-05-18,3566.03
5097,502156,Additional,2025-11-19,1197.82
5098,502156,Additional,2025-08-18,1047.98
5099,502157,Initial,2023-04-15,944.37
5100,502158,Initial,2022-07-08,3835.74
5101,502158,Additional,2023-02-06,4041.6
5102,502159,Initial,2023-12-18,1175.64
5103,502159,Additional,2024-08-05,1089.01
5104,502159,Additional,2024-08-02,963.82
5105,502160,Initial,2022-08-05,5558.74
5106,502160,Additional,2023-04-02,7416.97
5107,502161,Initial,2023-08-21,4846.16
5108,502161,Additional,2024-01-26,2782.34
5109,502162,Initial,2022-08-25,2709.39
5110,502162,Additional,2022-11-14,5722.39
5111,502163,Initial,2024-01-26,774.87
5112,502163,Additional,2024-09-03,1650.26
5113,502164,Initial,2025-03-11,1119.23
5114,502164,Additional,2025-04-27,922.41
5115,502165,Initial,2025-06-03,1888.22
5116,502165,Additional,2025-11-11,2171.17
5117,502165,Additional,2025-11-25,136.68
5118,502166,Initial,2022-10-30,3003.87
5119,502166,Additional,2023-04-17,3383.87
5120,502167,Initial,2023-09-22,1355.81
5121,502167,Additional,2023-12-03,2894.63
5122,502168,Initial,2024-02-02,865.87
5123,502168,Additional,2024-08-31,699.8
5124,502169,Initial,2025-01-07,468.26
5125,502169,Additional,2025-01-15,198.91
5126,502169,Additional,2025-06-28,140.83
5127,502170,Initial,2023-04-27,2839.13
5128,502170,Additional,2023-06-04,1691.89
5129,502171,Initial,2023-02-15,2217.98
5130,502172,Initial,2023-11-02,477.31
5131,502172,Additional,2024-08-08,107.95
5132,502172,Additional,2024-07-25,959.87
5133,502173,Initial,2023-01-14,668.01
5134,502173,Additional,2023-06-01,113.74
5135,502173,Additional,2023-07-08,1452.73
5136,502173,Additional,2023-04-23,420.45
5137,502174,Initial,2022-09-03,1929.82
5138,502174,Additional,2023-03-26,516.29
5139,502174,Additional,2023-04-05,2017.07
5140,502175,Initial,2024-05-19,234.17
5141,502175,Additional,2024-07-29,564.34
5142,502175,Additional,2024-09-23,57.05
5143,502176,Initial,2025-05-29,1716.29
5144,502176,Additional,2025-09-21,416.08
5145,502176,Additional,2025-11-25,34.75
5146,502176,Additional,2025-12-23,604.12
5147,502177,Initial,2025-06-30,158.96
5148,502178,Initial,2023-07-08,3315.01
5149,502178,Additional,2023-09-23,1043.83
5150,502178,Additional,2023-09-07,1154.76
5151,502178,Additional,2023-12-19,1654.89
5152,502179,Initial,2023-12-02,1729.6
5153,502179,Additional,2024-06-15,3620.56
5154,502180,Initial,2023-04-18,568.48
5155,502180,Additional,2023-10-21,856.98
5156,502181,Initial,2022-10-25,2929.41
5157,502181,Additional,2023-02-11,3089.08
5158,502182,Initial,2022-11-22,861.06
5159,502182,Additional,2023-04-13,513.9
5160,502182,Additional,2023-02-12,68.78
5161,502182,Additional,2023-09-04,52.14
5162,502183,Initial,2023-09-22,10932.93
5163,502183,Additional,2023-10-31,6557.61
5164,502183,Additional,2024-04-18,4474.48
5165,502184,Initial,2025-03-28,847.39
5166,502184,Additional,2025-08-20,635.62
5167,502185,Initial,2023-05-08,3135.63
5168,502185,Additional,2023-07-21,626.32
5169,502185,Additional,2024-01-11,161.96
5170,502185,Additional,2023-11-13,2091.91
5171,502186,Initial,2023-01-24,1150.56
5172,502186,Additional,2023-03-08,185.51
5173,502186,Additional,2023-04-03,471.26
5174,502186,Additional,2023-06-07,152.78
5175,502187,Initial,2023-03-20,1223.12
5176,502187,Additional,2023-09-04,733.29
5177,502187,Additional,2023-06-29,584.52
5178,502188,Initial,2024-11-12,737.84
5179,502188,Additional,2025-06-06,981.88
5180,502189,Initial,2024-07-08,443.76
5181,502189,Additional,2025-01-07,26.04
5182,502189,Additional,2024-08-26,198.73
5183,502189,Additional,2025-03-28,105.0
5184,502190,Initial,2024-06-28,11438.01
5185,502190,Additional,2025-02-19,10385.97
5186,502191,Initial,2022-12-11,728.76
5187,502191,Additional,2023-05-22,1726.89
5188,502192,Initial,2023-12-05,1057.56
5189,502192,Additional,2024-04-08,965.39
5190,502192,Additional,2024-01-29,2044.27
5191,502193,Initial,2022-11-15,584.22
5192,502193,Additional,2023-05-19,987.67
5193,502194,Initial,2022-07-12,1212.24
5194,502194,Additional,2022-07-25,961.25
5195,502195,Initial,2023-06-21,3619.59
5196,502195,Additional,2024-03-17,2002.47
5197,502196,Initial,2022-05-26,15217.54
5198,502196,Additional,2022-12-07,17264.48
5199,502197,Initial,2024-03-06,7655.9
5200,502197,Additional,2024-07-31,6768.63
5201,502197,Additional,2024-09-01,1258.69
5202,502197,Additional,2024-08-24,2179.76
5203,502198,Initial,2024-04-22,409.15
5204,502198,Additional,2024-11-13,396.11
5205,502198,Additional,2024-06-29,572.85
5206,502199,Initial,2024-01-06,4733.18
5207,502199,Additional,2024-07-15,862.49
5208,502199,Additional,2024-04-04,2041.21
5209,502200,Initial,2024-11-28,2019.47
5210,502200,Additional,2025-09-04,1295.31
5211,502200,Additional,2025-05-10,1625.17
5212,502201,Initial,2024-11-25,208.23
5213,502201,Additional,2025-01-15,139.61
5214,502201,Additional,2025-02-24,155.33
5215,502202,Initial,2025-02-04,1652.04
5216,502202,Additional,2025-11-21,4020.56
5217,502203,Initial,2025-03-27,6517.0
5218,502203,Additional,2026-01-03,5702.86
5219,502204,Initial,2023-02-28,2724.08
5220,502204,Additional,2023-10-27,2644.75
5221,502204,Additional,2023-07-13,4529.41
5222,502205,Initial,2023-10-17,9364.05
5223,502205,Additional,2024-08-05,368.74
5224,502205,Additional,2024-01-17,301.26
5225,502205,Additional,2024-03-19,6374.17
5226,502207,Initial,2024-05-16,3098.24
5227,502207,Additional,2024-06-11,1445.56
5228,502207,Additional,2024-09-09,267.62
5229,502207,Additional,2024-07-26,1160.03
5230,502208,Initial,2022-12-20,3338.91
5231,502209,Initial,2022-06-22,5485.83
5232,502210,Initial,2022-04-22,5351.66
5233,502210,Additional,2023-01-19,2206.53
5234,502210,Additional,2022-05-29,2118.29
5235,502212,Initial,2022-11-23,960.67
5236,502212,Additional,2023-04-11,356.24
5237,502212,Additional,2023-06-06,2146.68
5238,502212,Additional,2022-12-24,133.9
5239,502213,Initial,2023-05-18,4018.89
5240,502214,Initial,2024-12-02,1243.06
5241,502214,Additional,2025-03-04,3458.38
5242,502216,Initial,2024-03-29,3187.12
5243,502216,Additional,2024-04-04,4927.8
5244,502218,Initial,2022-10-10,1610.41
5245,502218,Additional,2023-06-22,1155.01
5246,502219,Initial,2025-04-29,4513.47
5247,502219,Additional,2025-09-07,1757.72
5248,502219,Additional,2025-11-22,1152.52
5249,502219,Additional,2026-01-30,1105.36
5250,502220,Initial,2023-06-25,1637.31
5251,502220,Additional,2023-10-28,926.09
5252,502220,Additional,2023-10-22,2025.19
5253,502221,Initial,2023-03-11,2728.24
5254,502221,Additional,2023-10-16,285.84
5255,502221,Additional,2023-08-07,306.31
5256,502221,Additional,2023-05-15,1417.39
5257,502223,Initial,2024-01-30,4568.05
5258,502223,Additional,2024-10-04,5857.66
5259,502224,Initial,2024-02-17,890.12
5260,502224,Additional,2024-06-18,742.38
5261,502225,Initial,2026-01-25,1045.26
5262,502225,Additional,2026-10-07,1246.1
5263,502225,Additional,2026-04-21,583.16
5264,502226,Initial,2025-08-11,3267.04
5265,502226,Additional,2025-11-10,3275.46
5266,502228,Initial,2024-12-07,2820.63
5267,502228,Additional,2025-04-24,2555.88
5268,502228,Additional,2025-04-27,1400.77
5269,502228,Additional,2025-07-25,227.22
5270,502229,Initial,2024-01-31,3813.98
5271,502229,Additional,2024-07-10,4018.13
5272,502229,Additional,2024-11-01,781.9
5273,502230,Initial,2022-09-16,410.55
5274,502230,Additional,2023-02-15,357.99
5275,502231,Initial,2023-04-16,243.85
5276,502231,Additional,2023-06-16,315.02
5277,502232,Initial,2024-06-25,11997.83
5278,502232,Additional,2024-12-15,9748.5
5279,502233,Initial,2023-12-19,1227.85
5280,502233,Additional,2024-02-28,1912.53
5281,502234,Initial,2023-04-15,1309.24
5282,502234,Additional,2023-09-11,2014.48
5283,502235,Initial,2022-11-27,16059.72
5284,502235,Additional,2023-07-20,15635.55
5285,502236,Initial,2022-10-27,3036.0
5286,502236,Additional,2023-06-24,7493.27
5287,502237,Initial,2023-01-12,294.75
5288,502237,Additional,2023-05-17,261.58
5289,502237,Additional,2023-10-11,72.89
5290,502237,Additional,2023-09-13,349.19
5291,502238,Initial,2024-02-11,141.01
5292,502238,Additional,2024-03-06,280.04
5293,502238,Additional,2024-05-10,26.91
5294,502239,Initial,2024-07-20,2805.89
5295,502239,Additional,2024-08-25,6556.13
5296,502240,Initial,2024-12-16,12937.04
5297,502240,Additional,2025-04-17,16710.65
5298,502240,Additional,2025-05-31,418.83
5299,502240,Additional,2025-05-04,1386.12
5300,502241,Initial,2024-05-09,3177.32
5301,502241,Additional,2024-08-11,4118.59
5302,502242,Initial,2023-09-17,304.16
5303,502242,Additional,2024-05-03,351.35
5304,502243,Initial,2023-12-11,704.2
5305,502243,Additional,2024-08-02,558.68
5306,502243,Additional,2024-02-28,295.64
5307,502244,Initial,2024-02-28,1859.22
5308,502244,Additional,2024-08-11,202.04
5309,502244,Additional,2024-10-10,1888.13
5310,502244,Additional,2024-10-02,971.33
5311,502245,Initial,2024-03-24,1061.5
5312,502245,Additional,2024-09-01,982.53
5313,502246,Initial,2025-03-25,782.8
5314,502246,Additional,2025-11-27,913.98
5315,502247,Initial,2025-10-27,953.0
5316,502247,Additional,2025-12-21,1760.91
5317,502248,Initial,2024-02-27,606.42
5318,502248,Additional,2024-04-15,279.48
5319,502248,Additional,2024-04-03,237.15
5320,502248,Additional,2024-06-27,271.89
5321,502249,Initial,2023-10-13,4775.21
5322,502249,Additional,2024-06-23,273.51
5323,502249,Additional,2024-02-18,7090.01
5324,502250,Initial,2023-11-13,1852.49
5325,502250,Additional,2024-01-03,2267.02
5326,502250,Additional,2024-06-29,2761.76
5327,502251,Initial,2022-09-26,2446.25
5328,502251,Additional,2023-03-15,1356.2
5329,502251,Additional,2023-03-20,340.52
5330,502252,Initial,2022-09-21,1047.2
5331,502253,Initial,2022-07-07,3712.99
5332,502254,Initial,2023-02-13,268.95
5333,502254,Additional,2023-11-05,305.22
5334,502255,Initial,2024-10-24,2872.19
5335,502255,Additional,2025-04-11,1721.68
5336,502256,Initial,2024-03-27,923.97
5337,502256,Additional,2024-11-30,649.86
5338,502257,Initial,2026-03-12,2402.74
5339,502257,Additional,2026-10-19,1344.38
5340,502258,Initial,2025-09-18,5214.88
5341,502258,Additional,2026-02-17,253.74
5342,502258,Additional,2026-03-19,3034.54
5343,502259,Initial,2025-03-24,444.67
5344,502260,Initial,2025-12-31,4343.6
5345,502260,Additional,2026-09-25,5410.17
5346,502261,Initial,2024-08-04,3601.79
5347,502261,Additional,2024-11-18,1637.66
5348,502261,Additional,2024-09-12,1014.92
5349,502262,Initial,2025-03-13,2154.5
5350,502262,Additional,2025-08-16,1797.93
5351,502263,Initial,2025-04-21,3791.51
5352,502263,Additional,2025-08-17,10716.54
5353,502264,Initial,2025-04-05,364.0
5354,502264,Additional,2025-05-26,489.14
5355,502264,Additional,2025-11-21,451.47
5356,502265,Initial,2024-02-20,1629.57
5357,502265,Additional,2024-07-06,838.93
5358,502265,Additional,2024-07-15,681.59
5359,502268,Initial,2023-02-20,553.74
5360,502268,Additional,2023-11-17,827.98
5361,502269,Initial,2023-04-12,762.35
5362,502269,Additional,2023-10-15,960.54
5363,502270,Initial,2024-04-10,1176.07
5364,502270,Additional,2024-12-29,261.75
5365,502270,Additional,2024-07-27,2831.65
5366,502271,Initial,2024-01-23,1802.29
5367,502271,Additional,2024-09-29,586.74
5368,502271,Additional,2024-04-11,535.47
5369,502272,Initial,2023-02-24,5501.88
5370,502272,Additional,2023-07-26,6890.49
5371,502273,Initial,2022-11-17,76.45
5372,502273,Additional,2023-07-16,54.84
5373,502274,Initial,2024-12-17,2165.57
5374,502274,Additional,2025-08-24,1612.34
5375,502276,Initial,2024-04-12,1416.58
5376,502276,Additional,2024-10-07,2990.94
5377,502276,Additional,2024-10-10,377.61
5378,502277,Initial,2023-04-01,3587.71
5379,502277,Additional,2023-09-20,7683.36
5380,502278,Initial,2023-06-25,1620.98
5381,502278,Additional,2024-03-07,116.09
5382,502278,Additional,2024-02-26,1453.07
5383,502279,Initial,2023-03-11,428.34
5384,502279,Additional,2023-04-22,692.26
5385,502280,Initial,2025-07-12,1686.58
5386,502280,Additional,2025-11-07,1645.77
5387,502280,Additional,2026-03-21,610.95
5388,502281,Initial,2023-12-13,1649.68
5389,502281,Additional,2024-07-24,574.21
5390,502281,Additional,2024-01-15,506.97
5391,502282,Initial,2024-07-19,3580.19
5392,502282,Additional,2024-09-21,3741.22
5393,502283,Initial,2024-04-09,12053.83
5394,502283,Additional,2024-07-14,17771.25
5395,502284,Initial,2024-11-13,2881.98
5396,502284,Additional,2025-07-14,1755.87
5397,502284,Additional,2025-03-23,5811.1
5398,502285,Initial,2024-11-29,1710.6
5399,502285,Additional,2025-07-08,980.43
5400,502286,Initial,2024-09-15,414.63
5401,502286,Additional,2025-03-10,44.13
5402,502286,Additional,2025-04-19,31.96
5403,502286,Additional,2025-05-26,329.47
5404,502287,Initial,2023-06-16,3932.91
5405,502287,Additional,2023-11-19,4024.23
5406,502287,Additional,2023-12-06,2092.2
5407,502288,Initial,2023-01-31,14529.37
5408,502288,Additional,2023-10-13,14447.36
5409,502289,Initial,2023-03-15,348.62
5410,502289,Additional,2023-04-24,17.89
5411,502289,Additional,2023-08-25,636.93
5412,502290,Initial,2022-12-20,2660.47
5413,502290,Additional,2023-04-06,5589.51
5414,502291,Initial,2024-03-26,461.1
5415,502291,Additional,2024-05-29,73.49
5416,502291,Additional,2024-09-03,209.16
5417,502292,Initial,2024-06-06,1333.51
5418,502292,Additional,2024-08-18,750.5
5419,502293,Initial,2023-12-23,1654.19
5420,502294,Initial,2025-05-21,410.71
5421,502294,Additional,2025-10-10,686.7
5422,502295,Initial,2024-04-17,1472.83
5423,502295,Additional,2024-11-16,3415.24
5424,502297,Initial,2024-03-09,7077.38
5425,502297,Additional,2024-09-11,3323.3
5426,502297,Additional,2024-04-02,6900.62
5427,502299,Initial,2023-01-06,442.39
5428,502299,Additional,2023-04-03,390.68
5429,502300,Initial,2023-07-22,8743.09
5430,502300,Additional,2023-09-03,5489.27
5431,502300,Additional,2024-03-15,1253.94
5432,502301,Initial,2024-07-23,111.93
5433,502301,Additional,2025-03-19,4.68
5434,502301,Additional,2025-03-11,44.38
5435,502301,Additional,2025-03-17,12.75
5436,502302,Initial,2022-11-18,2564.29
5437,502302,Additional,2023-02-26,4496.79
5438,502303,Initial,2023-02-18,1332.11
5439,502303,Additional,2023-06-22,1831.71
5440,502304,Initial,2022-11-01,1354.99
5441,502304,Additional,2022-12-21,1.63
5442,502304,Additional,2022-12-19,1352.83
5443,502305,Initial,2025-03-23,155.0
5444,502305,Additional,2025-05-28,291.68
5445,502306,Initial,2024-08-05,3328.4
5446,502306,Additional,2025-01-30,4243.35
5447,502307,Initial,2025-09-21,7023.57
5448,502307,Additional,2026-01-06,3865.64
5449,502308,Initial,2025-10-03,2740.21
5450,502308,Additional,2025-11-05,7668.43
5451,502309,Initial,2025-07-15,1733.9
5452,502310,Initial,2024-06-12,2607.27
5453,502311,Initial,2023-05-16,11231.94
5454,502311,Additional,2023-12-26,4744.72
5455,502311,Additional,2024-01-15,4347.47
5456,502312,Initial,2023-07-22,847.62
5457,502312,Additional,2023-10-28,1296.49
5458,502313,Initial,2023-06-23,341.59
5459,502313,Additional,2023-10-21,592.12
5460,502313,Additional,2024-01-26,82.88
5461,502314,Initial,2022-08-17,843.13
5462,502314,Additional,2023-03-18,754.27
5463,502314,Additional,2023-03-31,284.44
5464,502315,Initial,2025-01-18,4206.78
5465,502315,Additional,2025-07-12,3114.78
5466,502316,Initial,2025-11-19,2449.49
5467,502316,Additional,2026-04-06,1421.26
5468,502316,Additional,2026-07-21,557.35
5469,502317,Initial,2024-02-02,2311.69
5470,502317,Additional,2024-07-10,4343.78
5471,502317,Additional,2024-07-06,1025.6
5472,502318,Initial,2025-05-17,335.58
5473,502318,Additional,2025-09-04,746.0
5474,502319,Initial,2024-12-17,2928.34
5475,502319,Additional,2025-08-11,4397.52
5476,502320,Initial,2023-08-14,5625.08
5477,502320,Additional,2023-11-12,1891.68
5478,502320,Additional,2023-12-10,2325.57
5479,502321,Initial,2023-10-01,2929.66
5480,502321,Additional,2024-02-23,5787.83
5481,502322,Initial,2023-03-21,1047.76
5482,502322,Additional,2023-09-04,39.44
5483,502322,Additional,2023-09-25,590.12
5484,502322,Additional,2023-11-10,387.36
5485,502323,Initial,2024-07-07,4964.28
5486,502323,Additional,2025-03-11,2757.59
5487,502323,Additional,2024-10-13,132.72
5488,502323,Additional,2025-01-10,4591.28
5489,502324,Initial,2025-03-01,3590.89
5490,502324,Additional,2025-09-24,5437.43
5491,502325,Initial,2025-02-16,1289.34
5492,502325,Additional,2025-10-20,1651.72
5493,502325,Additional,2025-05-23,1337.47
5494,502326,Initial,2024-08-05,486.61
5495,502327,Initial,2025-03-11,1426.85
5496,502327,Additional,2025-08-22,2658.93
5497,502327,Additional,2025-10-24,42.08
5498,502327,Additional,2025-06-18,910.49
5499,502328,Initial,2022-12-30,1709.13
5500,502328,Additional,2023-05-28,519.3
5501,502328,Additional,2023-07-04,468.23
5502,502329,Initial,2023-12-19,2434.36
5503,502329,Additional,2024-09-01,1399.31
5504,502330,Initial,2025-01-30,279.67
5505,502330,Additional,2025-07-03,660.12
5506,502331,Initial,2024-12-11,881.52
5507,502331,Additional,2025-09-01,247.02
5508,502331,Additional,2025-08-13,118.09
5509,502331,Additional,2025-03-30,410.37
5510,502332,Initial,2025-09-05,9073.71
5511,502333,Initial,2025-11-12,602.89
5512,502333,Additional,2026-07-06,1060.75
5513,502334,Initial,2023-08-06,2649.21
5514,502334,Additional,2024-04-14,1943.23
5515,502335,Initial,2024-12-19,2691.29
5516,502335,Additional,2025-09-09,22.92
5517,502335,Additional,2025-01-20,1057.0
5518,502335,Additional,2025-05-17,442.03
5519,502336,Initial,2024-08-31,2074.27
5520,502336,Additional,2025-03-21,145.52
5521,502336,Additional,2025-04-28,2117.99
5522,502337,Initial,2023-05-08,967.01
5523,502338,Initial,2023-09-16,2109.33
5524,502338,Additional,2024-03-19,1219.56
5525,502339,Initial,2023-06-11,2297.55
5526,502340,Initial,2025-04-05,609.85
5527,502340,Additional,2025-07-04,809.81
5528,502341,Initial,2025-06-05,1313.68
5529,502341,Additional,2025-11-17,3068.22
5530,502341,Additional,2025-06-11,166.84
5531,502342,Initial,2025-03-04,15247.79
5532,502342,Additional,2025-07-21,9363.15
5533,502343,Initial,2023-02-27,2119.81
5534,502343,Additional,2023-07-04,1596.38
5535,502344,Initial,2024-05-19,1728.48
5536,502344,Additional,2024-07-02,814.98
5537,502344,Additional,2024-09-04,4274.04
5538,502345,Initial,2024-04-06,326.28
5539,502345,Additional,2024-05-20,909.29
5540,502347,Initial,2025-08-20,789.47
5541,502347,Additional,2026-02-25,172.03
5542,502347,Additional,2025-11-04,511.62
5543,502348,Initial,2025-08-22,1136.94
5544,502348,Additional,2026-05-16,923.25
5545,502349,Initial,2022-10-19,2548.27
5546,502349,Additional,2023-04-22,357.81
5547,502349,Additional,2023-03-04,2446.22
5548,502349,Additional,2023-06-26,956.83
5549,502350,Initial,2023-01-26,2532.7
5550,502350,Additional,2023-02-27,3405.62
5551,502350,Additional,2023-07-06,42.42
5552,502351,Initial,2023-11-29,3318.05
5553,502351,Additional,2024-05-10,2944.42
5554,502352,Initial,2023-12-06,1873.44
5555,502352,Additional,2024-04-17,62.91
5556,502352,Additional,2024-01-21,1012.6
5557,502353,Initial,2023-11-29,1559.43
