policy_payment_id,policy_id,position_type,payment_date,payment_amount
1,100001,Initial,2022-08-16,1755.17
2,100002,Initial,2024-11-03,820.18
3,100003,Initial,2023-04-14,1779.68
4,100004,Initial,2025-03-11,4355.29
5,100004,Additional,2025-11-10,853.14
6,100005,Initial,2022-06-20,5876.87
7,100005,Additional,2022-07-07,998.43
8,100006,Initial,2023-07-21,3888.07
9,100006,Additional,2024-01-02,570.76
10,100006,Additional,2023-12-06,310.15
11,100007,Initial,2025-01-04,6064.02
12,100008,Initial,2022-02-28,9331.38
13,100009,Initial,2022-11-20,2096.12
14,100009,Additional,2023-06-08,221.64
15,100010,Initial,2022-04-30,7204.8
16,100010,Additional,2022-07-28,485.06
17,100011,Initial,2023-02-07,2328.92
18,100012,Initial,2023-04-18,4607.81
19,100013,Initial,2024-01-17,3859.13
20,100014,Initial,2022-11-23,542.27
21,100015,Initial,2022-07-29,1512.9
22,100015,Additional,2023-01-29,172.11
23,100016,Initial,2022-08-09,1200.13
24,100016,Additional,2022-09-29,199.14
25,100017,Initial,2025-02-15,572.05
26,100017,Additional,2025-04-06,37.68
27,100018,Initial,2025-03-02,4680.72
28,100019,Initial,2022-10-01,13389.17
29,100020,Initial,2022-09-02,2286.34
30,100021,Initial,2022-03-16,4987.13
31,100021,Additional,2022-10-27,558.94
32,100021,Additional,2022-09-26,969.61
33,100022,Initial,2025-03-12,8389.47
34,100023,Initial,2024-05-01,3186.3
35,100023,Additional,2024-06-02,559.68
36,100024,Initial,2024-07-15,2104.48
37,100024,Additional,2024-08-17,390.14
38,100025,Initial,2023-01-03,2409.54
39,100026,Initial,2024-02-27,4204.84
40,100027,Initial,2022-03-25,5142.9
41,100028,Initial,2024-04-04,3150.47
42,100029,Initial,2023-12-11,3979.94
43,100030,Initial,2023-02-19,2830.92
44,100030,Additional,2023-09-19,299.28
45,100031,Initial,2024-05-02,936.04
46,100031,Additional,2024-09-18,103.18
47,100032,Initial,2024-02-17,4654.14
48,100033,Initial,2023-06-23,916.67
49,100034,Initial,2022-09-01,3659.11
50,100034,Additional,2023-06-05,293.74
51,100035,Initial,2022-02-14,5106.45
52,100035,Additional,2022-08-09,683.32
53,100036,Initial,2025-02-11,935.82
54,100036,Additional,2025-04-24,200.5
55,100037,Initial,2022-12-19,1829.77
56,100037,Additional,2023-01-07,200.21
57,100038,Initial,2022-12-30,13878.13
58,100038,Additional,2023-04-11,2868.18
59,100039,Initial,2024-03-31,2253.56
60,100039,Additional,2024-11-24,220.26
61,100040,Initial,2022-11-22,974.03
62,100041,Initial,2023-04-10,3990.59
63,100041,Additional,2023-06-21,710.87
64,100042,Initial,2024-05-18,1533.53
65,100043,Initial,2023-12-18,687.39
66,100044,Initial,2024-02-27,4078.07
67,100044,Additional,2024-05-18,433.22
68,100044,Additional,2024-12-16,697.12
69,100045,Initial,2022-01-09,1317.79
70,100046,Initial,2023-07-04,3498.32
71,100047,Initial,2023-08-11,1394.63
72,100047,Additional,2023-10-27,151.31
73,100047,Additional,2024-04-29,185.16
74,100048,Initial,2024-02-05,3870.06
75,100049,Initial,2022-07-05,3340.87
76,100050,Initial,2022-07-23,423.47
77,100051,Initial,2024-07-08,3939.87
78,100051,Additional,2024-08-18,755.24
79,100052,Initial,2024-04-02,2374.65
80,100052,Additional,2024-04-22,409.1
81,100053,Initial,2024-09-01,7755.32
82,100054,Initial,2022-11-28,2987.49
83,100055,Initial,2025-04-17,3824.21
84,100056,Initial,2022-12-06,1367.77
85,100057,Initial,2024-03-01,1687.92
86,100057,Additional,2024-08-19,267.59
87,100058,Initial,2022-07-29,2708.09
88,100058,Additional,2022-12-02,219.36
89,100059,Initial,2025-01-18,2057.28
90,100059,Additional,2025-04-02,267.55
91,100059,Additional,2025-02-22,163.59
92,100060,Initial,2023-02-15,6084.89
93,100061,Initial,2024-08-22,2671.7
94,100061,Additional,2025-04-14,295.4
95,100062,Initial,2023-02-13,1030.83
96,100062,Additional,2023-03-07,153.23
97,100063,Initial,2024-08-21,1153.97
98,100064,Initial,2023-07-02,4932.09
99,100065,Initial,2022-03-19,2252.82
100,100066,Initial,2022-08-26,1981.72
101,100066,Additional,2022-11-25,424.68
102,100067,Initial,2024-04-05,5426.88
103,100067,Additional,2024-10-19,474.73
104,100068,Initial,2022-08-26,1303.47
105,100069,Initial,2022-12-01,551.82
106,100070,Initial,2023-10-29,1362.99
107,100070,Additional,2024-03-29,183.27
108,100070,Additional,2024-08-06,250.97
109,100071,Initial,2022-11-05,2880.89
110,100072,Initial,2022-06-08,2436.7
111,100073,Initial,2024-02-02,871.63
112,100073,Additional,2024-07-13,145.78
113,100074,Initial,2024-04-15,4723.28
114,100074,Additional,2024-08-05,1062.69
115,100075,Initial,2024-06-06,3218.54
116,100075,Additional,2024-11-23,354.7
117,100076,Initial,2025-02-14,2940.52
118,100076,Additional,2025-10-29,667.15
119,100077,Initial,2022-06-15,3464.26
120,100078,Initial,2023-06-08,961.47
121,100079,Initial,2022-10-24,3607.41
122,100080,Initial,2024-12-22,4920.75
123,100081,Initial,2023-10-22,6375.71
124,100081,Additional,2024-05-11,724.87
125,100082,Initial,2022-05-09,4496.21
126,100082,Additional,2022-07-04,914.21
127,100083,Initial,2024-04-21,3815.25
128,100084,Initial,2022-03-11,779.7
129,100084,Additional,2022-05-08,118.36
130,100085,Initial,2022-12-09,2139.35
131,100085,Additional,2023-07-23,341.91
132,100086,Initial,2024-05-25,1069.55
133,100087,Initial,2023-09-08,7957.16
134,100088,Initial,2024-07-08,5435.58
135,100088,Additional,2024-08-15,1085.22
136,100089,Initial,2023-12-05,1322.09
137,100090,Initial,2024-10-17,2136.58
138,100090,Additional,2025-01-17,560.54
139,100091,Initial,2023-11-15,2674.45
140,100091,Additional,2024-03-20,461.19
141,100092,Initial,2022-03-12,5474.05
142,100093,Initial,2022-04-05,745.2
143,100094,Initial,2024-07-26,541.96
144,100095,Initial,2022-02-19,3178.95
145,100095,Additional,2022-07-08,222.33
146,100096,Initial,2023-04-15,356.89
147,100096,Additional,2023-08-06,22.91
148,100097,Initial,2022-02-06,2612.85
149,100098,Initial,2023-01-19,4826.84
150,100099,Initial,2023-12-27,5413.04
151,100100,Initial,2022-08-10,1512.64
152,100101,Initial,2023-07-24,3444.78
153,100101,Additional,2024-02-01,627.23
154,100102,Initial,2025-04-20,4210.28
155,100102,Additional,2026-01-11,460.89
156,100103,Initial,2022-03-30,1229.01
157,100103,Additional,2022-12-22,107.55
158,100104,Initial,2022-03-26,4697.17
159,100104,Additional,2022-10-25,548.2
160,100105,Initial,2022-12-09,3272.12
161,100106,Initial,2024-09-21,1830.33
162,100106,Additional,2025-06-20,218.07
163,100107,Initial,2023-05-12,2772.64
164,100107,Additional,2023-11-26,647.6
165,100108,Initial,2024-02-07,2336.0
166,100109,Initial,2022-02-23,3999.19
167,100110,Initial,2024-06-18,1645.07
168,100111,Initial,2022-04-01,3333.86
169,100111,Additional,2022-10-10,215.54
170,100112,Initial,2024-05-17,1460.41
171,100113,Initial,2022-07-07,1534.36
172,100114,Initial,2024-10-27,3151.98
173,100115,Initial,2022-12-25,1285.25
174,100115,Additional,2023-08-04,181.19
175,100116,Initial,2022-08-28,5500.44
176,100117,Initial,2023-02-11,3707.29
177,100118,Initial,2022-01-10,1751.5
178,100119,Initial,2022-08-01,2980.71
179,100120,Initial,2024-01-05,1582.25
180,100120,Additional,2024-04-22,113.07
181,100120,Additional,2024-05-31,152.54
182,100121,Initial,2023-01-14,905.4
183,100122,Initial,2023-03-05,1673.32
184,100122,Additional,2023-11-24,264.37
185,100123,Initial,2024-09-09,2690.78
186,100124,Initial,2022-06-16,3431.79
187,100125,Initial,2023-04-21,3201.31
188,100126,Initial,2022-08-21,5530.96
189,100127,Initial,2023-08-18,1481.81
190,100127,Additional,2023-12-06,178.76
191,100128,Initial,2023-02-15,1672.15
192,100129,Initial,2022-03-06,10029.72
193,100129,Additional,2022-11-19,424.92
194,100130,Initial,2022-04-04,726.45
195,100131,Initial,2024-10-26,2162.57
196,100132,Initial,2022-03-13,1193.47
197,100133,Initial,2024-08-01,2600.02
198,100133,Additional,2025-02-24,372.72
199,100134,Initial,2025-01-20,2030.38
200,100134,Additional,2025-08-23,368.98
201,100135,Initial,2023-07-24,4230.32
202,100136,Initial,2023-01-17,3120.76
203,100137,Initial,2024-07-25,958.56
204,100138,Initial,2025-03-31,1905.67
205,100138,Additional,2025-06-09,170.89
206,100139,Initial,2022-06-12,3079.43
207,100139,Additional,2022-12-17,113.34
208,100140,Initial,2025-03-10,4515.46
209,100140,Additional,2025-09-30,718.29
210,100141,Initial,2025-02-19,17980.99
211,100141,Additional,2025-04-25,2302.9
212,100141,Additional,2025-11-07,3109.78
213,100142,Initial,2022-06-26,4193.32
214,100143,Initial,2022-03-23,1075.52
215,100143,Additional,2022-04-16,145.39
216,100143,Additional,2022-08-08,266.18
217,100144,Initial,2024-05-08,2329.18
218,100145,Initial,2022-04-08,3044.33
219,100146,Initial,2024-01-05,1493.9
220,100147,Initial,2022-04-04,3861.79
221,100148,Initial,2024-04-20,480.78
222,100149,Initial,2022-10-18,3747.48
223,100150,Initial,2022-04-30,1573.69
224,100151,Initial,2022-03-23,2098.64
225,100152,Initial,2022-08-24,6917.6
226,100153,Initial,2023-10-27,1043.41
227,100153,Additional,2024-04-26,114.42
228,100154,Initial,2022-04-07,3091.19
229,100154,Additional,2022-07-28,338.68
230,100155,Initial,2024-08-22,5522.1
231,100155,Additional,2025-05-03,238.67
232,100156,Initial,2024-01-13,2624.65
233,100157,Initial,2023-01-09,689.17
234,100158,Initial,2025-04-16,8037.46
235,100158,Additional,2025-07-02,977.21
236,100159,Initial,2024-03-08,1905.88
237,100159,Additional,2024-11-12,250.84
238,100160,Initial,2024-03-27,1476.12
239,100160,Additional,2024-09-08,296.85
240,100161,Initial,2022-08-07,2085.17
241,100162,Initial,2024-05-11,1861.86
242,100162,Additional,2024-06-19,90.89
243,100163,Initial,2023-11-12,877.64
244,100164,Initial,2025-03-27,3061.17
245,100164,Additional,2025-07-22,347.15
246,100165,Initial,2023-08-05,1732.5
247,100165,Additional,2024-03-26,329.96
248,100166,Initial,2024-04-09,4887.96
249,100166,Additional,2024-05-25,882.58
250,100167,Initial,2023-02-25,4024.35
251,100167,Additional,2023-09-03,290.7
252,100168,Initial,2022-02-25,10300.92
253,100168,Additional,2022-06-29,421.14
254,100169,Initial,2022-06-11,1962.7
255,100170,Initial,2024-11-17,1467.25
256,100171,Initial,2024-06-14,717.19
257,100172,Initial,2023-03-20,11243.03
258,100172,Additional,2023-07-31,834.42
259,100173,Initial,2024-04-19,5007.31
260,100174,Initial,2022-01-18,1505.7
261,100175,Initial,2022-02-20,7701.85
262,100175,Additional,2022-11-18,1723.62
263,100176,Initial,2023-09-05,7621.85
264,100176,Additional,2024-06-01,352.77
265,100176,Additional,2024-04-14,532.21
266,100177,Initial,2024-01-27,899.61
267,100177,Additional,2024-07-08,83.68
268,100178,Initial,2025-02-13,1221.17
269,100178,Additional,2025-08-21,166.64
270,100179,Initial,2024-06-30,2697.18
271,100180,Initial,2022-11-23,1280.75
272,100181,Initial,2024-09-22,2232.78
273,100182,Initial,2023-08-13,3817.8
274,100182,Additional,2024-05-24,476.01
275,100183,Initial,2024-09-25,1007.06
276,100184,Initial,2022-08-15,2685.11
277,100184,Additional,2023-04-22,568.03
278,100185,Initial,2022-02-04,6306.52
279,100186,Initial,2022-03-11,3695.16
280,100187,Initial,2025-04-16,2752.52
281,100188,Initial,2022-04-23,1720.41
282,100189,Initial,2025-02-13,4532.69
283,100190,Initial,2024-06-10,1190.81
284,100191,Initial,2022-07-07,3715.83
285,100191,Additional,2023-03-29,193.75
286,100192,Initial,2024-11-05,2730.87
287,100193,Initial,2022-06-24,7198.22
288,100194,Initial,2022-07-03,1666.32
289,100195,Initial,2023-12-06,1807.98
290,100195,Additional,2024-02-26,313.37
291,100196,Initial,2022-12-18,1196.75
292,100197,Initial,2022-12-18,4077.63
293,100198,Initial,2022-09-11,1830.96
294,100198,Additional,2023-06-15,381.48
295,100199,Initial,2024-01-05,1332.48
296,100200,Initial,2022-02-13,1455.25
297,100201,Initial,2022-10-28,4448.83
298,100201,Additional,2023-03-06,781.5
299,100202,Initial,2023-10-31,1270.63
300,100202,Additional,2024-01-18,150.34
301,100203,Initial,2023-08-14,1121.01
302,100203,Additional,2023-09-17,226.31
303,100204,Initial,2024-04-27,6017.35
304,100205,Initial,2022-09-24,2032.79
305,100205,Additional,2023-02-19,457.92
306,100205,Additional,2023-07-02,303.37
307,100206,Initial,2024-03-04,4808.87
308,100207,Initial,2024-07-11,1898.07
309,100208,Initial,2023-04-27,2211.83
310,100208,Additional,2023-08-21,455.75
311,100208,Additional,2023-06-15,474.28
312,100209,Initial,2022-11-09,3223.99
313,100210,Initial,2023-11-08,6227.46
314,100211,Initial,2023-12-03,7949.07
315,100211,Additional,2024-01-25,641.47
316,100212,Initial,2022-05-05,5939.28
317,100213,Initial,2023-11-19,1736.73
318,100213,Additional,2024-07-02,107.69
319,100214,Initial,2022-07-16,1263.24
320,100215,Initial,2023-11-14,3930.56
321,100216,Initial,2025-01-25,6940.04
322,100216,Additional,2025-05-29,735.35
323,100217,Initial,2023-10-16,5454.06
324,100217,Additional,2024-07-18,383.25
325,100218,Initial,2024-07-20,2524.54
326,100218,Additional,2024-09-15,277.45
327,100218,Additional,2024-09-16,148.77
328,100219,Initial,2023-01-21,4910.41
329,100220,Initial,2025-01-30,4300.98
330,100221,Initial,2024-09-10,2713.75
331,100221,Additional,2025-03-31,525.97
332,100222,Initial,2025-01-18,3257.89
333,100222,Additional,2025-03-09,314.5
334,100223,Initial,2024-06-22,2428.86
335,100224,Initial,2024-02-28,1254.87
336,100224,Additional,2024-10-03,177.91
337,100225,Initial,2023-10-06,1561.44
338,100226,Initial,2025-02-03,1489.16
339,100226,Additional,2025-08-27,250.49
340,100227,Initial,2024-10-22,712.17
341,100227,Additional,2024-11-26,90.53
342,100227,Additional,2025-07-08,145.62
343,100228,Initial,2023-06-01,3331.37
344,100229,Initial,2022-04-13,2325.95
345,100230,Initial,2022-01-14,4264.44
346,100231,Initial,2022-10-15,7125.51
347,100232,Initial,2022-03-18,6509.5
348,100232,Additional,2022-07-22,267.07
349,100233,Initial,2022-09-14,8343.72
350,100233,Additional,2023-01-10,1376.76
351,100234,Initial,2022-05-12,1499.82
352,100234,Additional,2022-12-02,64.38
353,100234,Additional,2022-09-14,153.91
354,100235,Initial,2025-04-10,1014.38
355,100235,Additional,2025-05-31,72.48
356,100236,Initial,2022-05-01,6008.14
357,100236,Additional,2022-08-13,482.35
358,100237,Initial,2024-01-25,8213.74
359,100237,Additional,2024-10-18,1621.1
360,100238,Initial,2023-03-07,7987.0
361,100239,Initial,2022-08-15,3766.07
362,100240,Initial,2024-04-27,547.99
363,100241,Initial,2025-03-29,3877.11
364,100242,Initial,2024-08-10,4256.5
365,100243,Initial,2025-04-02,6819.73
366,100243,Additional,2025-11-29,862.45
367,100244,Initial,2023-12-13,8679.41
368,100244,Additional,2024-09-20,878.48
369,100245,Initial,2024-04-05,5432.27
370,100246,Initial,2022-07-05,1655.47
371,100246,Additional,2022-09-27,159.21
372,100247,Initial,2024-11-05,1442.54
373,100248,Initial,2024-07-04,3377.16
374,100249,Initial,2022-11-20,1602.77
375,100250,Initial,2023-03-17,7178.01
376,100251,Initial,2024-01-09,849.35
377,100252,Initial,2022-01-28,3538.56
378,100252,Additional,2022-08-20,445.5
379,100252,Additional,2022-05-10,735.69
380,100253,Initial,2024-09-08,3756.32
381,100253,Additional,2025-02-17,688.67
382,100254,Initial,2022-12-15,2630.51
383,100255,Initial,2022-04-08,1431.71
384,100256,Initial,2023-02-15,650.0
385,100256,Additional,2023-05-10,112.26
386,100257,Initial,2024-10-06,1995.61
387,100258,Initial,2022-12-06,2104.83
388,100258,Additional,2023-01-01,104.95
389,100259,Initial,2023-10-14,6564.9
390,100259,Additional,2024-02-15,1220.31
391,100260,Initial,2024-09-09,1392.68
392,100260,Additional,2025-05-07,172.13
393,100261,Initial,2022-02-26,3483.7
394,100262,Initial,2024-07-04,1006.43
395,100262,Additional,2024-12-22,120.74
396,100263,Initial,2023-01-01,3089.31
397,100263,Additional,2023-02-03,709.02
398,100264,Initial,2024-04-29,496.65
399,100265,Initial,2022-08-16,14413.38
400,100265,Additional,2023-04-02,1036.65
401,100266,Initial,2022-07-01,2419.32
402,100266,Additional,2022-11-05,423.49
403,100267,Initial,2024-08-06,284.43
404,100268,Initial,2024-08-30,1340.69
405,100269,Initial,2025-04-08,1147.56
406,100269,Additional,2025-07-27,254.47
407,100270,Initial,2024-03-29,1518.43
408,100270,Additional,2024-05-14,178.64
409,100271,Initial,2023-07-15,1818.06
410,100271,Additional,2023-12-18,215.27
411,100271,Additional,2023-09-30,435.87
412,100272,Initial,2022-08-27,1366.24
413,100273,Initial,2022-12-21,1575.42
414,100273,Additional,2023-06-14,312.82
415,100274,Initial,2024-03-07,1107.28
416,100274,Additional,2024-04-18,84.52
417,100275,Initial,2023-02-21,5030.72
418,100276,Initial,2023-08-21,6036.15
419,100276,Additional,2023-10-10,397.74
420,100277,Initial,2022-07-27,2180.87
421,100278,Initial,2023-06-15,2151.56
422,100279,Initial,2022-10-24,1085.96
423,100279,Additional,2023-01-09,66.2
424,100279,Additional,2022-12-23,228.52
425,100280,Initial,2022-06-01,2394.35
426,100280,Additional,2023-02-16,379.52
427,100281,Initial,2022-06-13,2871.45
428,100281,Additional,2022-10-13,151.2
429,100282,Initial,2023-09-25,2460.84
430,100282,Additional,2024-05-24,106.69
431,100283,Initial,2023-03-22,3869.97
432,100284,Initial,2022-05-14,3810.93
433,100285,Initial,2023-09-16,1401.98
434,100286,Initial,2022-07-18,6908.81
435,100287,Initial,2022-01-21,1989.03
436,100287,Additional,2022-02-21,100.49
437,100288,Initial,2022-06-28,9721.1
438,100289,Initial,2023-07-04,3443.43
439,100290,Initial,2025-02-27,13537.48
440,100290,Additional,2025-10-18,2023.72
441,100290,Additional,2025-08-11,2229.82
442,100291,Initial,2022-11-06,6252.72
443,100291,Additional,2022-11-25,290.02
444,100291,Additional,2022-12-16,823.7
445,100292,Initial,2022-12-16,3071.24
446,100292,Additional,2023-05-05,432.67
447,100293,Initial,2022-11-02,1745.24
448,100294,Initial,2023-03-09,1675.16
449,100294,Additional,2023-09-09,300.7
450,100295,Initial,2024-05-16,3203.31
451,100295,Additional,2024-11-15,180.01
452,100295,Additional,2024-12-09,384.62
453,100296,Initial,2023-02-09,2850.09
454,100297,Initial,2024-03-16,1468.44
455,100297,Additional,2024-07-31,69.96
456,100298,Initial,2024-12-18,4993.18
457,100299,Initial,2025-02-21,2835.67
458,100300,Initial,2023-11-14,4664.27
459,100300,Additional,2024-06-08,201.47
460,100300,Additional,2024-08-16,517.57
461,100301,Initial,2024-05-20,1203.82
462,100302,Initial,2025-01-21,5821.27
463,100302,Additional,2025-09-04,1094.06
464,100302,Additional,2025-06-25,958.58
465,100303,Initial,2024-08-18,3682.8
466,100304,Initial,2023-01-10,5368.14
467,100304,Additional,2023-04-27,503.91
468,100305,Initial,2022-06-22,4665.71
469,100306,Initial,2022-06-01,2635.82
470,100306,Additional,2022-10-30,207.48
471,100306,Additional,2022-08-22,149.88
472,100307,Initial,2024-11-24,2279.47
473,100308,Initial,2023-11-12,11075.56
474,100308,Additional,2023-12-18,1394.38
475,100308,Additional,2024-08-02,1687.08
476,100309,Initial,2022-12-24,1793.22
477,100310,Initial,2023-03-05,4655.55
478,100311,Initial,2022-12-16,1811.14
479,100311,Additional,2023-04-18,175.47
480,100311,Additional,2023-02-10,207.69
481,100312,Initial,2024-09-06,604.29
482,100312,Additional,2025-01-10,98.22
483,100313,Initial,2024-01-06,1127.86
484,100314,Initial,2024-11-24,3963.19
485,100315,Initial,2023-01-14,4150.87
486,100315,Additional,2023-05-31,303.99
487,100316,Initial,2023-07-24,4122.9
488,100316,Additional,2023-11-15,326.04
489,100316,Additional,2023-12-23,621.75
490,100317,Initial,2022-06-03,7010.65
491,100318,Initial,2025-03-17,4025.51
492,100318,Additional,2025-10-30,298.21
493,100319,Initial,2023-09-20,1340.86
494,100319,Additional,2024-06-30,93.5
495,100319,Additional,2024-03-29,111.64
496,100320,Initial,2023-10-28,3654.82
497,100321,Initial,2023-05-15,3372.05
498,100321,Additional,2023-07-06,657.69
499,100321,Additional,2024-01-10,270.36
500,100322,Initial,2022-12-01,1730.43
501,100323,Initial,2025-03-03,4082.73
502,100324,Initial,2023-08-21,3212.59
503,100325,Initial,2024-03-29,1458.4
504,100326,Initial,2022-03-05,1925.61
505,100327,Initial,2022-11-28,7092.9
506,100327,Additional,2023-04-24,807.05
507,100328,Initial,2024-08-22,7589.56
508,100329,Initial,2022-04-16,3541.42
509,100329,Additional,2022-06-28,535.37
510,100330,Initial,2022-05-08,2739.04
511,100330,Additional,2022-07-26,557.21
512,100331,Initial,2024-09-12,885.05
513,100332,Initial,2023-01-19,8203.89
514,100333,Initial,2022-11-25,4708.89
515,100334,Initial,2023-11-15,4801.79
516,100334,Additional,2024-05-18,370.16
517,100335,Initial,2022-09-02,482.02
518,100336,Initial,2022-03-12,3099.38
519,100337,Initial,2022-01-19,2506.44
520,100337,Additional,2022-06-15,492.97
521,100338,Initial,2022-04-10,4300.8
522,100338,Additional,2022-11-26,816.06
523,100338,Additional,2022-10-30,185.19
524,100339,Initial,2022-07-10,2149.04
525,100339,Additional,2022-08-18,408.06
526,100340,Initial,2024-04-20,2454.35
527,100340,Additional,2024-07-26,439.15
528,100341,Initial,2023-01-06,3625.17
529,100341,Additional,2023-10-04,632.63
530,100342,Initial,2022-04-03,1314.17
531,100342,Additional,2022-11-12,94.59
532,100342,Additional,2022-08-18,227.61
533,100343,Initial,2022-02-06,2016.72
534,100344,Initial,2023-08-09,2544.85
535,100345,Initial,2024-10-09,6633.12
536,100346,Initial,2023-02-27,4105.18
537,100346,Additional,2023-06-22,197.6
538,100347,Initial,2022-03-18,5848.25
539,100348,Initial,2022-10-10,2429.1
540,100348,Additional,2023-07-24,499.57
541,100349,Initial,2023-09-07,8606.26
542,100349,Additional,2023-10-04,1017.89
543,100350,Initial,2022-08-17,606.5
544,100351,Initial,2025-03-26,9820.2
545,100352,Initial,2024-07-14,12421.36
546,100353,Initial,2023-02-27,3803.07
547,100354,Initial,2025-03-05,5099.38
548,100355,Initial,2023-01-30,2680.28
549,100355,Additional,2023-11-01,110.75
550,100356,Initial,2022-06-28,2519.67
551,100357,Initial,2025-02-04,1686.87
552,100357,Additional,2025-06-29,199.64
553,100358,Initial,2025-03-03,2963.29
554,100358,Additional,2025-09-19,234.32
555,100359,Initial,2023-01-15,4143.78
556,100360,Initial,2023-12-17,3319.18
557,100360,Additional,2024-05-07,652.7
558,100361,Initial,2022-08-14,10475.11
559,100361,Additional,2022-12-28,2293.33
560,100361,Additional,2023-04-15,2062.06
561,100362,Initial,2024-02-23,2593.93
562,100362,Additional,2024-11-02,501.13
563,100363,Initial,2024-04-09,767.48
564,100364,Initial,2024-05-04,9084.68
565,100365,Initial,2023-11-19,1208.16
566,100366,Initial,2024-04-24,1619.06
567,100367,Initial,2023-11-06,3118.38
568,100367,Additional,2024-06-08,243.61
569,100367,Additional,2024-08-19,282.33
570,100368,Initial,2024-09-25,3295.72
571,100368,Additional,2024-10-15,529.41
572,100369,Initial,2022-08-21,735.39
573,100369,Additional,2023-05-24,194.59
574,100369,Additional,2022-09-09,116.91
575,100370,Initial,2023-08-09,1450.02
576,100370,Additional,2023-11-10,105.76
577,100370,Additional,2024-03-18,130.87
578,100371,Initial,2023-05-15,894.18
579,100371,Additional,2023-10-21,133.78
580,100372,Initial,2023-10-16,3518.01
581,100372,Additional,2024-05-21,479.74
582,100373,Initial,2022-06-29,6606.27
583,100373,Additional,2023-01-21,1138.21
584,100373,Additional,2023-01-20,758.53
585,100374,Initial,2023-02-06,870.1
586,100374,Additional,2023-07-18,178.71
587,100375,Initial,2025-03-02,5786.36
588,100376,Initial,2022-05-13,4482.98
589,100376,Additional,2022-06-14,1162.86
590,100377,Initial,2024-02-12,1712.1
591,100377,Additional,2024-05-25,108.95
592,100378,Initial,2024-03-11,530.61
593,100378,Additional,2024-10-10,24.08
594,100378,Additional,2024-08-31,64.48
595,100379,Initial,2023-08-07,1250.69
596,100379,Additional,2023-10-21,117.55
597,100379,Additional,2024-05-10,249.15
598,100380,Initial,2022-02-21,1632.41
599,100380,Additional,2022-10-25,238.13
600,100381,Initial,2022-02-13,9018.15
601,100381,Additional,2022-06-15,1202.43
602,100382,Initial,2022-12-11,2550.61
603,100383,Initial,2022-05-17,1154.29
604,100383,Additional,2022-08-09,116.09
605,100384,Initial,2022-05-03,2525.49
606,100385,Initial,2022-07-27,872.22
607,100385,Additional,2022-11-08,168.74
608,100386,Initial,2022-09-01,3658.69
609,100386,Additional,2023-05-08,822.86
610,100387,Initial,2024-10-08,1061.36
611,100388,Initial,2024-02-22,1621.97
612,100389,Initial,2022-02-11,3538.14
613,100389,Additional,2022-05-06,328.42
614,100389,Additional,2022-07-26,758.47
615,100390,Initial,2024-01-25,8697.17
616,100391,Initial,2022-06-25,12482.86
617,100392,Initial,2023-05-26,1131.33
618,100392,Additional,2023-08-14,150.29
619,100393,Initial,2022-03-03,1624.78
620,100393,Additional,2022-09-19,158.44
621,100393,Additional,2022-04-14,84.27
622,100394,Initial,2022-04-21,4399.38
623,100394,Additional,2023-01-12,491.29
624,100395,Initial,2022-06-11,6395.39
625,100395,Additional,2022-08-09,631.95
626,100396,Initial,2023-06-06,485.26
627,100396,Additional,2023-08-05,114.89
628,100397,Initial,2023-07-13,3251.45
629,100398,Initial,2023-03-19,1940.9
630,100398,Additional,2023-11-18,89.66
631,100399,Initial,2024-01-15,567.88
632,100399,Additional,2024-09-17,61.76
633,100400,Initial,2024-05-25,996.99
634,100401,Initial,2024-05-29,1933.64
635,100402,Initial,2023-11-26,2520.98
636,100402,Additional,2024-04-14,196.66
637,100402,Additional,2024-08-27,198.95
638,100403,Initial,2023-10-24,4688.21
639,100404,Initial,2023-08-16,2807.45
640,100404,Additional,2023-10-21,255.54
641,100405,Initial,2022-11-01,5118.41
642,100406,Initial,2023-08-22,2395.57
643,100406,Additional,2024-01-15,401.81
644,100406,Additional,2024-03-03,361.01
645,100407,Initial,2022-01-18,1824.69
646,100408,Initial,2025-03-07,2568.53
647,100409,Initial,2023-04-01,4542.89
648,100410,Initial,2024-06-26,6040.96
649,100410,Additional,2024-11-06,814.59
650,100411,Initial,2025-02-25,2177.32
651,100411,Additional,2025-06-28,98.76
652,100412,Initial,2023-08-31,1321.34
653,100413,Initial,2024-11-13,3180.0
654,100414,Initial,2023-08-14,3177.65
655,100414,Additional,2023-10-25,233.65
656,100414,Additional,2024-03-31,151.31
657,100415,Initial,2022-06-15,6305.69
658,100416,Initial,2022-02-11,1723.18
659,100417,Initial,2022-06-27,1621.86
660,100417,Additional,2023-02-10,196.34
661,100418,Initial,2025-02-06,4361.41
662,100418,Additional,2025-03-19,690.02
663,100418,Additional,2025-04-25,724.53
664,100419,Initial,2023-08-02,1848.94
665,100420,Initial,2023-01-23,1647.57
666,100421,Initial,2023-06-28,5597.78
667,100421,Additional,2023-09-16,840.66
668,100422,Initial,2022-11-12,1043.02
669,100422,Additional,2023-08-05,35.6
670,100423,Initial,2024-11-25,12239.92
671,100424,Initial,2025-04-21,1907.85
672,100424,Additional,2025-06-12,150.49
673,100425,Initial,2022-04-23,4171.64
674,100426,Initial,2024-05-20,1974.97
675,100427,Initial,2023-02-14,3001.65
676,100428,Initial,2022-03-06,2084.4
677,100429,Initial,2025-01-19,4946.64
678,100429,Additional,2025-08-22,214.07
679,100429,Additional,2025-03-07,559.95
680,100430,Initial,2022-04-02,2126.9
681,100430,Additional,2022-11-03,347.87
682,100430,Additional,2022-10-27,105.14
683,100431,Initial,2022-09-22,1570.42
684,100431,Additional,2023-03-11,309.53
685,100432,Initial,2022-02-15,12169.75
686,100433,Initial,2023-07-24,3064.94
687,100433,Additional,2024-03-07,513.87
688,100434,Initial,2024-01-02,1881.42
689,100435,Initial,2023-01-26,737.89
690,100436,Initial,2022-03-29,11900.27
691,100437,Initial,2022-06-07,1814.99
692,100437,Additional,2022-09-23,115.36
693,100438,Initial,2025-01-27,12465.87
694,100439,Initial,2024-08-28,3461.95
695,100439,Additional,2024-11-01,472.9
696,100440,Initial,2025-02-17,3374.1
697,100441,Initial,2023-10-11,2568.35
698,100442,Initial,2023-10-19,12441.22
699,100442,Additional,2024-05-28,2929.2
700,100442,Additional,2024-01-18,2496.63
701,100443,Initial,2024-08-20,573.23
702,100443,Additional,2024-12-10,113.47
703,100444,Initial,2024-01-14,3638.19
704,100445,Initial,2023-06-22,1939.05
705,100445,Additional,2024-01-04,192.87
706,100445,Additional,2023-11-03,187.99
707,100446,Initial,2023-01-03,2243.03
708,100446,Additional,2023-02-14,296.98
709,100447,Initial,2023-08-25,2858.89
710,100447,Additional,2023-12-12,541.61
711,100448,Initial,2022-04-01,2484.34
712,100449,Initial,2022-09-04,3415.08
713,100449,Additional,2023-06-05,476.97
714,100450,Initial,2024-06-16,2491.97
715,100451,Initial,2024-11-17,1055.13
716,100451,Additional,2025-02-28,102.24
717,100452,Initial,2022-05-18,3620.75
718,100453,Initial,2022-05-13,4070.22
719,100453,Additional,2022-07-23,258.81
720,100454,Initial,2022-04-17,1919.09
721,100455,Initial,2024-08-23,11139.07
722,100456,Initial,2023-01-09,6881.17
723,100456,Additional,2023-09-02,1003.58
724,100456,Additional,2023-05-03,822.57
725,100457,Initial,2023-02-08,5091.27
726,100458,Initial,2022-01-27,4360.02
727,100459,Initial,2025-03-15,2842.17
728,100459,Additional,2025-11-18,451.08
729,100460,Initial,2023-06-09,6166.33
730,100460,Additional,2023-12-05,507.53
731,100461,Initial,2024-08-25,9954.05
732,100461,Additional,2024-12-15,1221.41
733,100462,Initial,2024-05-11,5471.49
734,100462,Additional,2024-06-28,305.29
735,100462,Additional,2024-09-05,312.1
736,100463,Initial,2022-07-07,1561.87
737,100463,Additional,2022-11-10,213.81
738,100464,Initial,2024-09-06,2828.92
739,100465,Initial,2023-10-27,4528.92
740,100465,Additional,2024-01-21,723.07
741,100466,Initial,2023-12-27,5316.58
742,100466,Additional,2024-07-21,700.47
743,100467,Initial,2022-09-04,2886.25
744,100468,Initial,2024-10-15,1905.71
745,100469,Initial,2025-01-26,8462.38
746,100469,Additional,2025-09-18,628.48
747,100470,Initial,2023-05-11,1035.44
748,100471,Initial,2022-04-27,1123.71
749,100471,Additional,2023-02-07,117.73
750,100472,Initial,2024-10-31,1147.04
751,100473,Initial,2024-12-16,1527.83
752,100473,Additional,2025-02-19,290.08
753,100474,Initial,2023-09-19,7493.51
754,100475,Initial,2023-11-30,6274.02
755,100475,Additional,2024-06-05,575.22
756,100475,Additional,2024-05-11,710.14
757,100476,Initial,2022-10-12,2363.49
758,100477,Initial,2022-03-30,3967.45
759,100478,Initial,2025-02-06,2557.04
760,100479,Initial,2023-08-13,1180.91
761,100480,Initial,2022-12-04,13959.08
762,100481,Initial,2024-04-15,8247.31
763,100481,Additional,2024-09-07,611.42
764,100482,Initial,2022-02-08,3255.03
765,100482,Additional,2022-06-13,249.63
766,100483,Initial,2022-04-25,1159.16
767,100483,Additional,2022-07-02,69.9
768,100483,Additional,2022-07-30,117.21
769,100484,Initial,2022-10-26,2025.75
770,100485,Initial,2023-07-14,1344.24
771,100485,Additional,2023-10-27,130.14
772,100485,Additional,2023-08-13,65.91
773,100486,Initial,2023-03-22,2796.6
774,100487,Initial,2022-08-31,3606.04
775,100488,Initial,2023-03-06,1825.64
776,100488,Additional,2023-10-04,290.41
777,100489,Initial,2023-02-16,786.55
778,100489,Additional,2023-03-08,132.75
779,100490,Initial,2023-10-11,12662.82
780,100490,Additional,2023-12-18,662.42
781,100491,Initial,2023-11-19,3318.04
782,100492,Initial,2024-12-08,3688.69
783,100492,Additional,2025-08-17,550.72
784,100493,Initial,2024-09-13,1953.36
785,100494,Initial,2022-12-25,769.28
786,100495,Initial,2024-12-31,2724.73
787,100496,Initial,2023-10-02,1791.34
788,100496,Additional,2023-12-18,341.62
789,100497,Initial,2022-08-17,4521.04
790,100497,Additional,2022-12-03,916.06
791,100497,Additional,2023-03-25,504.32
792,100498,Initial,2023-02-28,6006.45
793,100499,Initial,2024-06-15,4377.54
794,100500,Initial,2024-09-23,6072.95
795,100500,Additional,2024-12-20,427.09
796,100501,Initial,2023-04-01,10849.16
797,100502,Initial,2022-07-26,3321.71
798,100502,Additional,2022-08-12,209.98
799,100503,Initial,2022-09-04,5057.57
800,100504,Initial,2022-05-20,4080.88
801,100505,Initial,2024-04-19,710.33
802,100506,Initial,2023-08-30,2108.12
803,100506,Additional,2023-10-06,452.91
804,100506,Additional,2023-12-12,178.73
805,100507,Initial,2023-07-09,1197.9
806,100508,Initial,2024-03-21,3591.53
807,100509,Initial,2024-10-02,1663.79
808,100509,Additional,2024-11-01,170.85
809,100510,Initial,2024-08-16,3492.91
810,100511,Initial,2022-06-29,6280.46
811,100511,Additional,2023-01-15,1218.85
812,100512,Initial,2023-12-25,5868.46
813,100513,Initial,2024-12-07,9532.36
814,100513,Additional,2025-03-20,728.5
815,100514,Initial,2024-07-25,795.64
816,100515,Initial,2023-02-06,1260.46
817,100515,Additional,2023-08-02,101.28
818,100516,Initial,2023-04-19,25777.36
819,100517,Initial,2024-12-08,5841.73
820,100518,Initial,2022-02-24,2866.89
821,100519,Initial,2023-09-23,2517.29
822,100520,Initial,2022-05-31,2954.65
823,100520,Additional,2023-02-20,191.26
824,100521,Initial,2024-12-19,592.87
825,100522,Initial,2022-02-23,1509.99
826,100523,Initial,2022-01-31,2105.13
827,100524,Initial,2023-02-05,1630.33
828,100524,Additional,2023-11-24,342.23
829,100525,Initial,2022-09-14,1748.43
830,100525,Additional,2022-12-13,85.13
831,100526,Initial,2023-08-18,15282.39
832,100526,Additional,2024-05-29,3801.79
833,100527,Initial,2023-01-01,1881.84
834,100528,Initial,2023-03-19,3056.14
835,100528,Additional,2023-09-27,372.13
836,100528,Additional,2023-10-01,661.92
837,100529,Initial,2023-11-26,3601.03
838,100530,Initial,2023-11-04,4744.62
839,100530,Additional,2023-12-25,523.01
840,100531,Initial,2025-01-27,1514.36
841,100531,Additional,2025-03-24,232.8
842,100531,Additional,2025-09-25,145.1
843,100532,Initial,2023-08-10,6052.87
844,100532,Additional,2024-01-28,615.15
845,100533,Initial,2023-11-18,3439.82
846,100534,Initial,2024-04-04,958.1
847,100534,Additional,2025-01-07,38.55
848,100535,Initial,2022-08-10,2021.99
849,100535,Additional,2023-04-11,456.66
850,100536,Initial,2024-03-27,2466.95
851,100536,Additional,2024-10-09,220.44
852,100537,Initial,2024-11-08,1891.23
853,100537,Additional,2024-12-11,94.27
854,100538,Initial,2023-01-25,3870.56
855,100538,Additional,2023-05-14,393.3
856,100539,Initial,2022-08-11,4381.47
857,100539,Additional,2022-09-06,693.62
858,100539,Additional,2022-11-09,833.06
859,100540,Initial,2023-03-11,3235.06
860,100541,Initial,2022-12-02,3330.85
861,100541,Additional,2023-06-24,465.78
862,100542,Initial,2023-12-20,2881.53
863,100543,Initial,2024-11-12,532.19
864,100544,Initial,2023-12-31,4620.57
865,100544,Additional,2024-06-21,662.5
866,100545,Initial,2022-06-06,4306.35
867,100546,Initial,2023-01-19,1038.66
868,100546,Additional,2023-08-31,198.98
869,100547,Initial,2024-04-16,3214.99
870,100548,Initial,2023-02-20,4133.52
871,100548,Additional,2023-06-18,506.48
872,100549,Initial,2023-12-16,7454.15
873,100550,Initial,2024-04-24,3355.18
874,100551,Initial,2023-02-08,3622.68
875,100551,Additional,2023-09-30,558.95
876,100551,Additional,2023-11-23,280.73
877,100552,Initial,2024-02-19,4775.9
878,100552,Additional,2024-06-07,388.53
879,100553,Initial,2023-05-01,1855.65
880,100554,Initial,2022-06-20,3787.01
881,100554,Additional,2022-08-28,227.95
882,100554,Additional,2022-12-06,194.12
883,100555,Initial,2023-04-10,1481.36
884,100555,Additional,2023-07-14,234.12
885,100556,Initial,2023-06-23,6385.84
886,100557,Initial,2022-01-19,859.98
887,100557,Additional,2022-08-12,41.33
888,100558,Initial,2024-12-13,4001.69
889,100559,Initial,2023-10-03,2454.27
890,100559,Additional,2023-12-30,547.75
891,100559,Additional,2024-04-24,389.54
892,100560,Initial,2022-02-27,6455.07
893,100561,Initial,2024-11-26,1480.04
894,100561,Additional,2025-05-31,274.37
895,100561,Additional,2025-08-26,72.77
896,100562,Initial,2024-11-06,2557.29
897,100563,Initial,2022-01-19,2807.04
898,100564,Initial,2022-07-28,3395.39
899,100564,Additional,2022-08-29,240.85
900,100565,Initial,2023-03-29,1181.53
901,100565,Additional,2023-06-22,63.16
902,100566,Initial,2023-09-20,4896.29
903,100567,Initial,2024-05-26,700.5
904,100568,Initial,2023-06-09,1643.54
905,100568,Additional,2023-11-06,211.64
906,100569,Initial,2024-01-23,677.89
907,100569,Additional,2024-08-24,180.18
908,100569,Additional,2024-03-17,96.57
909,100570,Initial,2022-01-27,5127.19
910,100571,Initial,2024-03-18,3336.55
911,100571,Additional,2024-04-22,406.95
912,100572,Initial,2025-01-15,3793.86
913,100572,Additional,2025-05-11,237.6
914,100572,Additional,2025-10-16,531.62
915,100573,Initial,2023-10-05,9162.4
916,100573,Additional,2023-11-24,1551.69
917,100574,Initial,2023-07-05,2303.25
918,100575,Initial,2022-12-23,3562.7
919,100576,Initial,2025-02-26,2983.6
920,100576,Additional,2025-12-04,157.01
921,100577,Initial,2022-02-13,2233.34
922,100578,Initial,2022-12-18,7938.47
923,100579,Initial,2022-06-18,10815.12
924,100580,Initial,2024-11-19,1842.81
925,100581,Initial,2023-08-22,4150.01
926,100582,Initial,2025-01-22,3559.72
927,100583,Initial,2024-03-26,3196.87
928,100584,Initial,2023-11-13,2715.32
929,100585,Initial,2023-09-16,1749.93
930,100585,Additional,2023-10-23,252.42
931,100585,Additional,2024-03-09,282.42
932,100586,Initial,2022-09-06,146.06
933,100586,Additional,2023-04-18,31.03
934,100587,Initial,2023-11-25,6836.4
935,100588,Initial,2024-04-15,1689.78
936,100589,Initial,2025-03-10,2034.72
937,100590,Initial,2023-10-25,2517.05
938,100590,Additional,2024-07-13,245.31
939,100591,Initial,2025-02-10,1611.69
940,100591,Additional,2025-08-19,195.16
941,100592,Initial,2025-02-18,3698.36
942,100592,Additional,2025-05-26,596.5
943,100593,Initial,2023-10-02,2925.98
944,100594,Initial,2023-06-30,1654.98
945,100595,Initial,2022-07-03,3112.99
946,100596,Initial,2022-11-22,2976.23
947,100596,Additional,2023-09-01,335.77
948,100597,Initial,2024-11-22,5084.53
949,100598,Initial,2022-06-21,808.41
950,100599,Initial,2023-05-10,1218.78
951,100599,Additional,2023-09-17,74.06
952,100600,Initial,2024-04-25,4081.42
953,100601,Initial,2022-10-20,1651.69
954,100602,Initial,2025-03-28,1499.52
955,100602,Additional,2025-10-29,252.77
956,100602,Additional,2025-12-27,283.35
957,100603,Initial,2024-02-25,1903.88
958,100604,Initial,2022-02-09,2651.34
959,100604,Additional,2022-10-11,468.72
960,100605,Initial,2022-11-05,2753.42
961,100605,Additional,2023-01-16,397.58
962,100606,Initial,2024-06-07,2218.21
963,100607,Initial,2024-11-04,1032.3
964,100608,Initial,2025-01-27,5435.95
965,100609,Initial,2024-10-21,7660.48
966,100609,Additional,2024-12-26,906.0
967,100610,Initial,2022-04-09,642.8
968,100610,Additional,2022-10-22,90.0
969,100611,Initial,2024-06-08,897.34
970,100612,Initial,2022-05-29,6476.44
971,100613,Initial,2022-04-02,7824.07
972,100614,Initial,2024-04-16,497.13
973,100614,Additional,2024-10-04,76.18
974,100615,Initial,2023-08-16,4100.28
975,100615,Additional,2023-12-31,269.65
976,100616,Initial,2024-02-26,8606.69
977,100616,Additional,2024-03-19,1595.89
978,100617,Initial,2024-10-22,1221.75
979,100618,Initial,2022-03-29,7784.16
980,100619,Initial,2023-10-09,2588.99
981,100619,Additional,2024-04-09,249.98
982,100619,Additional,2024-06-28,422.54
983,100620,Initial,2024-10-01,2897.94
984,100621,Initial,2023-06-29,1657.3
985,100621,Additional,2023-09-01,312.91
986,100622,Initial,2023-10-06,6263.56
987,100623,Initial,2023-08-24,5802.4
988,100623,Additional,2024-03-16,978.41
989,100624,Initial,2025-01-12,8252.8
990,100624,Additional,2025-04-23,2021.33
991,100625,Initial,2022-03-12,8510.12
992,100626,Initial,2024-11-28,2642.12
993,100627,Initial,2024-09-14,31045.39
994,100628,Initial,2024-09-13,7254.53
995,100628,Additional,2025-06-16,1106.84
996,100628,Additional,2024-12-02,952.81
997,100629,Initial,2023-05-12,3902.15
998,100629,Additional,2023-08-31,347.09
999,100630,Initial,2023-09-14,1244.13
1000,100631,Initial,2023-03-27,857.54
1001,100631,Additional,2023-08-13,53.8
1002,100632,Initial,2022-11-04,982.89
1003,100632,Additional,2023-06-09,40.9
1004,100632,Additional,2022-12-18,189.56
1005,100633,Initial,2024-12-05,1135.72
1006,100633,Additional,2025-09-06,78.68
1007,100634,Initial,2023-09-05,6300.77
1008,100635,Initial,2024-06-06,3852.85
1009,100636,Initial,2022-05-17,1726.56
1010,100636,Additional,2023-01-12,76.93
1011,100637,Initial,2024-08-18,2465.2
1012,100638,Initial,2024-03-14,2385.84
1013,100638,Additional,2024-09-27,85.35
1014,100639,Initial,2025-05-01,4704.5
1015,100640,Initial,2022-06-15,1151.86
1016,100641,Initial,2023-10-18,3166.33
1017,100641,Additional,2024-04-15,543.38
1018,100642,Initial,2023-09-08,3558.35
1019,100642,Additional,2024-01-16,442.06
1020,100643,Initial,2023-10-28,1281.17
1021,100644,Initial,2022-03-17,7139.72
1022,100645,Initial,2023-07-28,1777.58
1023,100645,Additional,2024-02-26,435.85
1024,100646,Initial,2023-01-10,1332.7
1025,100646,Additional,2023-10-12,218.34
1026,100647,Initial,2024-01-20,4812.62
1027,100648,Initial,2022-10-23,2333.31
1028,100649,Initial,2023-06-18,3068.56
1029,100650,Initial,2024-02-02,1200.67
1030,100651,Initial,2022-03-23,4231.61
1031,100652,Initial,2024-08-10,14734.74
1032,100653,Initial,2024-05-09,1206.54
1033,100654,Initial,2022-03-28,3574.46
1034,100655,Initial,2022-03-31,1390.8
1035,100656,Initial,2024-10-18,17811.43
1036,100656,Additional,2025-01-18,1145.93
1037,100657,Initial,2022-12-17,5749.33
1038,100658,Initial,2024-11-09,3393.29
1039,100659,Initial,2023-09-09,1130.02
1040,100659,Additional,2024-05-08,204.8
1041,100660,Initial,2023-02-24,1210.71
1042,100661,Initial,2022-11-26,4519.9
1043,100661,Additional,2023-07-10,462.46
1044,100662,Initial,2024-03-07,1086.63
1045,100663,Initial,2022-05-27,1023.07
1046,100663,Additional,2022-09-07,70.95
1047,100663,Additional,2022-06-11,168.25
1048,100664,Initial,2023-05-10,3129.36
1049,100664,Additional,2023-09-09,494.32
1050,100664,Additional,2023-06-25,332.8
1051,100665,Initial,2023-02-25,3300.2
1052,100665,Additional,2023-09-10,545.83
1053,100666,Initial,2022-07-24,3258.94
1054,100667,Initial,2023-03-03,2034.72
1055,100668,Initial,2023-10-01,4356.23
1056,100669,Initial,2024-04-07,1333.94
1057,100670,Initial,2022-04-17,4221.62
1058,100670,Additional,2022-06-20,829.69
1059,100671,Initial,2024-11-26,3324.37
1060,100672,Initial,2024-12-09,3609.28
1061,100673,Initial,2024-04-17,6926.81
1062,100673,Additional,2024-06-22,957.35
1063,100673,Additional,2024-11-11,1204.12
1064,100674,Initial,2025-01-22,2038.07
1065,100675,Initial,2023-05-30,1628.61
1066,100676,Initial,2024-09-27,850.01
1067,100676,Additional,2025-06-13,131.85
1068,100677,Initial,2024-05-26,490.64
1069,100678,Initial,2023-11-24,2437.04
1070,100678,Additional,2024-01-16,502.81
1071,100678,Additional,2023-12-24,99.25
1072,100679,Initial,2022-08-18,2213.26
1073,100680,Initial,2023-11-02,1053.46
1074,100680,Additional,2024-07-12,52.61
1075,100680,Additional,2024-03-23,102.86
1076,100681,Initial,2024-12-25,1382.54
1077,100682,Initial,2025-04-10,9284.74
1078,100683,Initial,2023-07-10,5764.39
1079,100683,Additional,2024-02-16,754.64
1080,100684,Initial,2022-11-10,1012.81
1081,100684,Additional,2023-06-04,91.06
1082,100685,Initial,2024-06-30,1649.62
1083,100686,Initial,2022-04-10,3546.8
1084,100687,Initial,2022-07-08,1457.15
1085,100687,Additional,2022-09-24,244.3
1086,100688,Initial,2023-11-13,1623.37
1087,100688,Additional,2024-08-14,83.77
1088,100689,Initial,2025-04-14,1895.97
1089,100689,Additional,2025-10-30,352.0
1090,100690,Initial,2023-01-30,6002.47
1091,100691,Initial,2023-06-26,6474.2
1092,100691,Additional,2023-08-14,891.38
1093,100692,Initial,2023-01-23,1353.69
1094,100693,Initial,2023-06-28,3852.54
1095,100694,Initial,2022-01-11,2170.12
1096,100695,Initial,2023-12-19,1345.11
1097,100695,Additional,2024-06-23,67.11
1098,100696,Initial,2023-12-19,2409.95
1099,100697,Initial,2023-01-21,945.96
1100,100698,Initial,2022-11-26,7363.79
1101,100699,Initial,2024-07-18,9549.55
1102,100700,Initial,2022-08-21,1848.07
1103,100700,Additional,2023-02-10,264.76
1104,100700,Additional,2022-09-29,414.61
1105,100701,Initial,2022-03-01,1403.28
1106,100702,Initial,2022-02-19,6524.05
1107,100703,Initial,2024-11-27,5771.58
1108,100703,Additional,2025-09-04,597.2
1109,100704,Initial,2023-04-01,1179.63
1110,100705,Initial,2022-05-07,2212.33
1111,100705,Additional,2022-06-05,424.02
1112,100706,Initial,2024-11-26,2184.89
1113,100707,Initial,2022-07-08,1621.62
1114,100707,Additional,2023-02-25,325.61
1115,100708,Initial,2023-02-12,3949.22
1116,100708,Additional,2023-11-27,283.41
1117,100709,Initial,2022-01-27,1622.41
1118,100710,Initial,2024-03-28,1626.58
1119,100711,Initial,2024-05-05,2634.01
1120,100712,Initial,2024-07-03,997.58
1121,100712,Additional,2025-03-06,66.44
1122,100713,Initial,2022-11-17,484.24
1123,100713,Additional,2023-01-31,45.47
1124,100713,Additional,2023-08-22,49.07
1125,100714,Initial,2023-02-14,5836.69
1126,100715,Initial,2025-01-30,1438.45
1127,100716,Initial,2024-09-14,15481.09
1128,100717,Initial,2022-02-28,12659.76
1129,100718,Initial,2024-04-18,2090.54
1130,100719,Initial,2024-09-10,13934.25
1131,100720,Initial,2023-11-20,6183.96
1132,100721,Initial,2024-02-13,1814.96
1133,100722,Initial,2022-01-08,322.27
1134,100723,Initial,2022-02-19,4966.41
1135,100723,Additional,2022-10-28,369.96
1136,100724,Initial,2022-02-21,2457.78
1137,100724,Additional,2022-10-18,390.38
1138,100725,Initial,2022-07-25,3596.01
1139,100725,Additional,2022-12-27,183.88
1140,100726,Initial,2025-04-22,1958.12
1141,100726,Additional,2026-01-09,289.13
1142,100727,Initial,2024-02-03,1058.87
1143,100727,Additional,2024-04-11,216.83
1144,100727,Additional,2024-09-13,121.51
1145,100728,Initial,2024-08-13,1977.01
1146,100728,Additional,2024-10-27,165.36
1147,100729,Initial,2023-01-01,5029.99
1148,100730,Initial,2025-02-13,2141.28
1149,100731,Initial,2022-09-07,1751.59
1150,100732,Initial,2024-12-22,756.84
1151,100732,Additional,2025-06-02,148.58
1152,100733,Initial,2022-02-15,3338.4
1153,100733,Additional,2022-05-18,151.89
1154,100733,Additional,2022-07-10,586.56
1155,100734,Initial,2022-02-05,1024.63
1156,100734,Additional,2022-06-06,209.5
1157,100734,Additional,2022-05-12,221.57
1158,100735,Initial,2022-04-22,4601.56
1159,100735,Additional,2022-11-04,986.9
1160,100736,Initial,2024-08-12,1259.48
1161,100737,Initial,2022-11-08,2302.48
1162,100737,Additional,2023-06-10,204.65
1163,100737,Additional,2023-05-13,325.31
1164,100738,Initial,2023-06-26,15537.04
1165,100738,Additional,2023-12-11,2375.29
1166,100739,Initial,2023-07-25,1765.9
1167,100740,Initial,2024-08-06,2117.44
1168,100740,Additional,2024-10-15,165.22
1169,100741,Initial,2023-03-05,4152.36
1170,100742,Initial,2022-01-14,701.79
1171,100743,Initial,2023-04-12,6570.39
1172,100744,Initial,2022-12-24,5687.1
1173,100744,Additional,2023-05-27,301.54
1174,100745,Initial,2024-06-03,3305.13
1175,100746,Initial,2024-07-06,174.12
1176,100747,Initial,2022-05-02,2469.41
1177,100747,Additional,2022-10-02,84.95
1178,100748,Initial,2024-08-20,828.23
1179,100749,Initial,2022-03-26,7245.02
1180,100750,Initial,2024-01-23,6566.3
1181,100750,Additional,2024-10-25,814.41
1182,100750,Additional,2024-08-21,1066.59
1183,100751,Initial,2023-04-27,3836.09
1184,100751,Additional,2023-09-23,480.83
1185,100752,Initial,2023-01-02,972.63
1186,100753,Initial,2023-08-03,6818.16
1187,100754,Initial,2023-01-16,2139.98
1188,100755,Initial,2024-08-28,9341.52
1189,100755,Additional,2025-03-29,1151.85
1190,100756,Initial,2025-03-21,3267.06
1191,100756,Additional,2025-06-22,217.77
1192,100757,Initial,2024-09-12,4030.35
1193,100758,Initial,2023-06-23,1648.03
1194,100758,Additional,2023-10-24,248.29
1195,100759,Initial,2023-09-07,8191.95
1196,100760,Initial,2023-07-05,4786.25
1197,100760,Additional,2023-10-23,367.4
1198,100761,Initial,2024-08-19,7218.21
1199,100761,Additional,2025-04-11,849.94
1200,100761,Additional,2024-12-24,1621.54
1201,100762,Initial,2023-11-11,3124.65
1202,100762,Additional,2023-12-31,561.42
1203,100763,Initial,2023-08-01,2389.5
1204,100763,Additional,2024-01-04,338.9
1205,100764,Initial,2023-05-07,4889.17
1206,100764,Additional,2023-10-20,767.24
1207,100765,Initial,2023-04-01,6716.03
1208,100765,Additional,2023-05-07,1359.18
1209,100765,Additional,2023-12-20,864.97
1210,100766,Initial,2023-10-26,4943.16
1211,100767,Initial,2024-04-10,2809.95
1212,100768,Initial,2023-06-14,688.87
1213,100768,Additional,2023-10-23,146.1
1214,100768,Additional,2024-02-12,79.02
1215,100769,Initial,2024-08-29,4925.93
1216,100770,Initial,2024-09-29,1014.97
1217,100770,Additional,2025-01-06,140.76
1218,100771,Initial,2023-06-03,2353.77
1219,100771,Additional,2023-11-26,192.48
1220,100772,Initial,2024-12-27,2530.21
1221,100772,Additional,2025-08-06,144.81
1222,100773,Initial,2022-07-31,1008.63
1223,100773,Additional,2023-02-23,115.44
1224,100773,Additional,2023-03-27,88.63
1225,100774,Initial,2025-02-09,3750.64
1226,100774,Additional,2025-07-22,637.7
1227,100775,Initial,2022-12-22,12187.68
1228,100775,Additional,2023-02-27,578.83
1229,100776,Initial,2023-11-14,2224.71
1230,100777,Initial,2022-12-16,5012.0
1231,100778,Initial,2023-06-23,17505.85
1232,100779,Initial,2023-02-17,4335.78
1233,100780,Initial,2024-05-01,1717.71
1234,100781,Initial,2022-04-15,3716.85
1235,100782,Initial,2024-10-05,3574.5
1236,100782,Additional,2025-06-25,368.39
1237,100783,Initial,2025-01-05,9087.53
1238,100784,Initial,2023-11-17,5337.94
1239,100784,Additional,2024-03-11,591.05
1240,100784,Additional,2024-07-13,299.17
1241,100785,Initial,2023-10-31,286.4
1242,100785,Additional,2024-07-06,15.59
1243,100785,Additional,2024-07-13,22.76
1244,100786,Initial,2024-05-03,1402.07
1245,100787,Initial,2022-09-11,2214.21
1246,100788,Initial,2024-07-06,1122.42
1247,100789,Initial,2022-10-01,142.04
1248,100790,Initial,2024-04-01,1591.27
1249,100791,Initial,2023-01-09,2250.37
1250,100792,Initial,2024-07-01,1658.64
1251,100793,Initial,2024-08-11,1293.6
1252,100793,Additional,2025-04-05,231.09
1253,100794,Initial,2022-09-19,2367.06
1254,100795,Initial,2024-01-30,3110.85
1255,100796,Initial,2023-09-03,1510.45
1256,100797,Initial,2022-12-27,8062.19
1257,100797,Additional,2023-03-15,1127.8
1258,100798,Initial,2023-12-15,2556.31
1259,100798,Additional,2024-02-25,364.88
1260,100799,Initial,2025-04-15,1172.17
1261,100800,Initial,2022-01-12,1074.61
1262,100800,Additional,2022-08-09,253.62
1263,100801,Initial,2025-03-09,2185.37
1264,100801,Additional,2025-07-24,219.55
1265,100802,Initial,2024-11-06,6167.21
1266,100803,Initial,2023-10-11,1303.51
1267,100804,Initial,2024-01-04,4240.69
1268,100805,Initial,2023-03-25,2457.41
1269,100805,Additional,2023-12-13,576.1
1270,100806,Initial,2022-06-22,13169.48
1271,100807,Initial,2023-11-23,2999.0
1272,100807,Additional,2024-04-29,617.72
1273,100808,Initial,2024-09-11,1398.92
1274,100809,Initial,2022-10-23,4712.12
1275,100809,Additional,2023-01-01,621.06
1276,100810,Initial,2024-05-25,5134.05
1277,100810,Additional,2024-11-24,890.14
1278,100811,Initial,2024-06-23,1856.74
1279,100811,Additional,2024-11-04,286.09
1280,100812,Initial,2024-07-10,1064.51
1281,100813,Initial,2023-02-16,3876.16
1282,100814,Initial,2023-05-05,2527.83
1283,100815,Initial,2023-05-20,839.12
1284,100815,Additional,2023-08-30,53.1
1285,100816,Initial,2024-11-05,2887.64
1286,100817,Initial,2024-12-17,1827.08
1287,100817,Additional,2025-04-09,295.41
1288,100817,Additional,2025-09-05,87.83
1289,100818,Initial,2023-05-17,971.95
1290,100818,Additional,2023-10-14,129.35
1291,100819,Initial,2025-03-19,1909.93
1292,100820,Initial,2023-11-21,6672.44
1293,100821,Initial,2023-04-13,7703.31
1294,100821,Additional,2023-05-18,886.55
1295,100822,Initial,2022-01-16,4401.91
1296,100823,Initial,2024-01-10,3218.37
1297,100824,Initial,2024-03-01,3400.51
1298,100824,Additional,2024-06-01,778.64
1299,100825,Initial,2025-03-25,2498.2
1300,100825,Additional,2025-09-28,198.01
1301,100825,Additional,2025-08-06,174.89
1302,100826,Initial,2024-05-11,1009.28
1303,100826,Additional,2025-02-06,218.76
1304,100827,Initial,2022-02-15,1252.98
1305,100827,Additional,2022-09-08,98.98
1306,100828,Initial,2023-11-14,1414.0
1307,100828,Additional,2024-05-15,286.72
1308,100829,Initial,2024-06-22,8182.33
1309,100830,Initial,2023-08-29,5654.51
1310,100830,Additional,2024-04-24,790.18
1311,100830,Additional,2023-12-03,356.87
1312,100831,Initial,2023-06-19,1126.41
1313,100832,Initial,2024-08-31,2352.33
1314,100832,Additional,2024-10-01,417.88
1315,100833,Initial,2024-01-04,1754.46
1316,100833,Additional,2024-03-17,232.16
1317,100834,Initial,2024-03-29,2173.41
1318,100834,Additional,2024-06-24,520.77
1319,100835,Initial,2023-07-23,1667.6
1320,100835,Additional,2024-02-14,75.02
1321,100836,Initial,2022-12-04,8721.21
1322,100836,Additional,2023-05-13,1049.29
1323,100837,Initial,2023-09-27,2347.97
1324,100837,Additional,2024-05-13,144.11
1325,100838,Initial,2025-03-10,3172.41
1326,100838,Additional,2025-12-09,479.97
1327,100839,Initial,2024-01-11,2765.98
1328,100840,Initial,2024-05-04,1366.49
1329,100840,Additional,2024-06-23,253.85
1330,100841,Initial,2022-05-30,3357.38
1331,100841,Additional,2022-11-12,468.76
1332,100841,Additional,2023-02-21,342.26
1333,100842,Initial,2025-04-01,5437.37
1334,100843,Initial,2022-10-24,6587.53
1335,100843,Additional,2023-01-10,800.19
1336,100844,Initial,2025-03-12,952.26
1337,100844,Additional,2025-08-19,237.91
1338,100845,Initial,2023-06-27,931.65
1339,100845,Additional,2024-04-05,143.7
1340,100845,Additional,2024-01-30,129.08
1341,100846,Initial,2025-01-21,3255.93
1342,100846,Additional,2025-04-27,318.45
1343,100847,Initial,2024-12-06,5273.15
1344,100847,Additional,2025-07-23,1207.65
1345,100848,Initial,2024-07-01,3997.5
1346,100848,Additional,2025-02-11,736.91
1347,100849,Initial,2025-01-15,3911.85
1348,100850,Initial,2024-01-03,979.5
1349,100850,Additional,2024-02-11,180.91
1350,100851,Initial,2024-10-15,1910.59
1351,100851,Additional,2024-11-19,371.0
1352,100852,Initial,2022-08-01,529.91
1353,100852,Additional,2023-04-03,68.19
1354,100853,Initial,2022-03-29,1968.59
1355,100854,Initial,2023-10-23,518.93
1356,100854,Additional,2024-05-04,89.0
1357,100855,Initial,2024-08-30,5922.72
1358,100855,Additional,2024-11-03,1317.35
1359,100856,Initial,2024-07-12,9100.58
1360,100856,Additional,2025-02-23,1814.78
1361,100856,Additional,2024-09-18,1339.38
1362,100857,Initial,2023-10-02,2395.13
1363,100857,Additional,2023-11-18,346.68
1364,100858,Initial,2023-09-20,757.11
1365,100858,Additional,2024-05-24,42.31
1366,100858,Additional,2024-05-17,175.15
1367,100859,Initial,2024-01-08,3740.17
1368,100859,Additional,2024-02-17,558.92
1369,100860,Initial,2024-11-09,9738.96
1370,100861,Initial,2024-10-19,4058.8
1371,100861,Additional,2024-11-22,509.54
1372,100861,Additional,2025-07-21,450.53
1373,100862,Initial,2022-05-27,7269.36
1374,100863,Initial,2023-12-31,2115.11
1375,100863,Additional,2024-02-29,189.38
1376,100863,Additional,2024-08-16,145.84
1377,100864,Initial,2023-04-18,1129.73
1378,100865,Initial,2024-08-21,2084.71
1379,100866,Initial,2023-09-17,726.26
1380,100866,Additional,2024-02-10,47.37
1381,100867,Initial,2025-04-14,12177.28
1382,100868,Initial,2023-06-18,2882.48
1383,100868,Additional,2023-08-02,283.44
1384,100868,Additional,2023-11-07,458.09
1385,100869,Initial,2024-03-30,4270.91
1386,100870,Initial,2022-05-25,1637.24
1387,100871,Initial,2025-02-03,816.22
1388,100871,Additional,2025-08-13,149.91
1389,100871,Additional,2025-04-26,90.47
1390,100872,Initial,2022-07-23,8516.25
1391,100873,Initial,2023-04-02,971.22
1392,100874,Initial,2024-10-06,3405.02
1393,100875,Initial,2025-03-12,4326.15
1394,100876,Initial,2023-08-14,3277.65
1395,100877,Initial,2023-08-12,1228.98
1396,100877,Additional,2023-09-25,190.62
1397,100878,Initial,2022-03-18,2465.54
1398,100878,Additional,2022-11-14,469.0
1399,100879,Initial,2025-03-30,1410.11
1400,100880,Initial,2022-02-02,4804.36
1401,100881,Initial,2022-02-10,4107.88
1402,100881,Additional,2022-06-16,449.47
1403,100882,Initial,2023-08-10,2649.65
1404,100882,Additional,2023-12-06,278.85
1405,100882,Additional,2023-09-30,452.71
1406,100883,Initial,2022-01-17,1647.0
1407,100883,Additional,2022-09-15,363.83
1408,100884,Initial,2022-08-01,14955.38
1409,100885,Initial,2024-01-29,1146.59
1410,100885,Additional,2024-10-16,192.66
1411,100886,Initial,2024-05-15,898.9
1412,100886,Additional,2024-10-11,95.84
1413,100887,Initial,2022-12-27,2631.05
1414,100887,Additional,2023-04-20,327.66
1415,100888,Initial,2024-08-26,2052.26
1416,100889,Initial,2024-01-02,6318.79
1417,100890,Initial,2022-10-18,3529.81
1418,100891,Initial,2024-05-10,2426.11
1419,100892,Initial,2023-12-22,4130.48
1420,100892,Additional,2024-07-30,228.77
1421,100892,Additional,2024-05-04,368.03
1422,100893,Initial,2024-09-02,3944.55
1423,100894,Initial,2022-07-13,11355.28
1424,100895,Initial,2022-10-16,3240.17
1425,100895,Additional,2023-07-22,620.86
1426,100896,Initial,2023-01-07,1450.26
1427,100896,Additional,2023-10-26,79.96
1428,100897,Initial,2023-02-14,3003.88
1429,100898,Initial,2024-12-16,301.43
1430,100898,Additional,2025-07-03,24.12
1431,100899,Initial,2024-05-31,2633.45
1432,100900,Initial,2023-11-03,6500.31
1433,100901,Initial,2023-10-14,4811.03
1434,100902,Initial,2024-11-29,3886.07
1435,100902,Additional,2025-01-20,254.6
1436,100903,Initial,2023-07-06,4929.16
1437,100904,Initial,2022-10-07,5251.12
1438,100904,Additional,2023-01-05,408.19
1439,100904,Additional,2023-06-10,578.66
1440,100905,Initial,2022-06-16,6540.27
1441,100905,Additional,2022-09-24,858.75
1442,100906,Initial,2023-02-01,3196.06
1443,100907,Initial,2024-02-27,1708.58
1444,100907,Additional,2024-05-11,83.73
1445,100908,Initial,2023-07-25,430.76
1446,100908,Additional,2024-01-18,76.52
1447,100909,Initial,2023-06-10,6494.27
1448,100910,Initial,2023-08-05,3207.04
1449,100911,Initial,2025-03-18,3481.96
1450,100911,Additional,2025-09-14,656.67
1451,100912,Initial,2025-04-18,1776.21
1452,100912,Additional,2025-08-30,186.93
1453,100913,Initial,2022-07-20,4648.71
1454,100913,Additional,2023-01-06,1003.41
1455,100913,Additional,2023-04-29,613.47
1456,100914,Initial,2022-06-04,2143.96
1457,100914,Additional,2022-07-17,217.23
1458,100915,Initial,2022-10-24,2388.74
1459,100915,Additional,2023-05-09,572.96
1460,100916,Initial,2024-10-24,2210.06
1461,100917,Initial,2023-07-15,4044.71
1462,100917,Additional,2023-12-25,169.8
1463,100918,Initial,2024-11-15,938.68
1464,100918,Additional,2025-08-05,87.53
1465,100919,Initial,2024-02-16,3578.04
1466,100920,Initial,2023-10-30,1275.71
1467,100920,Additional,2023-12-31,133.46
1468,100921,Initial,2022-12-11,1597.85
1469,100922,Initial,2023-02-26,5078.64
1470,100923,Initial,2022-07-14,1386.09
1471,100924,Initial,2023-09-24,4512.3
1472,100924,Additional,2023-11-04,586.31
1473,100925,Initial,2022-12-21,3132.15
1474,100925,Additional,2023-02-06,113.57
1475,100926,Initial,2023-01-05,689.18
1476,100927,Initial,2022-03-01,6995.91
1477,100927,Additional,2022-06-11,1275.47
1478,100928,Initial,2024-08-30,2887.26
1479,100929,Initial,2025-02-14,3377.79
1480,100930,Initial,2023-08-25,5278.54
1481,100931,Initial,2023-10-07,8169.99
1482,100932,Initial,2025-01-16,2793.67
1483,100933,Initial,2023-09-09,4640.55
1484,100934,Initial,2024-01-23,3940.93
1485,100935,Initial,2023-06-09,1796.49
1486,100935,Additional,2024-01-16,437.64
1487,100936,Initial,2023-09-23,917.61
1488,100937,Initial,2023-10-02,3077.03
1489,100938,Initial,2024-05-14,7550.84
1490,100939,Initial,2024-01-14,4657.65
1491,100939,Additional,2024-04-09,268.84
1492,100940,Initial,2023-09-14,1199.94
1493,100941,Initial,2022-04-21,6002.26
1494,100942,Initial,2024-12-23,2216.26
1495,100942,Additional,2025-08-11,350.46
1496,100942,Additional,2025-09-04,409.35
1497,100943,Initial,2024-12-19,452.54
1498,100943,Additional,2025-07-27,56.6
1499,100944,Initial,2022-08-10,5463.76
1500,100944,Additional,2023-03-29,1259.45
1501,100944,Additional,2023-04-08,714.48
1502,100945,Initial,2023-01-02,1280.51
1503,100945,Additional,2023-02-21,206.65
1504,100946,Initial,2025-04-01,11889.15
1505,100947,Initial,2023-02-01,7353.9
1506,100948,Initial,2024-09-14,1807.69
1507,100948,Additional,2025-01-13,175.95
1508,100949,Initial,2024-08-04,3792.38
1509,100950,Initial,2024-11-01,15723.82
1510,100951,Initial,2022-02-04,5838.87
1511,100952,Initial,2023-08-15,3579.85
1512,100952,Additional,2023-12-16,545.82
1513,100953,Initial,2023-11-12,26271.24
1514,100954,Initial,2024-10-11,2379.23
1515,100954,Additional,2025-03-22,389.67
1516,100955,Initial,2022-10-09,3513.23
1517,100955,Additional,2023-04-08,500.02
1518,100956,Initial,2023-01-15,1384.59
1519,100957,Initial,2022-08-16,751.7
1520,100957,Additional,2022-12-18,140.23
1521,100958,Initial,2024-07-14,1958.97
1522,100958,Additional,2024-10-11,387.88
1523,100959,Initial,2025-04-24,2215.04
1524,100960,Initial,2022-06-26,3711.03
1525,100961,Initial,2022-10-10,1003.53
1526,100961,Additional,2023-05-03,202.8
1527,100962,Initial,2023-01-09,4287.81
1528,100962,Additional,2023-08-10,847.25
1529,100963,Initial,2024-12-06,1423.45
1530,100963,Additional,2025-01-30,68.09
1531,100963,Additional,2025-01-23,308.14
1532,100964,Initial,2023-06-24,4148.84
1533,100964,Additional,2023-11-19,683.89
1534,100964,Additional,2023-12-24,410.25
1535,100965,Initial,2022-12-11,4900.08
1536,100965,Additional,2023-01-12,627.79
1537,100966,Initial,2023-02-09,1756.53
1538,100966,Additional,2023-06-04,385.1
1539,100966,Additional,2023-09-05,231.56
1540,100967,Initial,2024-01-07,1261.03
1541,100968,Initial,2023-04-11,8035.75
1542,100969,Initial,2022-07-05,4543.67
1543,100969,Additional,2023-01-31,888.53
1544,100969,Additional,2023-02-09,894.26
1545,100970,Initial,2024-09-22,3156.38
1546,100970,Additional,2024-11-04,248.63
1547,100971,Initial,2023-06-05,6835.29
1548,100972,Initial,2022-11-24,2312.67
1549,100973,Initial,2024-06-01,1868.47
1550,100974,Initial,2024-07-02,1194.62
1551,100974,Additional,2024-12-20,197.12
1552,100975,Initial,2022-07-10,2275.19
1553,100975,Additional,2023-01-19,107.3
1554,100976,Initial,2022-04-14,4305.57
1555,100976,Additional,2022-09-07,778.99
1556,100977,Initial,2022-03-08,8223.27
1557,100978,Initial,2024-07-19,2441.01
1558,100978,Additional,2024-12-24,527.63
1559,100979,Initial,2024-01-22,6257.16
1560,100980,Initial,2024-08-23,1892.88
1561,100981,Initial,2024-01-27,1688.25
1562,100982,Initial,2023-05-08,1079.71
1563,100983,Initial,2023-12-23,1544.88
1564,100984,Initial,2024-05-17,1000.0
1565,100985,Initial,2023-05-10,13171.05
1566,100985,Additional,2024-01-05,883.45
1567,100985,Additional,2023-11-02,1567.76
1568,100986,Initial,2025-01-03,3306.69
1569,100986,Additional,2025-09-16,427.59
1570,100987,Initial,2024-12-28,2765.26
1571,100988,Initial,2024-09-04,11166.04
1572,100988,Additional,2024-09-28,1505.99
1573,100988,Additional,2025-04-28,437.43
1574,100989,Initial,2025-04-12,902.45
1575,100989,Additional,2025-12-14,79.17
1576,100990,Initial,2023-04-30,2210.62
1577,100990,Additional,2024-01-10,209.74
1578,100990,Additional,2023-11-14,445.95
1579,100991,Initial,2022-05-21,10553.32
1580,100991,Additional,2022-07-06,1942.01
1581,100992,Initial,2023-08-15,2647.16
1582,100992,Additional,2023-11-16,494.92
1583,100993,Initial,2024-06-22,18242.99
1584,100994,Initial,2024-07-24,5637.5
1585,100994,Additional,2025-02-25,736.48
1586,100995,Initial,2023-04-30,5806.84
1587,100995,Additional,2023-12-25,1124.72
1588,100996,Initial,2023-01-03,7920.12
1589,100997,Initial,2023-06-24,2214.2
1590,100997,Additional,2024-03-20,275.29
1591,100998,Initial,2024-08-27,2159.13
1592,100999,Initial,2022-03-20,2847.22
1593,100999,Additional,2022-05-14,489.07
1594,101000,Initial,2023-02-15,1274.4
1595,101001,Initial,2022-10-20,2835.18
1596,101001,Additional,2023-03-17,348.68
1597,101002,Initial,2024-09-04,2143.79
1598,101002,Additional,2024-10-06,489.8
1599,101003,Initial,2023-07-26,9205.36
1600,101004,Initial,2022-04-18,4526.42
1601,101005,Initial,2022-11-18,15853.46
1602,101006,Initial,2022-03-09,541.56
1603,101006,Additional,2022-09-13,40.38
1604,101006,Additional,2022-04-30,25.52
1605,101007,Initial,2023-08-01,1147.68
1606,101007,Additional,2024-04-23,233.36
1607,101008,Initial,2025-04-18,2176.54
1608,101009,Initial,2023-11-17,8577.11
1609,101009,Additional,2024-09-03,1095.57
1610,101010,Initial,2024-11-19,2351.75
1611,101011,Initial,2024-06-23,920.61
1612,101011,Additional,2025-01-27,83.46
1613,101012,Initial,2024-11-28,2487.16
1614,101013,Initial,2023-01-15,1196.66
1615,101013,Additional,2023-03-02,227.89
1616,101013,Additional,2023-03-09,98.32
1617,101014,Initial,2025-03-02,1017.02
1618,101015,Initial,2022-10-30,9659.94
1619,101016,Initial,2023-06-22,1668.67
1620,101016,Additional,2023-09-23,127.02
1621,101017,Initial,2024-04-04,3240.2
1622,101018,Initial,2022-12-23,2340.24
1623,101018,Additional,2023-09-20,347.13
1624,101018,Additional,2023-09-07,282.27
1625,101019,Initial,2022-11-30,2259.98
1626,101020,Initial,2022-06-25,1278.19
1627,101020,Additional,2022-10-10,163.63
1628,101020,Additional,2022-09-17,314.97
1629,101021,Initial,2022-01-19,1776.39
1630,101021,Additional,2022-07-20,386.28
1631,101022,Initial,2023-08-29,3320.04
1632,101022,Additional,2023-10-05,638.13
1633,101023,Initial,2025-04-02,6885.39
1634,101024,Initial,2022-09-28,4587.7
1635,101024,Additional,2022-11-26,1128.52
1636,101025,Initial,2023-06-19,1224.3
1637,101025,Additional,2023-11-12,183.77
1638,101026,Initial,2025-02-15,5167.98
1639,101026,Additional,2025-08-14,309.5
1640,101026,Additional,2025-07-05,779.99
1641,101027,Initial,2024-07-27,3232.24
1642,101028,Initial,2022-01-19,1622.14
1643,101028,Additional,2022-09-27,103.53
1644,101029,Initial,2023-08-28,2659.49
1645,101029,Additional,2023-11-11,551.3
1646,101029,Additional,2024-02-12,486.87
1647,101030,Initial,2022-07-05,4276.06
1648,101031,Initial,2022-10-29,2786.49
1649,101032,Initial,2022-11-11,4307.5
1650,101032,Additional,2023-01-24,439.3
1651,101033,Initial,2024-01-22,1505.41
1652,101034,Initial,2022-09-15,9741.07
1653,101034,Additional,2022-10-04,725.14
1654,101035,Initial,2022-11-01,657.67
1655,101036,Initial,2022-09-28,3499.39
1656,101037,Initial,2023-03-13,4008.42
1657,101038,Initial,2024-03-06,4110.12
1658,101038,Additional,2024-10-05,439.51
1659,101039,Initial,2023-05-08,1625.48
1660,101040,Initial,2023-02-10,5428.49
1661,101040,Additional,2023-05-31,555.93
1662,101041,Initial,2023-09-20,2496.49
1663,101042,Initial,2024-01-13,977.73
1664,101042,Additional,2024-06-07,197.37
1665,101043,Initial,2022-01-31,1080.19
1666,101043,Additional,2022-05-10,185.53
1667,101043,Additional,2022-09-09,192.52
1668,101044,Initial,2024-12-05,2465.28
1669,101045,Initial,2025-01-08,897.97
1670,101046,Initial,2024-01-12,10987.32
1671,101046,Additional,2024-03-24,2057.41
1672,101047,Initial,2023-11-30,5264.46
1673,101047,Additional,2024-03-03,517.21
1674,101047,Additional,2024-02-27,440.27
1675,101048,Initial,2024-04-28,10499.85
1676,101048,Additional,2024-06-10,2224.47
1677,101049,Initial,2023-06-15,9602.56
1678,101049,Additional,2024-03-30,1783.3
1679,101049,Additional,2024-01-16,1452.19
1680,101050,Initial,2023-04-01,2065.93
1681,101051,Initial,2023-02-28,1592.08
1682,101051,Additional,2023-08-12,152.71
1683,101051,Additional,2023-12-24,137.93
1684,101052,Initial,2022-07-26,371.56
1685,101053,Initial,2024-10-23,2219.28
1686,101054,Initial,2023-01-30,10625.83
1687,101055,Initial,2022-12-18,1406.5
1688,101056,Initial,2025-03-06,2656.78
1689,101057,Initial,2023-09-01,1906.79
1690,101058,Initial,2024-01-29,4061.56
1691,101059,Initial,2022-11-09,6955.22
1692,101059,Additional,2023-06-22,673.82
1693,101060,Initial,2022-12-11,936.55
1694,101061,Initial,2024-06-12,1013.91
1695,101062,Initial,2023-06-28,7597.3
1696,101063,Initial,2022-07-06,4891.6
1697,101064,Initial,2024-10-02,1767.05
1698,101065,Initial,2023-05-07,9704.19
1699,101065,Additional,2024-02-10,599.62
1700,101066,Initial,2024-03-17,777.96
1701,101066,Additional,2024-11-05,87.5
1702,101067,Initial,2023-02-28,5556.94
1703,101068,Initial,2023-11-23,2054.96
1704,101069,Initial,2024-07-25,3893.15
1705,101069,Additional,2025-01-06,283.93
1706,101069,Additional,2024-10-29,804.06
1707,101070,Initial,2024-12-14,510.0
1708,101070,Additional,2025-05-03,20.85
1709,101071,Initial,2022-09-25,2417.87
1710,101072,Initial,2024-03-28,4240.92
1711,101073,Initial,2025-01-08,2735.1
1712,101074,Initial,2024-02-12,5577.8
1713,101074,Additional,2024-07-06,520.73
1714,101075,Initial,2022-07-09,6530.28
1715,101076,Initial,2022-08-25,1217.0
1716,101077,Initial,2022-09-11,4632.69
1717,101078,Initial,2022-05-13,1179.16
1718,101079,Initial,2024-07-09,3075.19
1719,101079,Additional,2024-12-14,445.82
1720,101080,Initial,2025-03-04,4409.79
1721,101080,Additional,2025-09-22,457.34
1722,101081,Initial,2023-09-18,1314.31
1723,101082,Initial,2023-12-25,3988.95
1724,101082,Additional,2024-03-23,599.62
1725,101083,Initial,2024-07-20,1633.21
1726,101084,Initial,2023-06-01,1468.02
1727,101085,Initial,2023-08-01,4136.05
1728,101086,Initial,2023-12-18,1595.33
1729,101086,Additional,2024-04-09,136.84
1730,101087,Initial,2023-01-16,1405.9
1731,101087,Additional,2023-07-17,121.2
1732,101088,Initial,2022-03-28,4832.33
1733,101089,Initial,2023-11-27,3260.88
1734,101090,Initial,2024-09-18,796.52
1735,101090,Additional,2024-12-30,97.06
1736,101091,Initial,2022-04-01,5209.75
1737,101092,Initial,2022-09-23,1768.49
1738,101092,Additional,2023-04-16,347.82
1739,101092,Additional,2023-06-10,118.08
1740,101093,Initial,2022-11-18,1022.48
1741,101094,Initial,2024-08-26,438.16
1742,101094,Additional,2025-01-27,42.14
1743,101094,Additional,2025-03-02,85.51
1744,101095,Initial,2023-09-06,5629.9
1745,101096,Initial,2023-10-06,1398.84
1746,101097,Initial,2024-02-20,1012.49
1747,101098,Initial,2022-12-10,4989.51
1748,101098,Additional,2023-08-03,521.53
1749,101099,Initial,2024-05-07,4387.52
1750,101100,Initial,2022-02-12,1488.91
1751,101100,Additional,2022-03-17,106.09
1752,101101,Initial,2022-05-17,4491.99
1753,101102,Initial,2024-09-17,10086.3
1754,101103,Initial,2024-03-08,6171.86
1755,101103,Additional,2024-04-09,1627.47
1756,101104,Initial,2022-08-03,5786.18
1757,101105,Initial,2023-06-27,3692.4
1758,101105,Additional,2023-11-24,466.91
1759,101106,Initial,2022-03-07,2199.41
1760,101107,Initial,2024-03-17,2415.66
1761,101108,Initial,2024-07-09,3137.0
1762,101108,Additional,2025-03-24,778.71
1763,101109,Initial,2022-12-16,1195.95
1764,101109,Additional,2023-05-18,180.26
1765,101110,Initial,2023-03-12,1402.61
1766,101110,Additional,2023-09-20,267.52
1767,101110,Additional,2023-05-07,252.37
1768,101111,Initial,2022-10-16,1015.45
1769,101112,Initial,2023-05-01,3290.27
1770,101113,Initial,2022-12-06,2453.21
1771,101113,Additional,2023-09-03,235.22
1772,101114,Initial,2022-10-29,1389.3
1773,101114,Additional,2023-04-24,96.14
1774,101115,Initial,2023-06-07,5589.08
1775,101116,Initial,2024-11-11,1382.12
1776,101117,Initial,2024-07-13,1723.56
1777,101118,Initial,2023-01-04,5560.47
1778,101118,Additional,2023-04-02,615.72
1779,101119,Initial,2025-02-13,5968.07
1780,101119,Additional,2025-04-25,310.61
1781,101120,Initial,2022-09-24,1617.33
1782,101121,Initial,2025-01-01,3320.05
1783,101122,Initial,2023-01-25,1623.31
1784,101123,Initial,2023-10-24,2506.08
1785,101124,Initial,2022-09-13,3043.42
1786,101125,Initial,2024-07-07,4489.55
1787,101125,Additional,2025-01-27,856.66
1788,101125,Additional,2025-02-07,209.83
1789,101126,Initial,2023-01-23,3272.4
1790,101126,Additional,2023-04-09,226.6
1791,101127,Initial,2024-12-02,3814.14
1792,101128,Initial,2022-04-13,1324.99
1793,101129,Initial,2023-09-11,2897.05
1794,101129,Additional,2024-02-19,309.12
1795,101129,Additional,2024-04-01,402.5
1796,101130,Initial,2022-07-14,4071.1
1797,101131,Initial,2024-12-10,4569.89
1798,101131,Additional,2025-05-10,720.78
1799,101131,Additional,2025-03-05,731.2
1800,101132,Initial,2023-05-25,1423.01
1801,101133,Initial,2024-04-08,5245.06
1802,101134,Initial,2024-11-24,934.38
1803,101135,Initial,2023-10-23,1715.24
1804,101135,Additional,2024-03-27,151.95
1805,101136,Initial,2022-03-26,2377.99
1806,101136,Additional,2022-04-13,288.15
1807,101136,Additional,2022-10-02,271.65
1808,101137,Initial,2022-10-05,1013.03
1809,101138,Initial,2022-09-27,2016.73
1810,101138,Additional,2023-07-04,279.11
1811,101139,Initial,2025-01-06,3504.45
1812,101139,Additional,2025-03-13,379.35
1813,101140,Initial,2025-01-04,626.16
1814,101140,Additional,2025-09-29,139.11
1815,101141,Initial,2023-08-10,2059.67
1816,101141,Additional,2023-12-05,113.41
1817,101142,Initial,2024-12-15,804.24
1818,101142,Additional,2025-01-10,120.37
1819,101143,Initial,2022-11-01,10305.04
1820,101144,Initial,2024-03-28,2858.96
1821,101144,Additional,2024-10-29,227.67
1822,101145,Initial,2023-04-24,2636.25
1823,101146,Initial,2022-10-30,2854.05
1824,101146,Additional,2023-07-05,655.31
1825,101147,Initial,2022-11-13,4000.12
1826,101148,Initial,2023-05-23,5478.87
1827,101149,Initial,2023-02-16,664.16
1828,101150,Initial,2022-09-23,7198.72
1829,101150,Additional,2023-03-08,1219.62
1830,101151,Initial,2023-02-12,7225.29
1831,101152,Initial,2022-06-15,2129.41
1832,101153,Initial,2025-03-15,2377.09
1833,101153,Additional,2025-06-27,445.17
1834,101154,Initial,2023-04-05,219.15
1835,101155,Initial,2022-05-19,1224.83
1836,101156,Initial,2023-11-28,3270.39
1837,101156,Additional,2024-08-14,472.91
1838,101157,Initial,2024-11-26,6419.67
1839,101157,Additional,2025-01-16,818.43
1840,101158,Initial,2023-03-27,5187.27
1841,101159,Initial,2024-10-14,2901.42
1842,101160,Initial,2024-01-19,12310.24
1843,101161,Initial,2024-06-14,5683.36
1844,101161,Additional,2024-11-23,1174.76
1845,101162,Initial,2023-01-08,1828.79
1846,101162,Additional,2023-07-13,399.97
1847,101163,Initial,2022-02-26,13272.45
1848,101164,Initial,2023-02-23,963.41
1849,101165,Initial,2025-02-02,808.77
1850,101165,Additional,2025-03-12,92.09
1851,101166,Initial,2024-08-18,1827.02
1852,101167,Initial,2024-08-13,1612.4
1853,101167,Additional,2025-01-19,156.71
1854,101168,Initial,2024-11-28,1870.88
1855,101169,Initial,2023-04-12,4940.66
1856,101170,Initial,2023-01-28,2565.62
1857,101171,Initial,2025-01-30,2288.86
1858,101172,Initial,2023-11-27,2965.35
1859,101172,Additional,2024-04-28,492.99
1860,101172,Additional,2024-03-10,335.61
1861,101173,Initial,2023-01-01,491.56
1862,101173,Additional,2023-07-25,60.45
1863,101173,Additional,2023-07-23,39.22
1864,101174,Initial,2022-12-07,979.92
1865,101174,Additional,2023-09-20,168.8
1866,101175,Initial,2024-12-02,2318.67
1867,101176,Initial,2022-03-20,1636.91
1868,101176,Additional,2022-11-30,299.14
1869,101177,Initial,2022-03-30,2236.23
1870,101177,Additional,2022-11-01,405.46
1871,101178,Initial,2024-06-16,8302.15
1872,101179,Initial,2022-01-17,2769.38
1873,101179,Additional,2022-02-16,390.81
1874,101180,Initial,2022-08-03,1107.25
1875,101180,Additional,2023-02-20,122.75
1876,101181,Initial,2025-04-14,1555.25
1877,101181,Additional,2025-07-24,139.32
1878,101182,Initial,2023-05-31,10888.0
1879,101182,Additional,2024-02-02,1073.22
1880,101182,Additional,2024-02-26,1195.56
1881,101183,Initial,2024-06-08,7280.29
1882,101184,Initial,2023-08-22,3524.05
1883,101184,Additional,2024-04-20,554.45
1884,101184,Additional,2023-11-17,525.7
1885,101185,Initial,2022-04-27,840.41
1886,101186,Initial,2022-08-22,3177.4
1887,101186,Additional,2022-12-31,514.21
1888,101187,Initial,2024-07-20,3372.45
1889,101187,Additional,2024-11-25,786.27
1890,101188,Initial,2022-04-30,2210.3
1891,101188,Additional,2022-10-17,555.94
1892,101189,Initial,2023-12-16,1523.55
1893,101189,Additional,2024-10-06,325.38
1894,101190,Initial,2023-02-23,1905.37
1895,101191,Initial,2023-04-07,1915.56
1896,101192,Initial,2025-03-01,1268.34
1897,101192,Additional,2025-05-19,232.67
1898,101193,Initial,2024-01-02,6040.53
1899,101194,Initial,2024-01-19,4541.67
1900,101194,Additional,2024-09-20,468.03
1901,101195,Initial,2023-03-14,2346.83
1902,101196,Initial,2023-04-13,3021.45
1903,101196,Additional,2023-08-21,552.83
1904,101196,Additional,2023-12-19,617.64
1905,101197,Initial,2024-04-11,3534.16
1906,101197,Additional,2024-05-04,199.07
1907,101198,Initial,2022-03-04,17919.16
1908,101199,Initial,2022-10-16,5168.99
1909,101200,Initial,2023-12-30,5215.99
1910,101200,Additional,2024-08-19,1024.12
1911,101201,Initial,2024-01-26,2681.14
1912,101201,Additional,2024-07-11,245.24
1913,101202,Initial,2022-04-24,1721.43
1914,101202,Additional,2022-05-23,316.66
1915,101203,Initial,2024-08-08,6812.03
1916,101204,Initial,2023-10-16,4279.11
1917,101205,Initial,2022-10-20,1570.39
1918,101205,Additional,2023-07-26,278.95
1919,101206,Initial,2024-07-05,4386.1
1920,101206,Additional,2025-02-06,701.51
1921,101207,Initial,2025-04-07,5057.15
1922,101208,Initial,2023-06-01,576.64
1923,101208,Additional,2024-02-29,91.65
1924,101208,Additional,2023-10-10,83.83
1925,101209,Initial,2022-12-22,1474.44
1926,101210,Initial,2023-01-10,3280.21
1927,101211,Initial,2023-12-22,717.55
1928,101211,Additional,2024-02-26,46.13
1929,101212,Initial,2022-03-08,827.21
1930,101212,Additional,2022-07-27,122.12
1931,101213,Initial,2023-08-22,2371.6
1932,101214,Initial,2022-02-14,3486.61
1933,101215,Initial,2022-02-18,4238.75
1934,101216,Initial,2023-06-14,9586.26
1935,101217,Initial,2024-06-25,2638.19
1936,101217,Additional,2024-10-28,111.31
1937,101218,Initial,2024-12-15,2296.72
1938,101218,Additional,2025-06-30,163.42
1939,101219,Initial,2022-05-05,1094.5
1940,101220,Initial,2022-11-06,1821.4
1941,101221,Initial,2023-05-28,4339.84
1942,101221,Additional,2023-09-10,455.48
1943,101222,Initial,2023-12-08,5193.35
1944,101222,Additional,2024-04-23,997.65
1945,101223,Initial,2025-04-13,3149.14
1946,101223,Additional,2025-06-13,419.85
1947,101224,Initial,2024-04-18,4393.64
1948,101224,Additional,2024-12-19,872.59
1949,101225,Initial,2023-10-27,6270.52
1950,101226,Initial,2022-03-18,2967.36
1951,101227,Initial,2022-04-09,6214.89
1952,101228,Initial,2022-07-22,1369.15
1953,101229,Initial,2024-03-17,2175.07
1954,101230,Initial,2023-02-02,1725.9
1955,101230,Additional,2023-08-02,219.01
1956,101231,Initial,2022-10-31,5198.3
1957,101231,Additional,2022-11-22,1001.65
1958,101232,Initial,2024-03-24,1048.6
1959,101233,Initial,2024-09-18,1827.38
1960,101233,Additional,2025-05-16,132.04
1961,101234,Initial,2023-06-25,563.34
1962,101234,Additional,2024-03-07,45.56
1963,101235,Initial,2024-12-13,4728.39
1964,101236,Initial,2024-06-14,6626.04
1965,101236,Additional,2024-06-30,677.66
1966,101237,Initial,2024-05-28,5774.91
1967,101237,Additional,2024-07-31,868.28
1968,101238,Initial,2024-11-26,3958.62
1969,101239,Initial,2022-08-16,5475.05
1970,101239,Additional,2022-11-03,652.31
1971,101240,Initial,2024-07-17,4151.42
1972,101240,Additional,2024-09-29,309.84
1973,101241,Initial,2025-03-12,3643.54
1974,101242,Initial,2025-04-13,4618.15
1975,101242,Additional,2025-05-20,779.44
1976,101242,Additional,2025-10-14,488.95
1977,101243,Initial,2023-12-12,1906.73
1978,101243,Additional,2024-08-18,129.95
1979,101244,Initial,2024-07-10,1947.97
1980,101245,Initial,2024-12-05,2342.36
1981,101245,Additional,2025-03-20,200.65
1982,101245,Additional,2025-03-03,566.82
1983,101246,Initial,2024-11-01,2400.95
1984,101247,Initial,2024-12-17,905.76
1985,101247,Additional,2025-01-23,129.7
1986,101247,Additional,2025-05-11,133.51
1987,101248,Initial,2024-09-25,1153.48
1988,101249,Initial,2023-04-05,3551.33
1989,101249,Additional,2023-07-07,207.74
1990,101250,Initial,2024-06-10,5525.26
1991,101251,Initial,2023-05-14,2498.84
1992,101251,Additional,2023-08-30,190.96
1993,101251,Additional,2023-11-15,512.28
1994,101252,Initial,2024-08-30,23953.33
1995,101252,Additional,2025-01-31,4563.52
1996,101252,Additional,2025-05-07,2411.58
1997,101253,Initial,2024-09-14,1208.77
1998,101253,Additional,2024-12-24,134.33
1999,101254,Initial,2025-02-02,3589.77
2000,101254,Additional,2025-03-18,214.89
2001,101255,Initial,2023-12-10,6517.18
2002,101255,Additional,2024-06-13,1422.72
2003,101256,Initial,2023-07-26,6210.01
2004,101257,Initial,2022-08-02,3713.64
2005,101257,Additional,2022-12-07,285.58
2006,101258,Initial,2024-02-21,6858.47
2007,101259,Initial,2023-11-19,3016.28
2008,101260,Initial,2023-09-18,8936.13
2009,101260,Additional,2024-02-23,2043.4
2010,101261,Initial,2024-03-28,7432.5
2011,101262,Initial,2024-10-19,1261.2
2012,101262,Additional,2025-05-06,239.24
2013,101263,Initial,2022-06-29,3911.15
2014,101263,Additional,2022-08-25,308.72
2015,101264,Initial,2023-06-06,923.98
2016,101265,Initial,2024-05-17,9093.68
2017,101266,Initial,2024-09-22,3330.84
2018,101267,Initial,2024-08-11,7337.32
2019,101267,Additional,2024-12-10,1286.09
2020,101267,Additional,2024-10-14,1364.78
2021,101268,Initial,2024-08-19,2442.48
2022,101268,Additional,2025-04-16,194.55
2023,101269,Initial,2024-10-24,732.25
2024,101269,Additional,2024-11-22,125.1
2025,101269,Additional,2024-12-23,143.71
2026,101270,Initial,2025-02-28,18605.59
2027,101271,Initial,2024-01-12,2770.46
2028,101271,Additional,2024-05-06,347.54
2029,101272,Initial,2022-11-05,1462.08
2030,101273,Initial,2023-11-13,6692.4
2031,101274,Initial,2024-05-20,13152.17
2032,101274,Additional,2024-12-08,1990.87
2033,101275,Initial,2022-05-12,2533.87
2034,101276,Initial,2024-07-16,2443.91
2035,101276,Additional,2024-11-27,91.77
2036,101277,Initial,2023-10-26,3339.54
2037,101278,Initial,2025-01-30,1102.93
2038,101279,Initial,2022-09-27,1355.06
2039,101279,Additional,2023-04-15,297.09
2040,101280,Initial,2025-01-04,9714.42
2041,101281,Initial,2023-06-23,2665.53
2042,101281,Additional,2023-09-25,436.71
2043,101281,Additional,2024-01-18,125.72
2044,101282,Initial,2023-12-02,1628.07
2045,101282,Additional,2024-05-23,214.46
2046,101283,Initial,2024-03-06,2004.66
2047,101283,Additional,2024-07-18,277.7
2048,101284,Initial,2023-12-01,6777.29
2049,101285,Initial,2025-01-05,553.24
2050,101286,Initial,2022-07-25,3143.67
2051,101287,Initial,2024-05-28,16815.05
2052,101288,Initial,2025-03-18,10365.86
2053,101289,Initial,2022-10-08,3908.31
2054,101289,Additional,2023-02-08,519.08
2055,101290,Initial,2022-11-17,7586.05
2056,101291,Initial,2023-07-25,5942.86
2057,101292,Initial,2024-05-20,2501.79
2058,101292,Additional,2025-01-19,260.58
2059,101293,Initial,2025-03-09,4807.72
2060,101294,Initial,2024-08-31,8350.21
2061,101295,Initial,2024-08-11,1212.08
2062,101296,Initial,2023-07-02,3305.95
2063,101296,Additional,2023-07-16,381.19
2064,101297,Initial,2024-02-14,3400.08
2065,101298,Initial,2022-09-26,2699.97
2066,101298,Additional,2023-04-05,405.35
2067,101299,Initial,2023-07-10,2179.01
2068,101299,Additional,2023-08-15,193.08
2069,101299,Additional,2024-05-03,298.81
2070,101300,Initial,2022-08-17,2817.39
2071,101301,Initial,2022-02-08,3008.2
2072,101302,Initial,2024-11-06,6758.34
2073,101302,Additional,2025-07-14,519.11
2074,101303,Initial,2024-09-08,4378.29
2075,101304,Initial,2023-09-17,2453.16
2076,101304,Additional,2024-03-23,99.98
2077,101305,Initial,2022-01-22,1155.37
2078,101306,Initial,2022-04-24,1756.36
2079,101306,Additional,2022-09-06,192.24
2080,101307,Initial,2022-05-22,2926.36
2081,101308,Initial,2024-05-27,1725.16
2082,101309,Initial,2022-09-18,5150.34
2083,101310,Initial,2022-11-04,4287.74
2084,101311,Initial,2024-11-05,6050.2
2085,101312,Initial,2024-11-25,1527.34
2086,101313,Initial,2024-07-22,1275.6
2087,101314,Initial,2023-01-16,5565.05
2088,101314,Additional,2023-10-21,1297.33
2089,101315,Initial,2023-12-03,3295.01
2090,101315,Additional,2024-06-12,386.29
2091,101316,Initial,2022-09-15,2425.11
2092,101316,Additional,2023-04-05,275.5
2093,101317,Initial,2024-11-01,4743.55
2094,101317,Additional,2025-01-06,600.28
2095,101318,Initial,2022-04-22,4384.64
2096,101318,Additional,2022-09-26,777.07
2097,101319,Initial,2024-06-28,961.98
2098,101320,Initial,2023-09-13,6365.64
2099,101321,Initial,2024-07-10,2130.34
2100,101322,Initial,2023-07-10,10739.9
2101,101323,Initial,2022-07-11,1077.77
2102,101323,Additional,2022-12-12,101.12
2103,101324,Initial,2024-07-03,2805.49
2104,101324,Additional,2024-09-26,700.95
2105,101325,Initial,2024-02-03,2403.37
2106,101326,Initial,2023-07-27,657.53
2107,101326,Additional,2023-10-30,68.82
2108,101327,Initial,2023-04-02,3593.05
2109,101328,Initial,2023-02-22,519.05
2110,101328,Additional,2023-10-02,36.03
2111,101329,Initial,2023-08-15,2452.56
2112,101329,Additional,2024-04-13,467.87
2113,101330,Initial,2022-11-14,6898.72
2114,101330,Additional,2023-02-08,727.35
2115,101330,Additional,2023-02-10,401.45
2116,101331,Initial,2022-12-09,1893.39
2117,101331,Additional,2023-05-26,214.28
2118,101331,Additional,2023-06-07,166.12
2119,101332,Initial,2022-12-08,1511.52
2120,101332,Additional,2023-01-30,197.27
2121,101333,Initial,2022-01-23,3904.99
2122,101333,Additional,2022-10-26,601.18
2123,101333,Additional,2022-04-20,833.71
2124,101334,Initial,2025-02-03,1871.59
2125,101335,Initial,2022-10-21,2083.17
2126,101335,Additional,2023-04-10,281.55
2127,101336,Initial,2022-07-25,7439.7
2128,101337,Initial,2022-07-04,989.87
2129,101338,Initial,2025-04-14,2048.86
2130,101339,Initial,2023-08-12,5240.89
2131,101340,Initial,2023-02-06,1036.67
2132,101341,Initial,2023-05-18,11057.94
2133,101342,Initial,2022-04-20,2109.98
2134,101342,Additional,2022-11-10,332.71
2135,101343,Initial,2023-01-15,5781.55
2136,101343,Additional,2023-09-20,521.92
2137,101344,Initial,2022-11-07,4811.3
2138,101344,Additional,2023-05-10,565.28
2139,101345,Initial,2024-08-28,2260.75
2140,101346,Initial,2022-03-15,1813.57
2141,101346,Additional,2022-06-23,333.48
2142,101347,Initial,2023-06-14,2714.12
2143,101348,Initial,2024-08-18,4797.06
2144,101348,Additional,2025-04-16,574.94
2145,101349,Initial,2024-09-28,1313.59
2146,101350,Initial,2023-09-08,931.73
2147,101351,Initial,2022-09-28,9204.96
2148,101352,Initial,2023-02-12,1676.58
2149,101352,Additional,2023-09-24,208.29
2150,101353,Initial,2022-10-01,3347.69
2151,101353,Additional,2022-11-01,664.62
2152,101354,Initial,2024-03-08,2606.34
2153,101354,Additional,2024-12-04,398.43
2154,101355,Initial,2022-12-19,2708.59
2155,101355,Additional,2023-03-24,246.76
2156,101356,Initial,2024-02-03,7107.17
2157,101357,Initial,2024-03-11,2041.03
2158,101358,Initial,2025-02-06,2142.85
2159,101358,Additional,2025-04-18,300.85
2160,101359,Initial,2023-03-23,2097.63
2161,101359,Additional,2024-01-12,380.73
2162,101360,Initial,2025-03-05,2096.99
2163,101360,Additional,2025-07-11,356.28
2164,101361,Initial,2023-05-09,1542.89
2165,101361,Additional,2023-09-02,329.29
2166,101361,Additional,2024-01-04,326.2
2167,101362,Initial,2024-04-04,2095.26
2168,101363,Initial,2024-03-18,9307.87
2169,101363,Additional,2024-04-18,1674.55
2170,101364,Initial,2024-09-17,4515.58
2171,101364,Additional,2025-02-23,549.55
2172,101364,Additional,2024-11-12,766.5
2173,101365,Initial,2023-08-05,1929.54
2174,101365,Additional,2023-10-22,440.34
2175,101366,Initial,2024-08-17,5116.96
2176,101367,Initial,2023-03-10,857.98
2177,101368,Initial,2023-08-18,7187.67
2178,101368,Additional,2024-03-19,716.21
2179,101368,Additional,2024-02-17,1088.97
2180,101369,Initial,2023-09-07,6210.45
2181,101369,Additional,2023-10-04,724.39
2182,101370,Initial,2024-04-27,11589.97
2183,101371,Initial,2024-01-22,6256.24
2184,101371,Additional,2024-08-12,1005.61
2185,101372,Initial,2022-04-08,3495.12
2186,101372,Additional,2023-01-10,376.14
2187,101373,Initial,2024-09-13,7651.51
2188,101374,Initial,2024-07-14,1413.67
2189,101375,Initial,2022-05-23,2318.34
2190,101375,Additional,2022-12-15,408.47
2191,101376,Initial,2025-03-05,2231.64
2192,101377,Initial,2024-03-22,8032.92
2193,101378,Initial,2022-04-26,1298.34
2194,101379,Initial,2023-08-20,1070.74
2195,101380,Initial,2024-10-14,3321.11
2196,101381,Initial,2022-12-20,3696.01
2197,101381,Additional,2023-08-03,761.51
2198,101382,Initial,2025-02-05,1831.42
2199,101383,Initial,2023-05-18,4326.92
2200,101383,Additional,2024-02-19,634.94
2201,101384,Initial,2022-10-10,8549.01
2202,101385,Initial,2023-03-10,5583.09
2203,101385,Additional,2023-09-22,1285.13
2204,101386,Initial,2023-09-26,3379.88
2205,101386,Additional,2024-03-11,218.37
2206,101387,Initial,2024-04-21,2387.53
2207,101387,Additional,2024-05-17,443.27
2208,101388,Initial,2025-01-23,10474.09
2209,101388,Additional,2025-04-09,928.64
2210,101389,Initial,2022-08-27,2989.57
2211,101389,Additional,2022-12-16,469.7
2212,101390,Initial,2025-03-04,5779.98
2213,101390,Additional,2025-07-24,533.48
2214,101391,Initial,2023-10-01,11153.45
2215,101391,Additional,2023-10-27,844.83
2216,101392,Initial,2022-06-20,4478.52
2217,101392,Additional,2023-01-09,328.97
2218,101393,Initial,2025-01-30,1276.41
2219,101393,Additional,2025-02-24,274.68
2220,101394,Initial,2023-02-24,903.72
2221,101395,Initial,2024-02-01,2123.82
2222,101396,Initial,2024-05-03,4957.34
2223,101397,Initial,2022-01-22,4288.22
2224,101397,Additional,2022-05-30,521.88
2225,101397,Additional,2022-10-31,820.91
2226,101398,Initial,2022-10-05,13001.46
2227,101398,Additional,2023-04-22,1777.05
2228,101399,Initial,2024-04-09,3622.76
2229,101399,Additional,2024-11-26,638.47
2230,101400,Initial,2023-01-28,2323.46
2231,101401,Initial,2022-01-15,950.27
2232,101402,Initial,2022-01-30,6811.07
2233,101403,Initial,2024-09-26,2226.49
2234,101403,Additional,2025-01-24,407.68
2235,101404,Initial,2022-07-08,847.31
2236,101405,Initial,2022-05-15,3064.62
2237,101406,Initial,2023-11-16,1024.78
2238,101407,Initial,2022-05-30,1676.18
2239,101407,Additional,2022-12-29,217.17
2240,101408,Initial,2024-02-23,2790.58
2241,101408,Additional,2024-04-26,547.09
2242,101409,Initial,2023-10-18,1515.76
2243,101409,Additional,2024-06-25,191.39
2244,101410,Initial,2024-02-23,1799.39
2245,101411,Initial,2023-08-28,1631.48
2246,101412,Initial,2024-08-06,1396.23
2247,101412,Additional,2025-04-24,193.82
2248,101412,Additional,2025-01-17,334.34
2249,101413,Initial,2024-02-15,1101.53
2250,101413,Additional,2024-08-30,120.53
2251,101414,Initial,2023-06-02,1703.41
2252,101415,Initial,2022-02-05,1174.15
2253,101416,Initial,2022-12-02,4549.91
2254,101417,Initial,2022-06-16,2972.36
2255,101418,Initial,2022-01-29,7006.52
2256,101419,Initial,2022-12-11,11698.07
2257,101419,Additional,2023-01-28,1967.06
2258,101420,Initial,2022-09-16,3583.06
2259,101420,Additional,2023-01-01,667.13
2260,101421,Initial,2022-04-15,3389.63
2261,101422,Initial,2023-01-24,4057.22
2262,101423,Initial,2023-09-04,3381.57
2263,101424,Initial,2022-08-15,2499.96
2264,101425,Initial,2022-12-13,2427.82
2265,101425,Additional,2023-04-07,323.63
2266,101426,Initial,2022-01-25,1246.66
2267,101427,Initial,2022-03-14,5076.57
2268,101428,Initial,2022-07-11,2278.67
2269,101429,Initial,2023-07-01,8365.14
2270,101430,Initial,2024-03-14,4397.39
2271,101430,Additional,2024-09-24,725.38
2272,101431,Initial,2024-08-20,1669.8
2273,101431,Additional,2025-01-03,136.32
2274,101431,Additional,2025-03-22,195.4
2275,101432,Initial,2024-02-08,6401.23
2276,101432,Additional,2024-09-09,1202.86
2277,101432,Additional,2024-10-29,667.31
2278,101433,Initial,2024-01-21,345.21
2279,101433,Additional,2024-04-09,43.63
2280,101434,Initial,2025-01-31,9196.47
2281,101434,Additional,2025-04-05,586.03
2282,101434,Additional,2025-05-25,820.66
2283,101435,Initial,2022-11-13,963.74
2284,101435,Additional,2023-01-24,76.93
2285,101436,Initial,2024-08-23,3370.04
2286,101437,Initial,2025-02-02,3824.71
2287,101438,Initial,2023-11-17,6573.92
2288,101439,Initial,2024-10-13,1858.95
2289,101439,Additional,2025-01-31,223.47
2290,101440,Initial,2022-06-25,589.08
2291,101441,Initial,2024-12-08,1979.65
2292,101442,Initial,2023-11-16,2187.35
2293,101442,Additional,2024-05-22,329.11
2294,101443,Initial,2022-10-06,476.82
2295,101444,Initial,2022-03-19,2990.22
2296,101444,Additional,2022-08-14,404.14
2297,101445,Initial,2024-05-23,1160.55
2298,101445,Additional,2024-07-03,161.98
2299,101446,Initial,2023-06-21,3493.47
2300,101447,Initial,2023-01-12,2249.12
2301,101448,Initial,2023-04-17,12945.27
2302,101448,Additional,2024-01-24,917.6
2303,101448,Additional,2023-07-22,1495.27
2304,101449,Initial,2025-04-21,2327.65
2305,101450,Initial,2023-06-08,4095.48
2306,101450,Additional,2023-11-29,798.05
2307,101451,Initial,2022-04-20,2665.42
2308,101452,Initial,2022-12-12,815.06
2309,101452,Additional,2023-04-13,112.94
2310,101453,Initial,2022-07-02,2329.59
2311,101453,Additional,2022-12-15,485.16
2312,101454,Initial,2024-04-18,4452.55
2313,101454,Additional,2024-12-13,666.1
2314,101455,Initial,2024-08-28,3453.54
2315,101455,Additional,2025-02-23,722.82
2316,101456,Initial,2024-10-15,2433.73
2317,101456,Additional,2025-07-03,401.72
2318,101456,Additional,2025-07-13,272.66
2319,101457,Initial,2024-02-16,1021.15
2320,101457,Additional,2024-11-07,58.12
2321,101458,Initial,2024-07-12,3716.35
2322,101458,Additional,2024-12-15,562.02
2323,101459,Initial,2023-06-03,4015.96
2324,101460,Initial,2024-02-08,4278.02
2325,101460,Additional,2024-11-13,484.08
2326,101461,Initial,2022-05-27,2442.34
2327,101462,Initial,2023-10-09,767.64
2328,101462,Additional,2024-06-23,105.76
2329,101463,Initial,2023-11-07,4629.1
2330,101464,Initial,2022-02-17,2679.1
2331,101464,Additional,2022-07-04,581.56
2332,101465,Initial,2023-10-22,7317.82
2333,101465,Additional,2023-12-01,1517.71
2334,101466,Initial,2024-05-31,2421.58
2335,101466,Additional,2024-11-01,436.39
2336,101467,Initial,2023-04-04,2866.61
2337,101468,Initial,2023-10-16,4226.32
2338,101468,Additional,2024-03-16,261.52
2339,101468,Additional,2023-11-30,671.23
2340,101469,Initial,2022-12-16,1396.87
2341,101469,Additional,2023-08-31,159.03
2342,101469,Additional,2023-01-30,334.93
2343,101470,Initial,2022-12-10,1583.17
2344,101470,Additional,2023-05-25,207.35
2345,101470,Additional,2023-04-15,81.36
2346,101471,Initial,2022-06-18,2642.41
2347,101472,Initial,2023-02-01,1344.04
2348,101473,Initial,2024-08-28,2062.69
2349,101473,Additional,2025-05-15,208.18
2350,101473,Additional,2024-11-19,474.8
2351,101474,Initial,2025-02-12,10790.23
2352,101474,Additional,2025-11-06,1419.08
2353,101474,Additional,2025-03-30,1238.11
2354,101475,Initial,2024-02-04,5092.44
2355,101476,Initial,2024-01-22,3283.63
2356,101476,Additional,2024-05-29,309.23
2357,101477,Initial,2024-01-08,8200.09
2358,101478,Initial,2023-07-28,1570.35
2359,101478,Additional,2024-01-01,160.31
2360,101479,Initial,2023-06-03,16796.71
2361,101479,Additional,2023-08-04,1902.64
2362,101479,Additional,2024-01-02,1339.03
2363,101480,Initial,2024-01-16,1819.75
2364,101481,Initial,2024-08-09,12233.91
2365,101481,Additional,2025-04-12,796.81
2366,101482,Initial,2023-05-31,10002.32
2367,101482,Additional,2024-02-01,1530.83
2368,101482,Additional,2023-08-10,692.45
2369,101483,Initial,2023-11-30,760.56
2370,101483,Additional,2024-07-01,82.25
2371,101484,Initial,2023-07-19,6947.75
2372,101484,Additional,2024-03-18,878.95
2373,101485,Initial,2022-12-16,2402.66
2374,101485,Additional,2023-06-28,323.75
2375,101486,Initial,2022-12-16,1468.17
2376,101486,Additional,2023-02-16,377.61
2377,101487,Initial,2022-04-19,3917.69
2378,101488,Initial,2023-06-13,1222.45
2379,101488,Additional,2023-08-23,82.35
2380,101489,Initial,2024-05-04,4170.97
2381,101490,Initial,2024-04-06,1271.32
2382,101491,Initial,2025-04-11,2945.3
2383,101492,Initial,2022-03-03,6764.84
2384,101492,Additional,2022-11-20,300.14
2385,101493,Initial,2024-07-01,3039.12
2386,101493,Additional,2024-10-18,625.41
2387,101493,Additional,2025-02-03,539.83
2388,101494,Initial,2024-08-15,2335.88
2389,101494,Additional,2025-01-15,165.79
2390,101495,Initial,2023-06-16,3849.47
2391,101495,Additional,2024-02-21,426.33
2392,101496,Initial,2022-12-10,975.29
2393,101496,Additional,2023-06-11,110.55
2394,101497,Initial,2023-03-14,1168.17
2395,101498,Initial,2024-04-02,2123.66
2396,101498,Additional,2024-10-05,328.0
2397,101498,Additional,2025-01-17,349.87
2398,101499,Initial,2024-11-09,4172.89
2399,101499,Additional,2025-01-24,766.06
2400,101499,Additional,2025-08-02,728.9
2401,101500,Initial,2024-02-12,3512.17
2402,101501,Initial,2023-09-12,4081.26
2403,101501,Additional,2024-06-15,759.87
2404,101501,Additional,2024-02-25,478.37
2405,101502,Initial,2024-03-12,2130.09
2406,101502,Additional,2024-06-26,455.57
2407,101502,Additional,2024-08-06,350.87
2408,101503,Initial,2022-04-12,1198.38
2409,101503,Additional,2022-05-20,246.18
2410,101503,Additional,2022-04-28,247.79
2411,101504,Initial,2024-01-09,6788.29
2412,101505,Initial,2022-03-04,1393.07
2413,101505,Additional,2022-08-22,185.66
2414,101506,Initial,2025-02-25,4045.04
2415,101507,Initial,2024-12-14,2530.45
2416,101508,Initial,2023-09-15,4770.01
2417,101509,Initial,2023-04-01,1488.7
2418,101509,Additional,2023-08-19,63.71
2419,101510,Initial,2024-06-11,5369.32
2420,101510,Additional,2024-11-18,558.64
2421,101511,Initial,2024-02-12,7142.84
2422,101512,Initial,2024-04-30,5932.79
2423,101513,Initial,2023-09-17,2721.17
2424,101513,Additional,2023-12-30,423.15
2425,101514,Initial,2022-10-24,1835.33
2426,101514,Additional,2023-04-29,75.99
2427,101515,Initial,2022-04-16,20561.78
2428,101515,Additional,2022-07-02,1950.69
2429,101516,Initial,2022-12-25,1166.97
2430,101516,Additional,2023-05-30,237.48
2431,101517,Initial,2023-10-11,4889.49
2432,101517,Additional,2024-01-10,888.36
2433,101518,Initial,2023-06-05,4007.63
2434,101519,Initial,2023-09-12,2168.78
2435,101519,Additional,2024-03-26,417.3
2436,101519,Additional,2023-11-13,311.06
2437,101520,Initial,2022-12-18,3096.69
2438,101520,Additional,2023-02-26,482.81
2439,101521,Initial,2025-02-01,1618.1
2440,101521,Additional,2025-11-23,156.9
2441,101521,Additional,2025-11-11,216.32
2442,101522,Initial,2023-04-03,3503.01
2443,101522,Additional,2023-07-21,272.57
2444,101522,Additional,2023-10-28,544.25
2445,101523,Initial,2024-10-22,3149.71
2446,101524,Initial,2023-04-29,17653.84
2447,101525,Initial,2023-07-04,5039.85
2448,101526,Initial,2023-12-26,3470.7
2449,101527,Initial,2022-12-01,3536.8
2450,101528,Initial,2022-10-07,11355.57
2451,101529,Initial,2023-04-13,1053.61
2452,101530,Initial,2024-08-31,2337.46
2453,101530,Additional,2025-01-30,219.67
2454,101531,Initial,2022-06-26,706.66
2455,101532,Initial,2023-06-29,4456.08
2456,101533,Initial,2024-03-28,4632.21
2457,101534,Initial,2024-05-12,1291.73
2458,101535,Initial,2023-06-25,9013.59
2459,101536,Initial,2022-04-15,1314.06
2460,101536,Additional,2022-09-28,197.39
2461,101536,Additional,2022-12-25,288.19
2462,101537,Initial,2022-01-29,2306.14
2463,101537,Additional,2022-04-11,338.73
2464,101538,Initial,2023-07-30,2902.45
2465,101538,Additional,2023-12-03,409.39
2466,101538,Additional,2023-11-16,584.97
2467,101539,Initial,2024-09-05,9235.27
2468,101539,Additional,2025-02-26,896.62
2469,101540,Initial,2022-02-08,1343.56
2470,101540,Additional,2022-04-26,224.73
2471,101541,Initial,2024-12-17,3677.71
2472,101541,Additional,2025-03-25,342.58
2473,101541,Additional,2025-07-20,340.43
2474,101542,Initial,2024-04-10,4986.58
2475,101542,Additional,2024-10-03,727.33
2476,101542,Additional,2024-06-26,521.98
2477,101543,Initial,2022-01-24,4580.13
2478,101543,Additional,2022-06-21,277.43
2479,101544,Initial,2023-03-03,3994.19
2480,101544,Additional,2023-10-31,407.99
2481,101544,Additional,2023-06-27,289.92
2482,101545,Initial,2022-09-22,4013.71
2483,101545,Additional,2023-03-24,573.6
2484,101546,Initial,2025-02-18,1918.28
2485,101546,Additional,2025-11-11,183.25
2486,101547,Initial,2023-11-15,9216.6
2487,101548,Initial,2023-01-28,2788.27
2488,101548,Additional,2023-04-05,369.74
2489,101548,Additional,2023-04-17,507.09
2490,101549,Initial,2022-12-03,2103.79
2491,101549,Additional,2023-05-26,426.85
2492,101550,Initial,2023-11-25,6645.27
2493,101550,Additional,2024-02-16,800.54
2494,101551,Initial,2022-01-13,1654.83
2495,101551,Additional,2022-07-23,221.27
2496,101552,Initial,2022-11-09,3737.59
2497,101552,Additional,2023-04-08,353.68
2498,101552,Additional,2023-07-22,668.47
2499,101553,Initial,2022-07-27,1394.98
2500,101553,Additional,2023-02-23,270.08
2501,101553,Additional,2023-03-27,66.1
2502,101554,Initial,2024-01-27,19256.48
2503,101554,Additional,2024-05-25,747.8
2504,101555,Initial,2024-03-16,16572.56
2505,101556,Initial,2023-07-21,2843.15
2506,101556,Additional,2023-12-04,107.14
2507,101557,Initial,2022-07-05,4390.02
2508,101558,Initial,2023-04-07,2456.81
2509,101558,Additional,2023-11-21,485.04
2510,101558,Additional,2023-09-28,315.69
2511,101559,Initial,2024-10-12,2342.81
2512,101560,Initial,2022-09-16,2879.44
2513,101561,Initial,2022-07-28,2854.44
2514,101562,Initial,2022-05-30,782.35
2515,101563,Initial,2024-09-14,2817.2
2516,101563,Additional,2025-06-19,381.27
2517,101564,Initial,2022-05-31,2180.03
2518,101564,Additional,2022-07-30,192.97
2519,101565,Initial,2023-12-01,3140.91
2520,101565,Additional,2024-09-12,629.76
2521,101566,Initial,2025-04-14,2117.32
2522,101566,Additional,2025-08-10,471.14
2523,101566,Additional,2026-01-26,430.57
2524,101567,Initial,2024-02-21,1837.15
2525,101567,Additional,2024-07-24,94.57
2526,101568,Initial,2023-05-14,5114.66
2527,101569,Initial,2022-09-06,3536.48
2528,101570,Initial,2022-01-06,8518.37
2529,101570,Additional,2022-08-19,514.0
2530,101570,Additional,2022-04-05,1473.99
2531,101571,Initial,2022-07-14,3350.76
2532,101572,Initial,2025-03-03,2398.92
2533,101573,Initial,2022-07-06,4577.43
2534,101574,Initial,2022-02-03,574.81
2535,101575,Initial,2024-09-12,15141.51
2536,101576,Initial,2023-05-27,3304.83
2537,101577,Initial,2023-03-13,15495.03
2538,101578,Initial,2024-05-26,1418.63
2539,101578,Additional,2025-01-09,116.29
2540,101579,Initial,2023-10-02,1123.87
2541,101580,Initial,2025-01-07,3534.34
2542,101580,Additional,2025-07-04,424.2
2543,101581,Initial,2023-07-22,3747.87
2544,101581,Additional,2023-12-24,300.36
2545,101582,Initial,2024-05-15,3449.75
2546,101583,Initial,2024-11-29,2532.44
2547,101584,Initial,2023-07-24,1342.95
2548,101585,Initial,2022-12-15,908.49
2549,101585,Additional,2023-01-09,171.61
2550,101585,Additional,2023-09-27,186.69
2551,101586,Initial,2025-04-03,2738.63
2552,101587,Initial,2022-10-05,845.16
2553,101587,Additional,2022-12-28,206.85
2554,101588,Initial,2022-03-01,1075.91
2555,101588,Additional,2022-07-18,112.7
2556,101589,Initial,2023-11-27,2321.66
2557,101589,Additional,2023-12-26,205.85
2558,101590,Initial,2025-04-01,4048.55
2559,101590,Additional,2025-08-28,507.16
2560,101591,Initial,2022-05-03,11205.38
2561,101591,Additional,2022-11-05,1821.99
2562,101591,Additional,2022-11-28,2451.4
2563,101592,Initial,2024-11-01,6175.57
2564,101592,Additional,2025-01-31,761.91
2565,101593,Initial,2024-10-03,6403.56
2566,101594,Initial,2025-02-01,4362.25
2567,101595,Initial,2023-06-07,2903.02
2568,101595,Additional,2023-08-07,282.54
2569,101596,Initial,2022-11-06,18087.66
2570,101597,Initial,2023-09-17,896.81
2571,101598,Initial,2022-06-23,2208.82
2572,101599,Initial,2024-10-26,1700.89
2573,101599,Additional,2025-06-07,237.35
2574,101600,Initial,2024-03-15,5039.26
2575,101600,Additional,2024-08-08,487.23
2576,101601,Initial,2023-08-20,1227.58
2577,101602,Initial,2023-09-12,5413.46
2578,101603,Initial,2024-05-11,3544.65
2579,101603,Additional,2024-12-20,581.86
2580,101604,Initial,2023-09-30,4090.29
2581,101605,Initial,2024-10-11,4598.92
2582,101606,Initial,2025-01-22,8363.44
2583,101606,Additional,2025-10-28,1309.16
2584,101607,Initial,2025-02-25,2595.12
2585,101608,Initial,2024-01-27,4076.38
2586,101608,Additional,2024-03-27,479.73
2587,101609,Initial,2024-06-18,1563.27
2588,101610,Initial,2023-01-26,1086.41
2589,101610,Additional,2023-04-20,135.41
2590,101610,Additional,2023-05-28,118.88
2591,101611,Initial,2022-02-26,9605.44
2592,101611,Additional,2022-08-04,1708.37
2593,101612,Initial,2023-05-07,1440.48
2594,101612,Additional,2023-12-18,69.38
2595,101613,Initial,2024-11-20,4410.94
2596,101614,Initial,2022-06-10,4311.31
2597,101614,Additional,2023-03-12,797.64
2598,101615,Initial,2023-10-26,5369.82
2599,101616,Initial,2022-08-24,687.05
2600,101616,Additional,2022-12-27,120.53
2601,101617,Initial,2023-06-02,4491.51
2602,101618,Initial,2022-06-25,2764.56
2603,101619,Initial,2024-06-17,1470.58
2604,101620,Initial,2024-09-07,2076.61
2605,101620,Additional,2025-01-28,218.59
2606,101621,Initial,2024-07-02,5160.08
2607,101622,Initial,2024-04-28,5247.03
2608,101623,Initial,2022-10-23,2449.12
2609,101624,Initial,2023-10-07,1081.11
2610,101624,Additional,2024-01-23,198.41
2611,101625,Initial,2022-05-12,1086.73
2612,101626,Initial,2023-04-10,4119.01
2613,101627,Initial,2023-09-09,911.63
2614,101627,Additional,2023-11-29,99.96
2615,101627,Additional,2023-11-13,105.23
2616,101628,Initial,2024-03-14,2019.49
2617,101629,Initial,2022-05-08,16988.09
2618,101630,Initial,2024-09-08,3271.2
2619,101630,Additional,2025-04-23,796.66
2620,101631,Initial,2023-07-05,4953.26
2621,101631,Additional,2024-01-18,676.93
2622,101632,Initial,2024-12-06,1193.14
2623,101632,Additional,2025-08-20,79.88
2624,101632,Additional,2025-04-29,190.22
2625,101633,Initial,2023-10-07,1210.72
2626,101633,Additional,2024-03-04,168.59
2627,101633,Additional,2023-12-02,177.0
2628,101634,Initial,2023-11-04,5207.24
2629,101634,Additional,2024-08-02,873.04
2630,101635,Initial,2024-04-11,2478.69
2631,101635,Additional,2024-12-20,334.95
2632,101636,Initial,2024-09-11,5866.72
2633,101637,Initial,2022-07-10,2666.89
2634,101637,Additional,2023-02-05,485.05
2635,101638,Initial,2023-09-14,36370.68
2636,101638,Additional,2024-06-23,6300.96
2637,101639,Initial,2022-02-22,1778.29
2638,101640,Initial,2023-08-06,3072.48
2639,101640,Additional,2024-05-16,594.22
2640,101641,Initial,2024-09-09,1686.69
2641,101641,Additional,2024-10-25,213.25
2642,101642,Initial,2024-11-05,5045.19
2643,101642,Additional,2025-01-09,1171.04
2644,101643,Initial,2022-12-17,3246.66
2645,101644,Initial,2023-04-12,1231.95
2646,101645,Initial,2023-11-05,1905.21
2647,101646,Initial,2023-04-27,9049.79
2648,101647,Initial,2022-08-10,7476.14
2649,101647,Additional,2022-12-17,430.25
2650,101647,Additional,2022-10-13,1044.39
2651,101648,Initial,2023-01-20,924.43
2652,101648,Additional,2023-09-29,64.0
2653,101649,Initial,2023-05-17,2281.4
2654,101650,Initial,2023-09-27,10118.99
2655,101650,Additional,2024-05-07,2293.56
2656,101651,Initial,2025-01-09,2388.74
2657,101651,Additional,2025-08-09,273.9
2658,101651,Additional,2025-02-17,141.65
2659,101652,Initial,2023-10-22,3493.0
2660,101653,Initial,2023-04-24,5490.61
2661,101653,Additional,2023-08-22,1020.09
2662,101654,Initial,2024-03-06,1028.9
2663,101654,Additional,2024-04-29,48.97
2664,101655,Initial,2024-07-20,1624.55
2665,101655,Additional,2024-12-01,137.54
2666,101656,Initial,2023-06-18,2339.27
2667,101656,Additional,2023-09-18,487.3
2668,101656,Additional,2023-12-14,279.05
2669,101657,Initial,2023-08-19,6071.05
2670,101658,Initial,2022-09-29,6437.17
2671,101659,Initial,2024-11-22,5486.21
2672,101660,Initial,2024-11-25,2686.73
2673,101660,Additional,2025-05-09,362.02
2674,101661,Initial,2022-08-16,6657.33
2675,101662,Initial,2023-03-04,2506.55
2676,101663,Initial,2022-12-02,4853.88
2677,101663,Additional,2023-05-01,468.66
2678,101664,Initial,2025-01-20,5359.24
2679,101665,Initial,2022-04-05,10249.17
2680,101665,Additional,2022-07-17,2145.8
2681,101666,Initial,2022-09-14,2746.62
2682,101666,Additional,2023-04-16,200.13
2683,101666,Additional,2023-06-19,199.0
2684,101667,Initial,2023-01-14,2117.41
2685,101668,Initial,2023-11-21,7674.12
2686,101669,Initial,2022-11-04,7624.2
2687,101670,Initial,2023-10-11,1916.48
2688,101671,Initial,2024-06-20,1038.34
2689,101671,Additional,2024-10-22,104.03
2690,101672,Initial,2024-10-04,7926.42
2691,101673,Initial,2022-05-17,715.17
2692,101674,Initial,2022-06-28,893.04
2693,101674,Additional,2022-10-09,90.1
2694,101675,Initial,2022-04-30,2505.6
2695,101675,Additional,2022-10-13,150.31
2696,101676,Initial,2025-01-11,2668.86
2697,101676,Additional,2025-04-26,549.36
2698,101676,Additional,2025-04-10,242.94
2699,101677,Initial,2024-02-28,1144.64
2700,101678,Initial,2023-10-16,2898.01
2701,101678,Additional,2024-06-07,136.27
2702,101679,Initial,2024-08-08,3535.06
2703,101679,Additional,2025-03-17,457.21
2704,101680,Initial,2023-12-09,1860.15
2705,101680,Additional,2024-02-07,211.55
2706,101681,Initial,2022-10-29,10064.78
2707,101682,Initial,2023-09-08,4125.66
2708,101682,Additional,2023-11-29,426.66
2709,101682,Additional,2023-10-29,243.24
2710,101683,Initial,2024-04-24,5745.52
2711,101683,Additional,2024-05-30,1312.23
2712,101683,Additional,2024-10-22,366.55
2713,101684,Initial,2022-02-28,869.82
2714,101685,Initial,2024-01-06,738.84
2715,101686,Initial,2023-09-06,3542.74
2716,101687,Initial,2022-04-08,8659.43
2717,101688,Initial,2022-11-22,1322.61
2718,101689,Initial,2023-07-06,3337.83
2719,101689,Additional,2024-04-12,194.83
2720,101690,Initial,2023-02-21,1229.09
2721,101691,Initial,2022-12-28,1385.7
2722,101692,Initial,2024-02-28,3379.57
2723,101692,Additional,2024-11-04,571.67
2724,101693,Initial,2023-05-13,1954.01
2725,101694,Initial,2023-09-01,1130.67
2726,101695,Initial,2024-08-17,1153.39
2727,101695,Additional,2025-03-11,129.17
2728,101695,Additional,2025-01-26,57.83
2729,101696,Initial,2022-04-27,678.92
2730,101697,Initial,2023-03-08,3652.66
2731,101697,Additional,2023-06-11,825.51
2732,101697,Additional,2023-12-25,705.67
2733,101698,Initial,2022-04-11,3800.99
2734,101699,Initial,2025-01-17,3798.09
2735,101699,Additional,2025-08-02,440.11
2736,101700,Initial,2022-08-28,1269.77
2737,101701,Initial,2024-09-12,6149.06
2738,101702,Initial,2022-08-29,4774.75
2739,101702,Additional,2022-11-09,255.3
2740,101703,Initial,2023-02-02,3066.12
2741,101704,Initial,2024-01-17,2268.09
2742,101704,Additional,2024-04-13,516.27
2743,101705,Initial,2024-09-27,1504.24
2744,101705,Additional,2025-06-05,139.52
2745,101706,Initial,2022-08-17,3355.35
2746,101706,Additional,2023-05-25,459.9
2747,101706,Additional,2023-05-14,200.77
2748,101707,Initial,2022-09-15,8089.23
2749,101707,Additional,2023-06-13,974.34
2750,101708,Initial,2024-12-07,6854.97
2751,101709,Initial,2023-02-07,2505.36
2752,101710,Initial,2022-09-10,4413.44
2753,101711,Initial,2024-06-24,1032.67
2754,101711,Additional,2025-03-31,219.09
2755,101711,Additional,2025-01-06,80.86
2756,101712,Initial,2022-04-25,4104.38
2757,101713,Initial,2024-11-14,1662.68
2758,101713,Additional,2025-01-19,66.52
2759,101714,Initial,2024-12-05,4495.54
2760,101715,Initial,2024-10-25,21960.64
2761,101715,Additional,2025-02-20,3842.73
2762,101715,Additional,2025-05-17,2279.79
2763,101716,Initial,2023-01-08,1862.87
2764,101717,Initial,2022-05-31,25214.97
2765,101717,Additional,2022-07-21,5134.46
2766,101718,Initial,2023-06-14,3791.21
2767,101719,Initial,2023-02-20,1349.57
2768,101720,Initial,2025-02-27,1375.44
2769,101720,Additional,2025-06-29,197.48
2770,101721,Initial,2024-02-10,18278.69
2771,101722,Initial,2025-02-20,3119.98
2772,101722,Additional,2025-09-04,488.33
2773,101723,Initial,2024-07-08,1952.11
2774,101723,Additional,2024-08-31,365.84
2775,101724,Initial,2024-05-26,2216.63
2776,101725,Initial,2022-05-26,3434.82
2777,101726,Initial,2022-04-03,2689.46
2778,101726,Additional,2022-09-29,411.61
2779,101726,Additional,2022-07-18,99.65
2780,101727,Initial,2022-03-13,3197.97
2781,101727,Additional,2022-09-28,297.23
2782,101728,Initial,2023-12-29,11565.14
2783,101729,Initial,2022-09-09,1149.84
2784,101730,Initial,2025-04-11,4020.34
2785,101730,Additional,2025-11-13,394.78
2786,101731,Initial,2022-06-09,2747.24
2787,101731,Additional,2022-08-18,210.76
2788,101732,Initial,2025-03-01,2083.53
2789,101732,Additional,2025-06-12,242.08
2790,101732,Additional,2025-05-14,127.06
2791,101733,Initial,2024-03-31,6880.51
2792,101733,Additional,2024-12-07,784.66
2793,101734,Initial,2022-05-24,842.58
2794,101735,Initial,2022-03-26,450.84
2795,101735,Additional,2022-06-16,79.9
2796,101736,Initial,2023-04-30,3405.69
2797,101737,Initial,2023-02-15,2138.45
2798,101738,Initial,2023-01-16,899.66
2799,101739,Initial,2023-09-27,721.29
2800,101740,Initial,2022-06-13,12275.16
2801,101741,Initial,2022-06-09,3521.02
2802,101742,Initial,2024-04-13,2781.44
2803,101742,Additional,2024-11-01,253.72
2804,101743,Initial,2025-04-11,12186.79
2805,101744,Initial,2022-12-02,6489.66
2806,101744,Additional,2023-05-28,1150.71
2807,101745,Initial,2025-01-28,10264.27
2808,101745,Additional,2025-04-11,1765.58
2809,101746,Initial,2023-02-20,1052.67
2810,101747,Initial,2023-02-20,991.42
2811,101747,Additional,2023-06-28,88.73
2812,101748,Initial,2022-04-25,4038.61
2813,101748,Additional,2022-07-15,825.98
2814,101749,Initial,2023-06-04,3901.47
2815,101750,Initial,2023-08-27,6949.04
2816,101751,Initial,2024-03-09,830.93
2817,101752,Initial,2022-07-20,5140.99
2818,101752,Additional,2022-11-28,561.12
2819,101753,Initial,2022-08-31,6016.85
2820,101754,Initial,2023-06-14,6165.8
2821,101754,Additional,2024-03-28,670.23
2822,101755,Initial,2022-04-07,1768.51
2823,101755,Additional,2022-07-22,222.64
2824,101756,Initial,2022-07-08,3559.16
2825,101756,Additional,2023-01-08,806.91
2826,101757,Initial,2024-02-13,1625.94
2827,101757,Additional,2024-09-29,198.85
2828,101758,Initial,2025-02-20,2163.2
2829,101758,Additional,2025-11-27,105.02
2830,101759,Initial,2023-12-02,1046.8
2831,101759,Additional,2024-08-15,152.04
2832,101760,Initial,2022-07-10,1342.17
2833,101761,Initial,2025-04-18,2242.04
2834,101762,Initial,2023-09-28,1901.53
2835,101762,Additional,2024-04-25,321.52
2836,101762,Additional,2023-12-14,149.92
2837,101763,Initial,2024-05-29,1524.04
2838,101763,Additional,2024-12-08,85.26
2839,101763,Additional,2024-11-03,208.77
2840,101764,Initial,2022-09-13,849.32
2841,101764,Additional,2022-10-21,123.47
2842,101764,Additional,2023-04-05,116.58
2843,101765,Initial,2023-12-02,12939.35
2844,101766,Initial,2022-04-20,1978.52
2845,101767,Initial,2024-02-03,3093.15
2846,101767,Additional,2024-07-18,357.77
2847,101768,Initial,2022-09-05,643.94
2848,101769,Initial,2024-12-30,6284.38
2849,101770,Initial,2022-03-17,3347.55
2850,101770,Additional,2022-06-22,249.41
2851,101770,Additional,2022-10-04,387.62
2852,101771,Initial,2024-02-26,1547.15
2853,101771,Additional,2024-12-12,190.5
2854,101772,Initial,2022-06-23,1835.91
2855,101772,Additional,2023-02-13,213.85
2856,101773,Initial,2024-04-05,4639.22
2857,101773,Additional,2025-01-05,1132.09
2858,101774,Initial,2023-08-18,268.69
2859,101775,Initial,2025-03-07,1657.27
2860,101775,Additional,2025-05-04,245.81
2861,101776,Initial,2024-03-05,2235.43
2862,101776,Additional,2024-10-17,167.84
2863,101777,Initial,2023-03-26,2197.64
2864,101778,Initial,2022-04-21,18848.82
2865,101778,Additional,2022-06-05,3299.5
2866,101779,Initial,2023-12-26,1931.36
2867,101780,Initial,2023-06-21,6150.23
2868,101781,Initial,2022-03-06,10905.32
2869,101781,Additional,2022-04-07,516.34
2870,101782,Initial,2023-12-11,3765.17
2871,101782,Additional,2024-06-12,759.84
2872,101783,Initial,2022-09-23,1329.9
2873,101783,Additional,2023-06-06,131.43
2874,101784,Initial,2022-10-18,1190.34
2875,101785,Initial,2022-01-15,4772.3
2876,101786,Initial,2023-03-26,9121.89
2877,101787,Initial,2022-09-28,4177.04
2878,101787,Additional,2023-07-09,862.21
2879,101788,Initial,2022-03-31,5873.05
2880,101789,Initial,2023-06-25,15196.54
2881,101790,Initial,2022-09-23,4468.79
2882,101791,Initial,2022-06-25,1175.24
2883,101792,Initial,2023-08-03,2437.3
2884,101793,Initial,2022-04-03,6883.06
2885,101793,Additional,2022-05-14,1454.42
2886,101794,Initial,2025-04-11,1926.27
2887,101794,Additional,2025-08-09,229.21
2888,101794,Additional,2025-06-27,124.37
2889,101795,Initial,2023-08-04,7002.94
2890,101795,Additional,2024-04-29,1082.2
2891,101795,Additional,2024-01-07,1363.79
2892,101796,Initial,2025-04-26,2560.53
2893,101796,Additional,2025-09-19,548.45
2894,101797,Initial,2024-11-26,2927.97
2895,101797,Additional,2025-04-16,573.62
2896,101798,Initial,2025-03-24,1875.85
2897,101798,Additional,2025-07-19,263.77
2898,101799,Initial,2023-10-31,3346.15
2899,101800,Initial,2023-05-23,3284.23
2900,101801,Initial,2024-05-25,766.74
2901,101802,Initial,2022-04-19,2174.52
2902,101803,Initial,2024-10-22,1180.47
2903,101803,Additional,2025-04-05,42.37
2904,101804,Initial,2023-01-31,2224.74
2905,101805,Initial,2022-01-16,1547.74
2906,101805,Additional,2022-07-10,185.31
2907,101806,Initial,2022-11-01,5591.92
2908,101807,Initial,2022-11-05,5021.2
2909,101808,Initial,2022-01-20,4362.56
2910,101808,Additional,2022-06-24,330.84
2911,101809,Initial,2024-03-30,1050.15
2912,101809,Additional,2024-12-01,159.81
2913,101810,Initial,2022-05-12,2612.74
2914,101811,Initial,2024-10-27,1005.19
2915,101812,Initial,2023-06-30,2263.43
2916,101813,Initial,2024-05-20,3521.53
2917,101813,Additional,2024-10-23,629.88
2918,101814,Initial,2023-02-14,5050.1
2919,101814,Additional,2023-04-14,746.72
2920,101815,Initial,2022-06-22,3742.26
2921,101815,Additional,2022-09-15,195.47
2922,101816,Initial,2022-08-17,6446.82
2923,101817,Initial,2024-03-03,3735.23
2924,101818,Initial,2024-05-26,1844.95
2925,101818,Additional,2024-07-23,153.17
2926,101819,Initial,2022-12-06,4651.31
2927,101820,Initial,2023-03-14,4314.01
2928,101821,Initial,2025-02-18,1732.88
2929,101821,Additional,2025-06-08,150.95
2930,101821,Additional,2025-08-28,134.08
2931,101822,Initial,2024-11-05,3646.27
2932,101822,Additional,2025-02-04,637.34
2933,101823,Initial,2023-05-23,2415.26
2934,101824,Initial,2022-11-04,503.0
2935,101825,Initial,2022-12-30,3969.26
2936,101825,Additional,2023-03-18,800.73
2937,101826,Initial,2023-10-16,866.43
2938,101826,Additional,2024-01-23,118.02
2939,101827,Initial,2023-11-21,3277.58
2940,101827,Additional,2024-02-08,557.25
2941,101827,Additional,2024-03-27,223.68
2942,101828,Initial,2022-08-09,915.37
2943,101829,Initial,2022-03-23,1755.41
2944,101829,Additional,2022-09-09,279.94
2945,101829,Additional,2022-07-06,315.22
2946,101830,Initial,2023-09-01,1958.6
2947,101831,Initial,2024-08-22,7044.96
2948,101832,Initial,2022-07-13,1805.25
2949,101833,Initial,2023-05-22,1134.71
2950,101834,Initial,2022-07-15,3420.82
2951,101834,Additional,2023-03-17,472.27
2952,101835,Initial,2022-11-05,2632.78
2953,101836,Initial,2024-01-24,4942.16
2954,101836,Additional,2024-04-24,620.56
2955,101837,Initial,2022-12-23,1038.68
2956,101837,Additional,2023-03-08,64.69
2957,101838,Initial,2022-11-13,2947.14
2958,101839,Initial,2025-04-26,18034.22
2959,101839,Additional,2025-11-06,1640.15
2960,101840,Initial,2022-07-28,1874.21
2961,101840,Additional,2023-02-18,362.16
2962,101840,Additional,2022-12-04,426.84
2963,101841,Initial,2022-08-29,2580.8
2964,101842,Initial,2025-01-22,833.24
2965,101843,Initial,2023-11-02,1464.41
2966,101843,Additional,2024-01-23,261.08
2967,101844,Initial,2022-03-07,3599.6
2968,101844,Additional,2022-05-18,318.21
2969,101845,Initial,2023-05-26,1786.47
2970,101846,Initial,2023-11-22,4622.54
2971,101847,Initial,2022-11-12,3251.43
2972,101847,Additional,2023-05-21,416.88
2973,101848,Initial,2023-10-31,959.57
2974,101849,Initial,2024-02-20,6620.32
2975,101850,Initial,2022-11-04,1064.24
2976,101851,Initial,2024-09-01,1630.42
2977,101851,Additional,2025-04-24,78.28
2978,101852,Initial,2023-07-07,2636.42
2979,101853,Initial,2025-03-10,9397.64
2980,101854,Initial,2022-04-21,1241.5
2981,101854,Additional,2022-11-29,74.83
2982,101855,Initial,2023-02-05,2426.22
2983,101856,Initial,2024-05-22,2652.46
2984,101857,Initial,2024-12-23,5035.3
2985,101858,Initial,2022-09-29,7218.72
2986,101859,Initial,2025-03-26,2112.23
2987,101860,Initial,2022-09-01,5645.13
2988,101860,Additional,2023-04-26,1093.36
2989,101861,Initial,2023-05-28,6039.64
2990,101861,Additional,2023-11-25,1081.72
2991,101862,Initial,2023-01-19,10379.49
2992,101862,Additional,2023-08-26,809.12
2993,101863,Initial,2023-06-04,3270.8
2994,101864,Initial,2024-12-19,3139.35
2995,101865,Initial,2024-06-16,1742.06
2996,101865,Additional,2025-02-28,255.79
2997,101865,Additional,2025-01-23,227.96
2998,101866,Initial,2024-08-18,869.11
2999,101867,Initial,2022-11-08,1744.04
3000,101868,Initial,2025-02-25,2569.26
3001,101868,Additional,2025-09-08,348.19
3002,101869,Initial,2023-06-13,2182.72
3003,101870,Initial,2024-03-09,4131.01
3004,101871,Initial,2024-04-24,989.31
3005,101871,Additional,2025-01-11,114.57
3006,101872,Initial,2024-03-22,2282.96
3007,101873,Initial,2024-01-04,11843.22
3008,101874,Initial,2023-08-06,6542.66
3009,101875,Initial,2024-02-24,3738.14
3010,101875,Additional,2024-04-21,168.61
3011,101875,Additional,2024-10-11,868.78
3012,101876,Initial,2024-12-23,3867.61
3013,101877,Initial,2023-04-30,1815.84
3014,101878,Initial,2023-09-09,592.16
3015,101879,Initial,2022-08-18,3836.61
3016,101880,Initial,2023-03-14,448.46
3017,101880,Additional,2023-12-06,92.97
3018,101881,Initial,2024-07-23,1967.5
3019,101881,Additional,2024-10-15,442.14
3020,101881,Additional,2025-04-21,313.09
3021,101882,Initial,2024-02-26,2744.39
3022,101883,Initial,2022-09-29,1682.09
3023,101883,Additional,2022-11-05,368.23
3024,101883,Additional,2022-10-26,110.41
3025,101884,Initial,2023-10-24,15356.71
3026,101884,Additional,2024-02-06,800.43
3027,101885,Initial,2024-09-17,9074.63
3028,101885,Additional,2025-04-20,1363.21
3029,101885,Additional,2024-10-25,471.58
3030,101886,Initial,2022-06-02,5102.42
3031,101886,Additional,2022-09-17,663.87
3032,101886,Additional,2023-03-10,1136.11
3033,101887,Initial,2022-03-30,1292.38
3034,101887,Additional,2022-04-21,51.86
3035,101887,Additional,2022-06-19,260.73
3036,101888,Initial,2023-04-25,10306.06
3037,101889,Initial,2024-03-14,3967.66
3038,101889,Additional,2024-09-30,359.18
3039,101890,Initial,2023-01-19,1313.74
3040,101890,Additional,2023-05-30,266.33
3041,101890,Additional,2023-03-06,199.28
3042,101891,Initial,2024-10-01,2574.57
3043,101892,Initial,2024-10-27,4491.32
3044,101893,Initial,2023-10-18,1909.16
3045,101894,Initial,2023-03-31,2391.7
3046,101894,Additional,2023-09-19,357.74
3047,101895,Initial,2022-02-22,3765.23
3048,101896,Initial,2024-09-24,1249.06
3049,101897,Initial,2024-12-11,2425.53
3050,101897,Additional,2025-03-25,248.22
3051,101898,Initial,2023-06-23,1038.74
3052,101899,Initial,2023-09-24,5310.71
3053,101899,Additional,2024-01-12,229.04
3054,101900,Initial,2024-06-27,1434.09
3055,101901,Initial,2024-04-21,3239.11
3056,101902,Initial,2022-06-12,988.17
3057,101902,Additional,2023-02-13,134.84
3058,101902,Additional,2022-12-04,116.78
3059,101903,Initial,2024-04-05,1201.79
3060,101904,Initial,2025-01-29,1173.37
3061,101905,Initial,2024-06-20,1748.66
3062,101906,Initial,2023-08-01,2768.64
3063,101907,Initial,2023-10-06,2925.9
3064,101908,Initial,2022-11-10,656.7
3065,101908,Additional,2023-02-26,98.6
3066,101909,Initial,2024-03-04,2213.52
3067,101910,Initial,2022-10-27,1316.66
3068,101911,Initial,2023-02-22,3925.18
3069,101911,Additional,2023-03-31,500.77
3070,101912,Initial,2022-11-16,1796.62
3071,101912,Additional,2023-02-26,361.75
3072,101912,Additional,2023-06-10,450.07
3073,101913,Initial,2023-02-16,2519.15
3074,101913,Additional,2023-03-28,168.49
3075,101914,Initial,2023-03-30,1601.35
3076,101915,Initial,2022-04-18,8006.5
3077,101916,Initial,2024-05-25,1042.12
3078,101917,Initial,2023-06-17,1862.23
3079,101917,Additional,2023-10-20,360.31
3080,101918,Initial,2025-02-26,2777.11
3081,101919,Initial,2022-08-14,1958.41
3082,101920,Initial,2024-03-15,1686.79
3083,101921,Initial,2022-08-17,551.07
3084,101922,Initial,2023-10-29,1526.31
3085,101922,Additional,2024-02-02,297.06
3086,101923,Initial,2023-08-27,1474.2
3087,101924,Initial,2023-07-01,9848.1
3088,101925,Initial,2024-03-13,16023.37
3089,101925,Additional,2024-03-30,2279.37
3090,101925,Additional,2024-05-09,1244.81
3091,101926,Initial,2024-09-24,2708.3
3092,101927,Initial,2023-02-02,859.15
3093,101928,Initial,2024-10-30,4450.3
3094,101929,Initial,2022-08-25,1271.41
3095,101929,Additional,2023-05-25,169.45
3096,101930,Initial,2022-12-31,1488.55
3097,101931,Initial,2023-01-10,1846.08
3098,101932,Initial,2025-02-27,1779.68
3099,101932,Additional,2025-07-06,109.22
3100,101933,Initial,2022-06-02,1725.05
3101,101933,Additional,2022-11-17,288.74
3102,101934,Initial,2023-05-06,1065.66
3103,101934,Additional,2023-07-26,99.97
3104,101935,Initial,2023-05-27,1785.35
3105,101935,Additional,2023-06-25,316.19
3106,101935,Additional,2024-03-17,232.39
3107,101936,Initial,2024-08-29,5690.14
3108,101937,Initial,2023-08-22,2842.87
3109,101937,Additional,2024-05-19,374.52
3110,101938,Initial,2025-03-13,3064.92
3111,101938,Additional,2025-10-05,194.33
3112,101938,Additional,2025-06-27,473.07
3113,101939,Initial,2024-06-13,555.8
3114,101939,Additional,2024-12-30,26.47
3115,101940,Initial,2024-05-13,5231.87
3116,101941,Initial,2024-07-09,1505.78
3117,101942,Initial,2022-07-28,5808.0
3118,101942,Additional,2022-11-29,752.07
3119,101943,Initial,2023-07-10,3077.69
3120,101943,Additional,2023-11-19,210.13
3121,101944,Initial,2023-12-11,1484.53
3122,101944,Additional,2024-04-23,291.71
3123,101944,Additional,2024-08-29,264.63
3124,101945,Initial,2022-09-15,691.31
3125,101945,Additional,2022-10-14,88.02
3126,101945,Additional,2023-04-17,141.87
3127,101946,Initial,2022-05-30,14262.42
3128,101947,Initial,2022-06-16,3952.9
3129,101947,Additional,2022-10-07,933.91
3130,101947,Additional,2022-10-29,986.05
3131,101948,Initial,2024-08-23,4381.08
3132,101949,Initial,2024-02-28,11793.67
3133,101950,Initial,2022-12-20,2612.96
3134,101951,Initial,2024-06-06,7257.69
3135,101952,Initial,2024-04-16,2051.77
3136,101953,Initial,2024-09-25,5323.52
3137,101953,Additional,2025-04-14,933.17
3138,101954,Initial,2024-12-29,1848.82
3139,101954,Additional,2025-09-23,73.4
3140,101955,Initial,2024-12-09,1631.23
3141,101955,Additional,2025-08-09,279.73
3142,101956,Initial,2022-08-15,2327.86
3143,101956,Additional,2023-05-07,184.72
3144,101956,Additional,2023-04-17,472.02
3145,101957,Initial,2024-07-13,854.29
3146,101957,Additional,2025-01-04,214.47
3147,101957,Additional,2024-09-09,66.15
3148,101958,Initial,2023-04-20,2935.97
3149,101958,Additional,2023-07-06,228.24
3150,101959,Initial,2023-04-30,1999.98
3151,101959,Additional,2023-10-02,198.77
3152,101959,Additional,2023-12-10,134.52
3153,101960,Initial,2024-02-22,620.56
3154,101960,Additional,2024-08-20,102.01
3155,101960,Additional,2024-09-09,35.7
3156,101961,Initial,2024-01-01,1519.64
3157,101962,Initial,2023-06-05,2394.24
3158,101962,Additional,2023-10-19,85.35
3159,101963,Initial,2025-05-01,5708.56
3160,101963,Additional,2026-01-09,296.28
3161,101964,Initial,2022-08-14,3724.42
3162,101965,Initial,2022-05-14,9092.76
3163,101965,Additional,2022-10-10,592.48
3164,101965,Additional,2022-09-10,785.35
3165,101966,Initial,2022-02-13,3890.43
3166,101966,Additional,2022-11-01,274.22
3167,101967,Initial,2024-09-22,1772.92
3168,101968,Initial,2023-05-13,2725.82
3169,101968,Additional,2023-10-22,224.73
3170,101969,Initial,2023-06-15,2325.71
3171,101970,Initial,2024-03-02,3720.62
3172,101970,Additional,2024-12-07,640.56
3173,101971,Initial,2023-06-21,2553.94
3174,101971,Additional,2023-12-23,316.08
3175,101972,Initial,2023-11-26,1358.76
3176,101973,Initial,2022-03-19,3100.41
3177,101973,Additional,2022-08-21,153.15
3178,101974,Initial,2022-07-13,3754.99
3179,101975,Initial,2025-02-02,1009.05
3180,101975,Additional,2025-11-01,261.05
3181,101975,Additional,2025-07-19,146.02
3182,101976,Initial,2023-07-11,3604.38
3183,101977,Initial,2022-07-28,678.71
3184,101978,Initial,2023-03-23,6935.87
3185,101978,Additional,2023-05-06,1339.62
3186,101979,Initial,2023-02-17,3304.21
3187,101980,Initial,2022-12-14,7642.54
3188,101981,Initial,2023-01-06,1011.21
3189,101982,Initial,2024-05-30,6877.03
3190,101983,Initial,2022-05-19,5801.58
3191,101984,Initial,2023-01-15,2388.87
3192,101985,Initial,2023-07-28,1947.18
3193,101986,Initial,2023-10-29,1073.2
3194,101987,Initial,2024-12-04,797.6
3195,101987,Additional,2025-02-06,169.73
3196,101988,Initial,2025-01-29,1711.6
3197,101989,Initial,2023-01-05,991.95
3198,101989,Additional,2023-06-29,130.13
3199,101990,Initial,2023-10-21,10342.02
3200,101991,Initial,2022-02-08,948.42
3201,101992,Initial,2024-01-22,3428.55
3202,101992,Additional,2024-05-11,456.03
3203,101993,Initial,2022-07-16,3100.42
3204,101994,Initial,2022-04-12,3292.49
3205,101995,Initial,2024-03-30,4108.55
3206,101996,Initial,2022-08-19,5987.98
3207,101996,Additional,2022-11-20,298.76
3208,101996,Additional,2023-05-28,205.56
3209,101997,Initial,2023-07-29,2128.59
3210,101997,Additional,2024-01-23,190.32
3211,101997,Additional,2024-02-12,198.37
3212,101998,Initial,2022-05-18,3036.8
3213,101998,Additional,2022-09-17,445.59
3214,101999,Initial,2024-06-26,1756.16
3215,102000,Initial,2024-07-15,6163.83
3216,102000,Additional,2024-09-21,780.36
3217,102001,Initial,2023-12-07,12680.01
3218,102001,Additional,2024-01-14,501.89
3219,102002,Initial,2024-10-06,908.22
3220,102003,Initial,2023-06-25,637.72
3221,102004,Initial,2022-08-12,4456.97
3222,102005,Initial,2022-07-02,5840.6
3223,102005,Additional,2022-10-22,1142.8
3224,102006,Initial,2022-09-25,12118.22
3225,102007,Initial,2022-09-10,5091.13
3226,102008,Initial,2023-02-10,6324.89
3227,102008,Additional,2023-07-10,1520.65
3228,102009,Initial,2022-09-27,9020.36
3229,102009,Additional,2023-05-25,857.65
3230,102010,Initial,2023-12-30,8938.27
3231,102010,Additional,2024-04-13,1563.83
3232,102010,Additional,2024-09-17,392.1
3233,102011,Initial,2022-07-04,5885.8
3234,102012,Initial,2024-01-21,958.57
3235,102013,Initial,2023-02-05,2558.62
3236,102014,Initial,2024-04-14,3126.81
3237,102015,Initial,2023-09-27,2605.67
3238,102015,Additional,2024-03-12,451.17
3239,102016,Initial,2025-01-02,2721.73
3240,102017,Initial,2023-06-16,8430.94
3241,102018,Initial,2022-12-29,1715.05
3242,102018,Additional,2023-02-13,64.92
3243,102018,Additional,2023-07-09,260.43
3244,102019,Initial,2023-12-13,5527.25
3245,102019,Additional,2024-04-21,202.46
3246,102020,Initial,2024-03-01,3470.85
3247,102021,Initial,2023-06-17,1132.95
3248,102021,Additional,2024-03-29,54.76
3249,102022,Initial,2023-11-17,1171.27
3250,102022,Additional,2024-01-14,50.4
3251,102023,Initial,2023-08-04,700.12
3252,102023,Additional,2023-10-22,38.37
3253,102023,Additional,2023-10-30,126.9
3254,102024,Initial,2023-01-12,4243.7
3255,102025,Initial,2023-01-28,2848.37
3256,102026,Initial,2025-01-12,1281.87
3257,102026,Additional,2025-08-10,168.69
3258,102026,Additional,2025-09-05,277.3
3259,102027,Initial,2024-03-24,599.57
3260,102028,Initial,2022-04-28,3771.67
3261,102029,Initial,2025-03-15,2519.05
3262,102029,Additional,2025-08-25,131.85
3263,102030,Initial,2024-05-05,1507.91
3264,102031,Initial,2022-03-02,1198.18
3265,102031,Additional,2022-08-16,139.13
3266,102031,Additional,2022-06-13,208.82
3267,102032,Initial,2024-05-24,2371.92
3268,102033,Initial,2023-12-18,3470.75
3269,102034,Initial,2025-01-13,1951.72
3270,102034,Additional,2025-03-19,422.36
3271,102035,Initial,2023-08-17,981.21
3272,102035,Additional,2023-11-14,155.64
3273,102035,Additional,2024-01-14,188.42
3274,102036,Initial,2023-10-02,2679.25
3275,102036,Additional,2024-02-04,277.68
3276,102037,Initial,2023-01-31,6214.85
3277,102038,Initial,2023-01-27,2813.38
3278,102038,Additional,2023-03-17,146.93
3279,102039,Initial,2024-01-20,2906.74
3280,102039,Additional,2024-06-13,441.62
3281,102040,Initial,2024-10-05,1871.15
3282,102041,Initial,2024-12-10,1385.99
3283,102041,Additional,2025-06-25,139.94
3284,102041,Additional,2025-06-11,284.64
3285,102042,Initial,2024-07-29,1426.82
3286,102043,Initial,2024-01-08,865.48
3287,102044,Initial,2023-09-06,5797.5
3288,102045,Initial,2023-02-22,3842.97
3289,102045,Additional,2023-12-05,817.38
3290,102045,Additional,2023-08-26,759.36
3291,102046,Initial,2024-07-14,3135.13
3292,102046,Additional,2025-04-22,578.19
3293,102047,Initial,2023-01-19,2956.03
3294,102048,Initial,2022-11-21,3603.01
3295,102048,Additional,2023-05-29,761.06
3296,102048,Additional,2023-08-05,657.25
3297,102049,Initial,2024-11-25,1529.97
3298,102049,Additional,2025-04-08,63.44
3299,102050,Initial,2023-12-20,2292.97
3300,102051,Initial,2023-03-15,1940.76
3301,102051,Additional,2023-04-08,342.12
3302,102052,Initial,2024-11-20,15731.15
3303,102052,Additional,2025-01-02,1241.86
3304,102053,Initial,2025-03-08,5649.08
3305,102053,Additional,2025-08-02,1169.49
3306,102054,Initial,2023-01-17,3255.17
3307,102054,Additional,2023-10-20,646.96
3308,102055,Initial,2023-09-23,6441.44
3309,102056,Initial,2023-08-10,7682.59
3310,102057,Initial,2024-04-27,1109.77
3311,102058,Initial,2025-03-05,2337.16
3312,102059,Initial,2023-11-09,2381.81
3313,102060,Initial,2024-08-29,4352.24
3314,102061,Initial,2023-12-19,2027.6
3315,102061,Additional,2024-02-01,436.21
3316,102062,Initial,2024-12-10,2707.28
3317,102062,Additional,2025-05-12,431.43
3318,102062,Additional,2025-06-21,95.55
3319,102063,Initial,2023-05-08,1828.61
3320,102064,Initial,2023-04-13,6767.18
3321,102065,Initial,2023-06-02,779.22
3322,102065,Additional,2024-01-29,164.06
3323,102065,Additional,2023-11-06,56.65
3324,102066,Initial,2025-04-21,1844.82
3325,102066,Additional,2025-08-07,311.53
3326,102067,Initial,2024-01-20,596.78
3327,102067,Additional,2024-06-17,51.41
3328,102067,Additional,2024-03-07,127.56
3329,102068,Initial,2022-07-06,1200.8
3330,102069,Initial,2022-02-28,2774.69
3331,102070,Initial,2023-09-27,3724.04
3332,102070,Additional,2023-12-14,627.11
3333,102070,Additional,2023-11-27,666.77
3334,102071,Initial,2024-09-10,2254.89
3335,102072,Initial,2023-08-01,7080.78
3336,102073,Initial,2023-11-12,7539.53
3337,102074,Initial,2024-09-04,2648.03
3338,102074,Additional,2025-06-11,192.62
3339,102075,Initial,2023-09-14,2748.27
3340,102076,Initial,2025-01-02,1926.09
3341,102076,Additional,2025-03-06,302.02
3342,102077,Initial,2024-02-17,4115.76
3343,102078,Initial,2024-06-08,1131.94
3344,102079,Initial,2024-08-03,10740.2
3345,102080,Initial,2024-02-08,5426.37
3346,102081,Initial,2022-03-11,1166.31
3347,102082,Initial,2023-06-13,1651.37
3348,102083,Initial,2022-06-28,3117.81
3349,102083,Additional,2022-12-25,499.53
3350,102083,Additional,2023-02-11,733.88
3351,102084,Initial,2023-09-19,1907.23
3352,102084,Additional,2024-02-29,399.39
3353,102085,Initial,2022-07-08,3846.35
3354,102085,Additional,2023-04-03,798.39
3355,102086,Initial,2023-09-16,1698.37
3356,102087,Initial,2023-02-26,9548.07
3357,102088,Initial,2022-01-28,2863.86
3358,102089,Initial,2022-05-31,15098.14
3359,102089,Additional,2022-10-06,1369.74
3360,102090,Initial,2023-09-12,4589.96
3361,102090,Additional,2023-10-04,681.16
3362,102090,Additional,2024-03-16,622.45
3363,102091,Initial,2022-04-14,817.72
3364,102091,Additional,2022-09-20,39.67
3365,102092,Initial,2024-11-01,10838.95
3366,102092,Additional,2025-05-04,1198.9
3367,102093,Initial,2024-07-03,6845.07
3368,102094,Initial,2024-05-07,4100.54
3369,102095,Initial,2022-08-10,4440.22
3370,102096,Initial,2024-08-30,915.06
3371,102096,Additional,2024-12-08,153.92
3372,102096,Additional,2025-05-29,216.09
3373,102097,Initial,2024-02-08,705.17
3374,102098,Initial,2023-04-23,2234.41
3375,102099,Initial,2022-01-17,8306.91
3376,102099,Additional,2022-10-24,1615.26
3377,102099,Additional,2022-09-10,304.39
3378,102100,Initial,2023-10-07,3147.45
3379,102100,Additional,2024-05-09,761.89
3380,102101,Initial,2024-08-30,10802.58
3381,102102,Initial,2022-02-26,7102.57
3382,102102,Additional,2022-05-27,670.08
3383,102103,Initial,2022-03-13,2986.51
3384,102103,Additional,2022-08-07,538.34
3385,102104,Initial,2023-04-18,5923.08
3386,102104,Additional,2023-10-19,1381.74
3387,102105,Initial,2023-09-08,7213.63
3388,102106,Initial,2023-08-06,2282.15
3389,102107,Initial,2023-06-06,2317.03
3390,102107,Additional,2023-09-24,202.48
3391,102108,Initial,2022-11-05,2379.94
3392,102109,Initial,2022-03-28,391.71
3393,102110,Initial,2022-02-21,3060.09
3394,102110,Additional,2022-07-18,518.5
3395,102111,Initial,2022-05-17,3923.57
3396,102111,Additional,2022-07-17,381.6
3397,102112,Initial,2024-04-24,2627.42
3398,102112,Additional,2024-05-08,516.84
3399,102113,Initial,2024-08-11,3218.02
3400,102113,Additional,2024-09-01,191.58
3401,102114,Initial,2023-06-22,2513.21
3402,102115,Initial,2022-04-19,562.8
3403,102115,Additional,2022-08-27,96.49
3404,102116,Initial,2023-05-23,8943.17
3405,102117,Initial,2025-04-08,1989.69
3406,102118,Initial,2022-11-02,1543.88
3407,102119,Initial,2023-08-18,6975.36
3408,102119,Additional,2024-02-17,1636.75
3409,102120,Initial,2023-10-16,5728.24
3410,102121,Initial,2023-02-14,3550.5
3411,102122,Initial,2023-06-25,5338.4
3412,102123,Initial,2023-08-09,1286.5
3413,102123,Additional,2024-01-23,195.16
3414,102124,Initial,2023-08-01,2345.36
3415,102124,Additional,2024-05-16,103.23
3416,102125,Initial,2024-05-21,5847.76
3417,102126,Initial,2023-12-07,1719.99
3418,102126,Additional,2024-07-19,272.24
3419,102126,Additional,2024-02-17,260.14
3420,102127,Initial,2022-03-24,1264.0
3421,102127,Additional,2022-12-22,249.63
3422,102128,Initial,2022-01-23,3078.6
3423,102128,Additional,2022-09-24,381.52
3424,102129,Initial,2023-05-20,3059.21
3425,102129,Additional,2023-12-24,205.64
3426,102130,Initial,2024-12-29,4272.42
3427,102131,Initial,2022-03-04,910.62
3428,102132,Initial,2022-03-29,439.62
3429,102132,Additional,2022-12-27,71.6
3430,102133,Initial,2024-03-26,4836.64
3431,102134,Initial,2023-07-15,951.98
3432,102134,Additional,2023-08-03,63.79
3433,102135,Initial,2022-10-09,1854.6
3434,102136,Initial,2022-09-16,577.66
3435,102137,Initial,2024-03-27,5358.64
3436,102137,Additional,2024-09-08,807.59
3437,102138,Initial,2023-10-06,3983.86
3438,102139,Initial,2024-02-12,3773.49
3439,102139,Additional,2024-05-10,727.3
3440,102140,Initial,2022-12-18,3325.2
3441,102140,Additional,2023-02-01,376.05
3442,102141,Initial,2023-09-26,542.55
3443,102142,Initial,2024-11-11,1342.96
3444,102142,Additional,2025-05-27,65.96
3445,102142,Additional,2025-03-01,157.57
3446,102143,Initial,2023-01-22,1897.51
3447,102144,Initial,2023-05-10,1498.29
3448,102145,Initial,2022-07-29,2271.29
3449,102146,Initial,2024-02-24,3014.7
3450,102147,Initial,2022-02-27,5128.89
3451,102147,Additional,2022-08-22,364.82
3452,102147,Additional,2022-06-26,687.6
3453,102148,Initial,2022-10-30,918.16
3454,102148,Additional,2023-05-09,185.7
3455,102149,Initial,2024-05-14,2512.9
3456,102149,Additional,2024-10-14,161.09
3457,102149,Additional,2024-11-02,563.66
3458,102150,Initial,2022-02-11,5258.3
3459,102151,Initial,2025-04-15,1356.23
3460,102152,Initial,2023-05-16,2358.14
3461,102153,Initial,2023-05-11,3220.31
3462,102153,Additional,2024-01-09,189.15
3463,102153,Additional,2023-08-18,225.31
3464,102154,Initial,2023-10-17,2245.51
3465,102154,Additional,2024-04-12,458.22
3466,102155,Initial,2024-02-15,4789.86
3467,102156,Initial,2023-07-09,2618.66
3468,102157,Initial,2024-12-13,1917.8
3469,102157,Additional,2025-01-14,174.98
3470,102158,Initial,2025-03-09,1232.0
3471,102159,Initial,2022-09-08,3096.05
3472,102159,Additional,2022-10-02,330.16
3473,102160,Initial,2024-05-12,3224.35
3474,102160,Additional,2024-06-20,539.99
3475,102161,Initial,2023-01-07,1381.25
3476,102162,Initial,2025-04-23,3950.81
3477,102163,Initial,2022-11-17,6158.84
3478,102163,Additional,2023-04-11,868.08
3479,102164,Initial,2022-12-30,1892.28
3480,102165,Initial,2024-05-21,1472.11
3481,102165,Additional,2024-11-20,180.9
3482,102166,Initial,2024-08-08,1497.58
3483,102166,Additional,2025-02-05,155.58
3484,102167,Initial,2022-06-09,669.04
3485,102168,Initial,2023-11-02,10715.47
3486,102168,Additional,2024-06-21,1082.05
3487,102169,Initial,2023-02-21,2229.34
3488,102170,Initial,2024-01-17,1555.37
3489,102170,Additional,2024-10-19,181.71
3490,102171,Initial,2023-11-04,1264.01
3491,102172,Initial,2025-04-15,1909.63
3492,102172,Additional,2025-12-04,306.57
3493,102173,Initial,2025-01-28,1275.86
3494,102173,Additional,2025-05-24,270.31
3495,102174,Initial,2024-03-11,8652.35
3496,102174,Additional,2024-04-11,623.44
3497,102174,Additional,2024-06-10,773.46
3498,102175,Initial,2024-04-11,996.75
3499,102175,Additional,2024-05-10,145.73
3500,102176,Initial,2024-12-31,724.08
3501,102177,Initial,2022-08-24,4184.47
3502,102177,Additional,2023-04-24,448.44
3503,102177,Additional,2022-12-17,698.79
3504,102178,Initial,2024-05-27,2266.78
3505,102179,Initial,2024-07-23,2020.81
3506,102180,Initial,2022-06-05,3692.44
3507,102180,Additional,2022-12-24,303.3
3508,102181,Initial,2024-12-09,3313.65
3509,102182,Initial,2024-04-21,2758.88
3510,102183,Initial,2023-02-27,990.6
3511,102183,Additional,2023-06-27,113.89
3512,102184,Initial,2023-08-22,818.58
3513,102185,Initial,2023-08-20,1297.55
3514,102185,Additional,2024-05-03,243.88
3515,102185,Additional,2024-05-07,282.94
3516,102186,Initial,2025-01-17,1053.21
3517,102186,Additional,2025-05-25,194.65
3518,102186,Additional,2025-07-04,193.28
3519,102187,Initial,2025-03-27,3239.58
3520,102187,Additional,2025-04-23,124.1
3521,102188,Initial,2024-09-12,612.18
3522,102189,Initial,2024-02-25,2173.2
3523,102190,Initial,2022-05-21,2190.96
3524,102190,Additional,2022-12-26,406.29
3525,102191,Initial,2025-01-16,3004.66
3526,102191,Additional,2025-08-07,298.4
3527,102192,Initial,2022-06-11,3291.01
3528,102192,Additional,2022-11-11,566.74
3529,102193,Initial,2022-08-02,2273.43
3530,102193,Additional,2023-02-04,137.58
3531,102194,Initial,2022-03-28,1491.92
3532,102195,Initial,2025-02-22,7738.63
3533,102196,Initial,2023-08-31,1753.25
3534,102197,Initial,2022-10-24,7817.84
3535,102198,Initial,2022-04-10,1806.54
3536,102199,Initial,2023-05-24,2676.29
3537,102200,Initial,2024-06-04,2421.79
3538,102201,Initial,2025-04-16,3401.11
3539,102201,Additional,2026-01-06,662.59
3540,102202,Initial,2023-11-10,1974.93
3541,102203,Initial,2024-01-01,3100.22
3542,102203,Additional,2024-06-25,413.07
3543,102204,Initial,2024-10-06,6756.52
3544,102204,Additional,2025-06-07,466.39
3545,102205,Initial,2024-12-18,6186.7
3546,102205,Additional,2025-06-08,1182.17
3547,102206,Initial,2022-12-05,5271.35
3548,102207,Initial,2025-04-05,1113.31
3549,102208,Initial,2023-09-23,1158.82
3550,102208,Additional,2024-05-15,42.91
3551,102209,Initial,2025-02-06,2532.24
3552,102209,Additional,2025-11-14,153.43
3553,102210,Initial,2022-05-21,3864.42
3554,102210,Additional,2023-01-24,638.2
3555,102210,Additional,2022-08-19,503.62
3556,102211,Initial,2022-05-11,1465.78
3557,102211,Additional,2022-07-27,152.7
3558,102211,Additional,2022-07-17,171.01
3559,102212,Initial,2024-12-14,1306.38
3560,102212,Additional,2025-04-11,204.48
3561,102213,Initial,2024-03-31,7969.1
3562,102214,Initial,2022-08-03,4440.59
3563,102214,Additional,2022-12-27,319.38
3564,102215,Initial,2024-12-25,4932.01
3565,102216,Initial,2022-05-18,1715.07
3566,102217,Initial,2024-04-11,1455.0
3567,102218,Initial,2022-09-10,5060.91
3568,102218,Additional,2022-11-15,847.17
3569,102219,Initial,2022-04-09,1857.35
3570,102220,Initial,2024-08-29,1973.2
3571,102220,Additional,2024-11-11,167.89
3572,102221,Initial,2024-11-01,1306.25
3573,102222,Initial,2022-05-07,2095.37
3574,102222,Additional,2022-12-21,269.65
3575,102223,Initial,2022-05-04,5981.32
3576,102224,Initial,2024-01-11,824.3
3577,102224,Additional,2024-05-19,45.26
3578,102224,Additional,2024-03-08,101.2
3579,102225,Initial,2022-02-09,3700.48
3580,102226,Initial,2024-06-27,1750.67
3581,102226,Additional,2024-12-08,194.89
3582,102227,Initial,2025-01-19,1914.04
3583,102227,Additional,2025-02-08,339.82
3584,102228,Initial,2024-06-24,1962.9
3585,102228,Additional,2025-01-22,316.04
3586,102229,Initial,2022-10-17,1993.01
3587,102230,Initial,2022-08-20,2505.8
3588,102230,Additional,2022-10-16,366.55
3589,102230,Additional,2023-04-28,330.43
3590,102231,Initial,2024-04-02,2149.09
3591,102231,Additional,2024-08-04,326.45
3592,102231,Additional,2024-11-03,245.45
3593,102232,Initial,2022-04-02,1445.11
3594,102233,Initial,2023-10-27,7079.5
3595,102234,Initial,2023-07-04,2963.65
3596,102234,Additional,2024-02-06,138.34
3597,102235,Initial,2024-06-27,2161.37
3598,102235,Additional,2024-08-06,147.38
3599,102235,Additional,2024-11-25,524.8
3600,102236,Initial,2022-09-02,1845.92
3601,102236,Additional,2022-11-12,314.39
3602,102237,Initial,2024-07-15,2136.55
3603,102237,Additional,2024-12-10,167.47
3604,102238,Initial,2024-05-07,1717.19
3605,102239,Initial,2022-11-02,4338.79
3606,102239,Additional,2023-04-05,874.49
3607,102239,Additional,2023-07-30,440.46
3608,102240,Initial,2023-03-18,1217.78
3609,102241,Initial,2022-03-23,551.17
3610,102242,Initial,2023-06-27,2238.21
3611,102243,Initial,2022-11-12,1853.61
3612,102244,Initial,2022-05-19,1953.31
3613,102245,Initial,2023-11-06,5945.57
3614,102246,Initial,2023-11-26,312.49
3615,102247,Initial,2022-04-24,9528.43
3616,102248,Initial,2022-08-25,4841.56
3617,102249,Initial,2022-04-29,1725.67
3618,102249,Additional,2022-06-03,250.82
3619,102250,Initial,2024-03-29,2011.84
3620,102251,Initial,2023-02-12,3794.57
3621,102251,Additional,2023-04-11,482.4
3622,102252,Initial,2022-04-04,3371.28
3623,102252,Additional,2022-07-04,603.4
3624,102253,Initial,2022-09-01,1734.37
3625,102253,Additional,2022-12-05,330.95
3626,102254,Initial,2025-03-23,690.54
3627,102254,Additional,2025-05-06,134.2
3628,102254,Additional,2026-01-03,102.44
3629,102255,Initial,2022-11-11,15092.92
3630,102255,Additional,2023-01-05,1680.42
3631,102256,Initial,2024-04-20,4391.96
3632,102257,Initial,2023-07-20,2476.34
3633,102257,Additional,2024-02-03,647.78
3634,102257,Additional,2024-04-12,660.85
3635,102258,Initial,2022-08-07,3379.83
3636,102259,Initial,2023-01-22,3817.11
3637,102259,Additional,2023-04-29,535.08
3638,102260,Initial,2022-01-31,4701.35
3639,102261,Initial,2024-06-22,506.72
3640,102261,Additional,2025-02-02,57.81
3641,102262,Initial,2023-02-09,2114.68
3642,102263,Initial,2023-08-31,1998.83
3643,102264,Initial,2022-07-09,2729.02
3644,102264,Additional,2022-12-11,458.7
3645,102264,Additional,2022-09-27,477.63
3646,102265,Initial,2024-10-01,4882.44
3647,102265,Additional,2025-02-02,662.15
3648,102266,Initial,2022-09-24,614.63
3649,102267,Initial,2023-11-22,1046.37
3650,102267,Additional,2024-01-13,60.71
3651,102268,Initial,2024-11-17,1323.67
3652,102268,Additional,2025-05-06,164.78
3653,102269,Initial,2024-05-12,3424.21
3654,102270,Initial,2023-12-25,4267.79
3655,102271,Initial,2024-12-11,7358.44
3656,102271,Additional,2025-01-09,1435.37
3657,102272,Initial,2022-07-31,1893.65
3658,102272,Additional,2023-04-30,213.75
3659,102273,Initial,2025-03-03,4743.23
3660,102273,Additional,2025-06-18,639.32
3661,102274,Initial,2023-11-10,3875.45
3662,102275,Initial,2023-05-11,3812.78
3663,102275,Additional,2024-01-31,863.62
3664,102276,Initial,2022-11-08,2421.48
3665,102277,Initial,2024-06-26,1859.82
3666,102277,Additional,2025-01-10,344.32
3667,102277,Additional,2025-03-16,116.46
3668,102278,Initial,2025-04-03,1335.92
3669,102279,Initial,2024-04-10,1311.67
3670,102279,Additional,2024-11-16,139.4
3671,102280,Initial,2022-02-19,3035.44
3672,102281,Initial,2023-08-01,2973.67
3673,102282,Initial,2024-06-02,1825.26
3674,102282,Additional,2025-01-11,229.16
3675,102283,Initial,2023-04-27,4667.35
3676,102283,Additional,2023-12-06,422.35
3677,102284,Initial,2024-07-18,2368.61
3678,102284,Additional,2025-01-09,362.87
3679,102285,Initial,2024-05-02,1327.11
3680,102286,Initial,2022-03-22,2025.85
3681,102286,Additional,2022-06-02,401.55
3682,102287,Initial,2023-11-20,5059.75
3683,102287,Additional,2024-02-14,751.19
3684,102288,Initial,2022-08-03,1273.5
3685,102289,Initial,2023-08-18,3029.87
3686,102289,Additional,2024-05-08,173.68
3687,102290,Initial,2023-04-18,2550.8
3688,102291,Initial,2024-09-14,1752.78
3689,102291,Additional,2025-06-11,212.46
3690,102291,Additional,2024-12-23,58.27
3691,102292,Initial,2024-11-07,1730.79
3692,102292,Additional,2025-03-21,453.04
3693,102293,Initial,2023-07-21,705.88
3694,102294,Initial,2023-10-16,2733.02
3695,102294,Additional,2024-06-12,603.6
3696,102295,Initial,2024-01-30,818.37
3697,102295,Additional,2024-06-24,41.08
3698,102296,Initial,2024-03-15,6862.79
3699,102297,Initial,2024-02-11,2506.85
3700,102298,Initial,2024-08-12,1702.76
3701,102298,Additional,2025-04-18,138.55
3702,102298,Additional,2025-01-16,101.37
3703,102299,Initial,2025-03-25,5827.26
3704,102299,Additional,2025-12-08,958.19
3705,102300,Initial,2024-09-20,1039.56
3706,102301,Initial,2022-06-28,1524.05
3707,102302,Initial,2023-08-13,673.62
3708,102303,Initial,2023-07-19,7052.97
3709,102304,Initial,2023-09-13,11532.82
3710,102304,Additional,2024-02-26,502.6
3711,102305,Initial,2023-10-07,617.85
3712,102306,Initial,2024-05-14,1443.31
3713,102307,Initial,2023-05-24,2273.23
3714,102308,Initial,2022-11-18,1934.04
3715,102309,Initial,2023-07-15,3021.1
3716,102310,Initial,2024-10-25,2189.73
3717,102310,Additional,2025-06-04,175.44
3718,102311,Initial,2023-01-28,3868.48
3719,102311,Additional,2023-10-24,491.3
3720,102312,Initial,2022-02-01,1051.69
3721,102312,Additional,2022-07-09,239.15
3722,102312,Additional,2022-04-01,77.42
3723,102313,Initial,2025-04-03,2826.14
3724,102314,Initial,2022-09-07,1207.1
3725,102315,Initial,2023-12-26,2242.67
3726,102316,Initial,2024-08-21,836.57
3727,102316,Additional,2025-03-05,95.52
3728,102317,Initial,2022-12-13,1625.69
3729,102318,Initial,2023-03-03,1493.43
3730,102318,Additional,2023-05-25,235.55
3731,102319,Initial,2022-12-18,5200.01
3732,102320,Initial,2022-07-14,2129.1
3733,102321,Initial,2022-07-06,3177.84
3734,102321,Additional,2022-12-08,572.13
3735,102321,Additional,2023-02-28,536.82
3736,102322,Initial,2022-08-28,2670.41
3737,102322,Additional,2022-11-07,383.81
3738,102322,Additional,2022-12-21,192.38
3739,102323,Initial,2023-07-11,596.47
3740,102323,Additional,2023-11-11,118.4
3741,102324,Initial,2023-10-12,567.03
3742,102325,Initial,2022-01-26,2056.09
3743,102325,Additional,2022-05-15,199.53
3744,102326,Initial,2024-10-21,3293.1
3745,102327,Initial,2024-03-22,1815.04
3746,102327,Additional,2024-06-18,198.09
3747,102328,Initial,2022-04-13,1127.25
3748,102328,Additional,2022-08-17,246.18
3749,102329,Initial,2024-10-15,2129.83
3750,102329,Additional,2025-04-10,449.5
3751,102330,Initial,2022-02-21,2170.42
3752,102331,Initial,2023-11-17,4586.28
3753,102331,Additional,2024-07-23,319.73
3754,102331,Additional,2024-02-25,778.2
3755,102332,Initial,2023-07-30,5216.38
3756,102332,Additional,2023-08-27,357.24
3757,102333,Initial,2023-09-13,1975.77
3758,102333,Additional,2024-05-22,366.7
3759,102334,Initial,2025-02-21,2977.74
3760,102335,Initial,2025-02-04,3198.03
3761,102336,Initial,2022-12-01,3238.19
3762,102337,Initial,2023-12-10,10612.54
3763,102338,Initial,2025-03-09,2181.76
3764,102339,Initial,2024-05-28,5539.37
3765,102339,Additional,2024-09-17,580.78
3766,102340,Initial,2024-12-17,1064.67
3767,102340,Additional,2025-06-21,188.04
3768,102341,Initial,2023-06-08,1362.04
3769,102341,Additional,2023-10-27,275.95
3770,102342,Initial,2022-12-09,566.97
3771,102343,Initial,2023-09-16,2461.57
3772,102343,Additional,2023-12-05,327.0
3773,102344,Initial,2024-09-16,4355.44
3774,102345,Initial,2025-01-21,349.82
3775,102346,Initial,2024-04-10,3430.28
3776,102347,Initial,2024-05-12,3480.15
3777,102348,Initial,2023-09-10,4497.96
3778,102348,Additional,2024-02-23,424.31
3779,102349,Initial,2023-01-22,1111.34
3780,102349,Additional,2023-07-28,135.06
3781,102350,Initial,2023-06-05,4246.26
3782,102350,Additional,2023-10-15,416.62
3783,102350,Additional,2023-08-05,816.13
3784,102351,Initial,2023-09-08,2719.97
3785,102352,Initial,2024-09-10,3521.94
3786,102352,Additional,2025-04-26,908.92
3787,102352,Additional,2025-01-22,309.2
3788,102353,Initial,2023-11-16,2281.51
3789,102353,Additional,2024-01-24,190.5
3790,102354,Initial,2024-08-13,3663.88
3791,102355,Initial,2022-02-18,7110.5
3792,102355,Additional,2022-05-14,749.95
3793,102356,Initial,2024-07-11,1951.69
3794,102356,Additional,2024-09-29,435.35
3795,102357,Initial,2023-09-09,2698.33
3796,102358,Initial,2025-04-20,7019.28
3797,102358,Additional,2025-11-26,1300.24
3798,102359,Initial,2023-07-26,2037.88
3799,102360,Initial,2023-07-31,1318.85
3800,102361,Initial,2022-06-12,4845.1
3801,102361,Additional,2022-12-17,465.49
3802,102362,Initial,2024-08-26,8551.01
3803,102362,Additional,2025-06-05,669.87
3804,102363,Initial,2024-04-26,6335.07
3805,102363,Additional,2024-12-11,642.01
3806,102364,Initial,2024-11-06,4297.23
3807,102364,Additional,2025-03-24,557.66
3808,102364,Additional,2025-03-11,566.05
3809,102365,Initial,2022-05-09,491.63
3810,102365,Additional,2023-01-15,58.44
3811,102365,Additional,2022-05-28,56.23
3812,102366,Initial,2022-09-17,1807.17
3813,102366,Additional,2022-10-29,172.81
3814,102367,Initial,2024-11-28,1512.5
3815,102367,Additional,2025-08-17,144.12
3816,102368,Initial,2022-02-26,2284.32
3817,102369,Initial,2023-09-05,8279.55
3818,102369,Additional,2024-04-17,1293.96
3819,102370,Initial,2023-05-06,1122.35
3820,102370,Additional,2024-01-26,176.42
3821,102370,Additional,2024-01-06,188.53
3822,102371,Initial,2025-02-16,15348.02
3823,102372,Initial,2024-10-27,1981.03
3824,102372,Additional,2025-01-04,316.66
3825,102373,Initial,2024-12-28,1749.19
3826,102374,Initial,2022-12-15,5385.26
3827,102374,Additional,2023-04-15,981.23
3828,102375,Initial,2023-12-11,6225.05
3829,102375,Additional,2024-01-19,1155.52
3830,102375,Additional,2024-06-19,1019.99
3831,102376,Initial,2024-04-23,3608.93
3832,102377,Initial,2025-03-11,1483.04
3833,102377,Additional,2025-11-13,235.64
3834,102377,Additional,2025-08-07,275.5
3835,102378,Initial,2022-01-21,3913.07
3836,102378,Additional,2022-06-11,512.57
3837,102379,Initial,2025-03-31,1278.46
3838,102380,Initial,2023-03-19,1403.24
3839,102380,Additional,2023-08-23,300.24
3840,102381,Initial,2022-06-11,2774.65
3841,102381,Additional,2022-07-21,97.75
3842,102382,Initial,2024-01-18,1270.26
3843,102383,Initial,2024-07-27,5226.6
3844,102383,Additional,2025-03-05,801.97
3845,102384,Initial,2022-06-11,1705.23
3846,102384,Additional,2022-10-18,362.72
3847,102384,Additional,2022-08-05,308.91
3848,102385,Initial,2022-02-23,2580.62
3849,102385,Additional,2022-06-20,135.72
3850,102386,Initial,2024-12-17,1273.95
3851,102386,Additional,2025-06-15,184.87
3852,102387,Initial,2025-01-30,5159.76
3853,102388,Initial,2022-07-19,1698.72
3854,102389,Initial,2024-12-30,6485.84
3855,102389,Additional,2025-08-18,438.34
3856,102389,Additional,2025-06-10,669.91
3857,102390,Initial,2024-12-28,5253.6
3858,102390,Additional,2025-09-19,605.96
3859,102390,Additional,2025-08-18,602.76
3860,102391,Initial,2025-04-12,1969.65
3861,102392,Initial,2022-09-21,2691.04
3862,102392,Additional,2022-11-27,570.43
3863,102393,Initial,2023-12-13,1562.58
3864,102393,Additional,2024-07-22,130.32
3865,102394,Initial,2025-04-21,4597.49
3866,102394,Additional,2025-10-22,648.42
3867,102395,Initial,2024-12-30,2096.89
3868,102396,Initial,2023-12-27,2102.9
3869,102396,Additional,2024-02-20,227.67
3870,102396,Additional,2024-04-06,119.7
3871,102397,Initial,2022-08-26,3174.04
3872,102397,Additional,2022-11-25,196.32
3873,102397,Additional,2023-04-27,111.59
3874,102398,Initial,2022-04-16,802.3
3875,102399,Initial,2022-11-24,2870.52
3876,102400,Initial,2022-03-30,4491.74
3877,102401,Initial,2022-09-04,3119.24
3878,102401,Additional,2023-04-22,425.66
3879,102401,Additional,2022-10-26,310.62
3880,102402,Initial,2022-04-08,5184.34
3881,102403,Initial,2024-07-16,1636.02
3882,102403,Additional,2024-10-07,420.05
3883,102403,Additional,2024-11-09,92.46
3884,102404,Initial,2023-12-28,2072.03
3885,102405,Initial,2023-09-25,1316.87
3886,102405,Additional,2024-06-29,211.27
3887,102406,Initial,2024-09-01,1822.0
3888,102406,Additional,2025-03-01,277.49
3889,102407,Initial,2023-05-24,10669.87
3890,102407,Additional,2023-11-29,2236.52
3891,102408,Initial,2023-05-10,2793.6
3892,102409,Initial,2022-09-14,1783.43
3893,102410,Initial,2023-06-30,1439.22
3894,102411,Initial,2022-08-10,863.67
3895,102412,Initial,2023-12-28,1197.21
3896,102412,Additional,2024-01-31,288.65
3897,102413,Initial,2025-04-15,4173.35
3898,102414,Initial,2023-10-17,1808.07
3899,102414,Additional,2024-06-03,368.16
3900,102415,Initial,2023-01-12,1348.5
3901,102416,Initial,2024-04-13,1165.24
3902,102416,Additional,2024-07-18,204.79
3903,102416,Additional,2024-11-04,141.95
3904,102417,Initial,2024-09-15,3668.2
3905,102417,Additional,2025-01-21,492.54
3906,102418,Initial,2023-08-08,2437.33
3907,102418,Additional,2024-04-11,153.54
3908,102419,Initial,2022-10-31,1506.54
3909,102420,Initial,2024-05-18,2465.24
3910,102421,Initial,2022-08-29,13886.54
3911,102421,Additional,2022-11-21,2086.24
3912,102422,Initial,2025-04-13,6206.02
3913,102423,Initial,2023-01-28,9175.44
3914,102423,Additional,2023-06-04,1666.39
3915,102424,Initial,2023-03-02,657.63
3916,102425,Initial,2024-05-23,2504.09
3917,102426,Initial,2022-01-18,1365.99
3918,102426,Additional,2022-03-04,285.35
3919,102427,Initial,2022-09-03,3382.61
3920,102428,Initial,2022-06-15,4890.59
3921,102429,Initial,2023-04-20,3657.63
3922,102430,Initial,2023-11-09,1256.72
3923,102431,Initial,2022-08-22,1534.08
3924,102432,Initial,2023-02-25,4127.28
3925,102433,Initial,2024-07-23,4167.02
3926,102433,Additional,2024-09-17,528.18
3927,102434,Initial,2025-02-19,3118.32
3928,102435,Initial,2022-01-19,2556.81
3929,102436,Initial,2024-02-01,3017.15
3930,102437,Initial,2022-02-02,3063.85
3931,102438,Initial,2023-09-25,5218.84
3932,102439,Initial,2024-12-10,3754.14
3933,102440,Initial,2024-08-17,2678.25
3934,102441,Initial,2022-10-16,2186.36
3935,102442,Initial,2022-11-23,2331.32
3936,102442,Additional,2023-05-12,195.95
3937,102443,Initial,2024-07-30,1617.22
3938,102444,Initial,2024-09-14,1535.73
3939,102445,Initial,2022-12-18,4586.97
3940,102446,Initial,2022-01-22,1367.34
3941,102447,Initial,2023-06-18,5601.51
3942,102447,Additional,2023-08-08,443.76
3943,102448,Initial,2024-01-31,2614.41
3944,102448,Additional,2024-03-31,414.05
3945,102449,Initial,2023-06-25,3998.31
3946,102450,Initial,2025-01-30,4299.27
3947,102450,Additional,2025-07-28,467.69
3948,102451,Initial,2024-09-21,4390.16
3949,102451,Additional,2025-02-24,1026.89
3950,102452,Initial,2024-08-15,2167.06
3951,102453,Initial,2022-02-05,3849.13
3952,102454,Initial,2024-10-21,4697.83
3953,102454,Additional,2025-07-26,990.89
3954,102455,Initial,2024-07-06,933.21
3955,102455,Additional,2025-03-19,150.31
3956,102456,Initial,2023-04-24,9368.27
3957,102457,Initial,2023-12-22,15973.63
3958,102457,Additional,2024-06-14,3126.6
3959,102458,Initial,2024-09-16,5473.17
3960,102458,Additional,2025-05-17,830.33
3961,102459,Initial,2025-01-07,4780.16
3962,102459,Additional,2025-10-08,860.95
3963,102460,Initial,2023-10-28,3836.77
3964,102460,Additional,2024-04-01,873.32
3965,102461,Initial,2022-03-08,2453.72
3966,102461,Additional,2022-10-05,113.94
3967,102462,Initial,2024-01-16,2655.45
3968,102462,Additional,2024-05-15,96.11
3969,102463,Initial,2024-04-13,6317.46
3970,102464,Initial,2022-03-21,1318.32
3971,102464,Additional,2022-04-20,233.35
3972,102465,Initial,2024-09-21,1213.35
3973,102466,Initial,2022-08-30,2222.64
3974,102466,Additional,2023-06-21,86.11
3975,102467,Initial,2024-12-05,4724.94
3976,102467,Additional,2025-03-16,213.02
3977,102467,Additional,2025-05-14,236.26
3978,102468,Initial,2023-10-27,1507.34
3979,102468,Additional,2024-01-05,239.34
3980,102469,Initial,2023-01-29,2542.42
3981,102470,Initial,2022-03-29,2099.11
3982,102470,Additional,2022-11-04,361.93
3983,102471,Initial,2022-01-30,1180.76
3984,102472,Initial,2024-06-22,421.46
3985,102473,Initial,2023-04-13,1333.25
3986,102474,Initial,2024-10-10,2988.63
3987,102475,Initial,2022-10-22,3382.2
3988,102476,Initial,2025-01-22,3706.19
3989,102476,Additional,2025-09-23,413.03
3990,102477,Initial,2025-02-17,4407.04
3991,102477,Additional,2025-04-09,564.38
3992,102478,Initial,2022-05-10,1462.92
3993,102479,Initial,2024-02-23,1599.31
3994,102480,Initial,2025-02-03,3708.09
3995,102480,Additional,2025-06-18,730.76
3996,102481,Initial,2023-01-23,2567.73
3997,102481,Additional,2023-07-09,411.28
3998,102482,Initial,2022-03-30,4827.91
3999,102483,Initial,2024-11-28,3886.41
4000,102484,Initial,2023-07-26,6324.67
4001,102484,Additional,2024-04-01,631.5
4002,102485,Initial,2022-02-10,2031.25
4003,102485,Additional,2022-11-21,345.46
4004,102485,Additional,2022-07-26,70.47
4005,102486,Initial,2024-10-23,5116.3
4006,102487,Initial,2024-03-30,11496.53
4007,102488,Initial,2022-04-02,2653.45
4008,102489,Initial,2022-11-21,4543.81
4009,102489,Additional,2022-12-10,384.45
4010,102490,Initial,2022-01-29,1539.61
4011,102490,Additional,2022-10-23,145.87
4012,102490,Additional,2022-03-09,292.14
4013,102491,Initial,2025-03-08,5450.46
4014,102492,Initial,2022-02-12,6881.18
4015,102492,Additional,2022-10-07,772.44
4016,102493,Initial,2024-08-27,1731.57
4017,102494,Initial,2023-09-14,4324.39
4018,102494,Additional,2024-03-26,585.11
4019,102494,Additional,2024-01-03,399.6
4020,102495,Initial,2023-12-06,3294.09
4021,102496,Initial,2024-09-15,3649.88
4022,102497,Initial,2024-12-16,4286.99
4023,102498,Initial,2022-06-05,3215.09
4024,102499,Initial,2022-02-03,2735.39
4025,102499,Additional,2022-04-16,436.61
4026,102500,Initial,2022-06-16,5623.53
4027,102500,Additional,2022-11-19,392.8
4028,102501,Initial,2024-04-05,6540.93
4029,102501,Additional,2024-08-19,920.79
4030,102502,Initial,2023-11-27,1487.66
4031,102503,Initial,2022-04-24,2768.07
4032,102503,Additional,2022-10-26,441.09
4033,102504,Initial,2022-10-23,622.8
4034,102505,Initial,2023-10-08,3885.78
4035,102505,Additional,2023-11-14,667.15
4036,102506,Initial,2024-06-12,6606.38
4037,102507,Initial,2023-02-20,2176.51
4038,102508,Initial,2025-02-17,2912.64
4039,102509,Initial,2025-04-24,1842.42
4040,102509,Additional,2025-11-15,114.71
4041,102510,Initial,2024-07-26,2131.85
4042,102511,Initial,2023-07-01,3280.68
4043,102512,Initial,2024-12-01,1599.42
4044,102513,Initial,2024-05-30,2197.97
4045,102514,Initial,2023-09-26,1162.46
4046,102515,Initial,2023-06-26,4054.01
4047,102515,Additional,2023-10-24,755.01
4048,102516,Initial,2024-10-12,3352.42
4049,102516,Additional,2025-01-24,448.07
4050,102516,Additional,2025-05-04,573.77
4051,102517,Initial,2023-11-19,2139.61
4052,102517,Additional,2024-06-19,240.62
4053,102517,Additional,2024-04-23,412.5
4054,102518,Initial,2022-08-16,2273.12
4055,102519,Initial,2025-04-27,2282.27
4056,102520,Initial,2022-03-24,5921.86
4057,102520,Additional,2023-01-06,426.0
4058,102521,Initial,2024-04-25,2009.17
4059,102521,Additional,2025-01-10,305.47
4060,102522,Initial,2024-03-03,5034.94
4061,102522,Additional,2024-06-10,456.32
4062,102522,Additional,2024-04-04,579.8
4063,102523,Initial,2023-12-09,1765.69
4064,102523,Additional,2024-08-12,340.55
4065,102523,Additional,2024-07-25,265.86
4066,102524,Initial,2022-03-07,4010.06
4067,102525,Initial,2023-08-31,5094.69
4068,102526,Initial,2024-12-07,6577.41
4069,102527,Initial,2022-10-26,8848.03
4070,102528,Initial,2024-04-27,2692.85
4071,102529,Initial,2024-11-05,7591.34
4072,102530,Initial,2025-03-02,9489.51
4073,102530,Additional,2025-10-19,787.0
4074,102531,Initial,2023-09-25,1133.48
4075,102532,Initial,2023-01-25,1928.85
4076,102532,Additional,2023-04-12,283.42
4077,102533,Initial,2024-04-26,768.57
4078,102534,Initial,2023-08-21,5263.64
4079,102535,Initial,2024-02-06,974.27
4080,102536,Initial,2024-06-27,687.06
4081,102536,Additional,2025-04-03,112.63
4082,102536,Additional,2024-07-27,76.92
4083,102537,Initial,2024-05-07,1123.17
4084,102538,Initial,2022-10-25,778.94
4085,102538,Additional,2023-06-28,74.0
4086,102539,Initial,2024-07-09,3273.69
4087,102539,Additional,2024-09-25,190.24
4088,102540,Initial,2023-10-21,1122.31
4089,102541,Initial,2025-01-28,796.94
4090,102542,Initial,2024-03-13,2588.86
4091,102542,Additional,2024-08-24,419.09
4092,102543,Initial,2024-12-21,3021.48
4093,102543,Additional,2025-06-06,190.28
4094,102544,Initial,2025-04-05,607.56
4095,102544,Additional,2025-11-15,144.79
4096,102545,Initial,2025-04-13,1410.18
4097,102546,Initial,2024-06-24,2944.47
4098,102546,Additional,2024-11-04,116.46
4099,102547,Initial,2023-12-27,1775.06
4100,102547,Additional,2024-02-03,115.92
4101,102548,Initial,2022-06-09,2385.18
4102,102548,Additional,2022-12-17,235.0
4103,102548,Additional,2023-02-25,280.08
4104,102549,Initial,2023-04-09,6300.94
4105,102549,Additional,2023-10-07,359.72
4106,102550,Initial,2023-08-13,10733.77
4107,102551,Initial,2024-08-03,2174.01
4108,102552,Initial,2023-12-17,1156.44
4109,102553,Initial,2023-06-17,2267.03
4110,102554,Initial,2022-06-27,3035.16
4111,102554,Additional,2023-01-27,418.09
4112,102555,Initial,2024-05-13,2073.41
4113,102555,Additional,2025-01-05,195.57
4114,102555,Additional,2024-11-09,102.33
4115,102556,Initial,2023-06-21,3537.31
4116,102557,Initial,2022-02-16,14006.2
4117,102558,Initial,2022-12-11,811.64
4118,102559,Initial,2024-11-23,1753.33
4119,102560,Initial,2022-06-08,7103.99
4120,102561,Initial,2023-05-03,1713.96
4121,102562,Initial,2023-09-08,4576.24
4122,102563,Initial,2022-04-19,3741.16
4123,102564,Initial,2022-07-27,6395.16
4124,102565,Initial,2025-02-21,9216.81
4125,102565,Additional,2025-09-14,967.15
4126,102566,Initial,2023-12-13,3858.63
4127,102566,Additional,2024-07-09,517.54
4128,102567,Initial,2022-09-10,647.73
4129,102568,Initial,2022-08-11,1711.1
4130,102568,Additional,2022-12-04,330.79
4131,102569,Initial,2023-06-04,16048.9
4132,102569,Additional,2023-07-29,2289.54
4133,102570,Initial,2024-06-03,1009.04
4134,102570,Additional,2025-02-20,152.27
4135,102571,Initial,2024-05-29,3185.88
4136,102571,Additional,2024-11-19,643.05
4137,102572,Initial,2022-09-06,412.31
4138,102573,Initial,2024-05-28,1124.3
4139,102574,Initial,2024-12-29,5672.67
4140,102575,Initial,2022-10-11,2620.63
4141,102575,Additional,2023-06-12,507.57
4142,102576,Initial,2022-02-03,2293.32
4143,102576,Additional,2022-03-13,204.58
4144,102577,Initial,2025-02-24,1219.11
4145,102578,Initial,2023-10-01,501.95
4146,102578,Additional,2023-11-15,94.9
4147,102578,Additional,2024-05-03,112.83
4148,102579,Initial,2024-07-31,4632.0
4149,102579,Additional,2025-03-11,384.01
4150,102579,Additional,2025-02-22,913.8
4151,102580,Initial,2023-01-26,2480.02
4152,102580,Additional,2023-06-18,281.28
4153,102581,Initial,2023-01-08,765.31
4154,102582,Initial,2022-10-03,2451.16
4155,102583,Initial,2022-10-02,3472.81
4156,102583,Additional,2023-06-04,820.01
4157,102583,Additional,2023-02-05,575.98
4158,102584,Initial,2023-08-07,2266.54
4159,102585,Initial,2022-05-23,2847.5
4160,102585,Additional,2022-08-13,349.84
4161,102586,Initial,2024-10-11,3194.76
4162,102587,Initial,2023-09-09,1464.57
4163,102588,Initial,2025-01-13,3251.4
4164,102589,Initial,2023-09-06,4819.44
4165,102590,Initial,2023-01-08,5101.12
4166,102591,Initial,2023-09-17,5015.13
4167,102591,Additional,2023-11-27,413.64
4168,102592,Initial,2022-07-17,1712.67
4169,102593,Initial,2024-09-24,4227.35
4170,102594,Initial,2024-05-21,3661.33
4171,102595,Initial,2022-06-30,1541.0
4172,102596,Initial,2023-12-15,2171.32
4173,102597,Initial,2023-10-16,4304.9
4174,102597,Additional,2024-04-17,943.64
4175,102598,Initial,2022-09-02,6914.6
4176,102598,Additional,2023-01-08,1105.29
4177,102599,Initial,2022-06-02,750.3
4178,102600,Initial,2024-07-16,9910.71
4179,102600,Additional,2025-01-23,1328.54
4180,102601,Initial,2022-11-19,7273.81
4181,102601,Additional,2023-07-21,541.07
4182,102602,Initial,2023-09-21,3301.58
4183,102602,Additional,2024-04-15,396.21
4184,102602,Additional,2024-06-08,334.0
4185,102603,Initial,2022-11-04,2113.73
4186,102604,Initial,2024-03-08,3053.94
4187,102604,Additional,2024-06-17,292.79
4188,102605,Initial,2022-03-03,1378.94
4189,102606,Initial,2023-03-11,2090.88
4190,102606,Additional,2023-07-08,365.31
4191,102606,Additional,2023-12-17,386.37
4192,102607,Initial,2023-10-21,771.35
4193,102607,Additional,2023-12-13,136.38
4194,102607,Additional,2024-06-23,91.13
4195,102608,Initial,2023-06-26,734.55
4196,102609,Initial,2024-01-15,17000.71
4197,102610,Initial,2022-08-11,2728.94
4198,102610,Additional,2022-10-09,513.52
4199,102611,Initial,2023-06-22,2967.4
4200,102612,Initial,2024-07-15,2935.85
4201,102612,Additional,2024-12-30,544.37
4202,102613,Initial,2023-02-19,1413.88
4203,102614,Initial,2022-07-10,2352.02
4204,102614,Additional,2023-03-21,354.1
4205,102615,Initial,2024-10-25,2782.83
4206,102616,Initial,2024-07-26,2405.27
4207,102616,Additional,2024-12-12,368.96
4208,102617,Initial,2024-04-07,1410.62
4209,102618,Initial,2024-08-16,3161.21
4210,102618,Additional,2024-10-23,685.43
4211,102619,Initial,2024-08-11,3499.5
4212,102619,Additional,2024-09-13,453.86
4213,102620,Initial,2024-07-03,3275.11
4214,102620,Additional,2025-01-25,384.46
4215,102620,Additional,2024-09-22,549.02
4216,102621,Initial,2023-09-09,3977.52
4217,102622,Initial,2022-01-24,1912.29
4218,102623,Initial,2024-01-01,2475.51
4219,102623,Additional,2024-05-11,455.67
4220,102624,Initial,2022-11-29,6883.53
4221,102625,Initial,2024-07-17,1143.17
4222,102625,Additional,2024-11-23,205.55
4223,102626,Initial,2023-08-05,578.24
4224,102626,Additional,2023-10-16,138.79
4225,102627,Initial,2024-12-23,4211.39
4226,102627,Additional,2025-06-20,246.33
4227,102628,Initial,2023-12-19,1888.69
4228,102628,Additional,2024-03-11,130.07
4229,102629,Initial,2023-10-31,1265.45
4230,102629,Additional,2024-06-12,138.49
4231,102630,Initial,2025-01-10,5324.84
4232,102630,Additional,2025-07-18,670.96
4233,102631,Initial,2023-08-06,2370.87
4234,102632,Initial,2023-04-09,1080.07
4235,102633,Initial,2023-03-23,12197.82
4236,102633,Additional,2023-08-04,608.33
4237,102634,Initial,2024-11-25,775.82
4238,102634,Additional,2025-01-30,48.02
4239,102635,Initial,2024-07-01,2455.98
4240,102635,Additional,2024-08-23,223.22
4241,102636,Initial,2022-07-16,661.54
4242,102637,Initial,2023-08-17,2761.02
4243,102637,Additional,2024-04-23,123.17
4244,102638,Initial,2023-04-10,1578.34
4245,102638,Additional,2023-12-28,148.73
4246,102639,Initial,2024-02-21,5504.68
4247,102639,Additional,2024-04-29,770.39
4248,102640,Initial,2022-03-19,2284.69
4249,102640,Additional,2022-12-24,319.36
4250,102640,Additional,2022-11-23,456.58
4251,102641,Initial,2024-05-23,6675.01
4252,102641,Additional,2024-11-05,322.63
4253,102641,Additional,2024-11-20,852.52
4254,102642,Initial,2024-06-21,1794.81
4255,102643,Initial,2022-10-06,864.9
4256,102643,Additional,2023-07-03,170.32
4257,102644,Initial,2022-07-08,2678.57
4258,102645,Initial,2024-01-28,2128.06
4259,102645,Additional,2024-09-26,163.75
4260,102646,Initial,2022-11-13,720.02
4261,102646,Additional,2023-08-16,104.71
4262,102647,Initial,2025-02-15,1412.24
4263,102647,Additional,2025-11-13,248.04
4264,102648,Initial,2024-08-07,1720.78
4265,102649,Initial,2025-03-02,8555.25
4266,102650,Initial,2023-10-11,4588.16
4267,102651,Initial,2025-02-16,2092.77
4268,102652,Initial,2022-02-02,4384.75
4269,102652,Additional,2022-06-16,706.49
4270,102653,Initial,2022-12-16,665.53
4271,102654,Initial,2022-01-13,1947.84
4272,102655,Initial,2024-03-24,3313.78
4273,102655,Additional,2024-10-20,733.93
4274,102656,Initial,2023-09-18,3238.45
4275,102657,Initial,2022-12-27,2072.24
4276,102657,Additional,2023-05-01,322.92
4277,102657,Additional,2023-04-11,187.06
4278,102658,Initial,2023-01-07,2733.29
4279,102658,Additional,2023-10-14,418.88
4280,102658,Additional,2023-09-19,560.02
4281,102659,Initial,2024-02-16,3179.78
4282,102659,Additional,2024-08-05,265.66
4283,102660,Initial,2022-08-06,2909.17
4284,102660,Additional,2022-11-13,355.19
4285,102661,Initial,2023-09-22,5661.84
4286,102661,Additional,2024-02-25,359.2
4287,102662,Initial,2024-01-08,3734.04
4288,102662,Additional,2024-05-24,656.51
4289,102663,Initial,2022-10-17,3837.31
4290,102664,Initial,2022-10-07,9765.3
4291,102665,Initial,2023-03-18,4605.62
4292,102666,Initial,2023-12-16,9602.46
4293,102666,Additional,2024-01-15,1445.89
4294,102667,Initial,2022-11-13,1513.02
4295,102667,Additional,2023-01-28,212.47
4296,102667,Additional,2023-07-14,226.12
4297,102668,Initial,2023-04-10,759.62
4298,102669,Initial,2023-10-29,2790.22
4299,102669,Additional,2024-05-12,135.3
4300,102670,Initial,2022-08-21,2402.69
4301,102671,Initial,2023-11-19,7170.1
4302,102672,Initial,2022-07-03,984.93
4303,102673,Initial,2022-07-01,2595.09
4304,102673,Additional,2022-12-18,539.39
4305,102674,Initial,2022-10-21,2982.36
4306,102675,Initial,2022-12-13,2763.38
4307,102676,Initial,2022-02-15,2239.09
4308,102677,Initial,2025-03-15,3987.57
4309,102677,Additional,2025-06-22,461.05
4310,102677,Additional,2025-11-16,589.42
4311,102678,Initial,2023-01-06,5602.45
4312,102679,Initial,2024-09-03,8325.48
4313,102679,Additional,2025-04-17,1227.73
4314,102680,Initial,2024-12-25,2866.91
4315,102680,Additional,2025-06-10,135.47
4316,102680,Additional,2025-04-16,180.28
4317,102681,Initial,2024-08-24,1674.27
4318,102682,Initial,2024-10-04,8681.59
4319,102683,Initial,2022-05-07,980.44
4320,102683,Additional,2023-01-19,45.2
4321,102684,Initial,2023-04-05,11835.09
4322,102685,Initial,2024-06-17,7025.53
4323,102686,Initial,2023-11-28,8265.71
4324,102687,Initial,2022-01-13,5208.84
4325,102688,Initial,2023-11-16,523.21
4326,102688,Additional,2024-02-29,40.21
4327,102689,Initial,2024-09-11,1040.15
4328,102690,Initial,2024-10-08,3763.01
4329,102690,Additional,2025-03-09,636.61
4330,102691,Initial,2023-04-07,1863.88
4331,102692,Initial,2022-10-27,1736.2
4332,102693,Initial,2023-01-22,3940.3
4333,102693,Additional,2023-03-09,210.19
4334,102694,Initial,2022-12-26,2310.61
4335,102695,Initial,2023-02-21,1079.18
4336,102696,Initial,2023-01-12,4937.4
4337,102697,Initial,2023-07-07,3644.73
4338,102697,Additional,2023-08-15,271.05
4339,102698,Initial,2022-03-02,2363.97
4340,102699,Initial,2022-11-27,4130.35
4341,102700,Initial,2023-02-01,3035.8
4342,102700,Additional,2023-08-17,292.75
4343,102700,Additional,2023-10-05,137.63
4344,102701,Initial,2022-07-21,7772.36
4345,102702,Initial,2024-11-21,2490.82
4346,102703,Initial,2024-03-30,7370.96
4347,102704,Initial,2025-01-17,757.89
4348,102704,Additional,2025-06-16,39.49
4349,102705,Initial,2023-11-07,3882.3
4350,102706,Initial,2022-05-29,1984.94
4351,102707,Initial,2024-12-23,1372.55
4352,102707,Additional,2025-08-28,247.65
4353,102708,Initial,2023-07-05,5604.41
4354,102708,Additional,2024-03-14,317.3
4355,102709,Initial,2024-04-06,5832.49
4356,102710,Initial,2023-04-04,658.47
4357,102711,Initial,2023-09-03,3811.75
4358,102711,Additional,2023-09-20,206.8
4359,102711,Additional,2023-12-22,483.99
4360,102712,Initial,2023-08-15,3870.95
4361,102713,Initial,2022-12-23,1755.23
4362,102713,Additional,2023-08-02,264.34
4363,102713,Additional,2023-06-22,152.38
4364,102714,Initial,2023-10-31,1424.37
4365,102715,Initial,2024-06-16,842.44
4366,102715,Additional,2024-07-09,74.88
4367,102716,Initial,2022-02-02,2017.16
4368,102717,Initial,2022-06-26,1976.3
4369,102718,Initial,2024-10-11,4524.71
4370,102718,Additional,2025-03-30,961.2
4371,102718,Additional,2024-11-09,822.01
4372,102719,Initial,2023-11-29,2964.12
4373,102719,Additional,2024-03-06,447.29
4374,102719,Additional,2024-01-27,695.72
4375,102720,Initial,2025-03-24,1193.17
4376,102720,Additional,2025-05-24,96.81
4377,102721,Initial,2024-01-06,2783.44
4378,102721,Additional,2024-04-07,291.18
4379,102722,Initial,2024-03-10,1803.25
4380,102723,Initial,2024-12-21,1312.93
4381,102724,Initial,2024-03-20,673.5
4382,102725,Initial,2023-02-04,4186.91
4383,102725,Additional,2023-04-04,330.51
4384,102726,Initial,2023-09-29,2994.36
4385,102726,Additional,2024-01-12,363.05
4386,102727,Initial,2022-10-23,4286.86
4387,102728,Initial,2023-02-11,1479.71
4388,102729,Initial,2024-04-15,3029.6
4389,102729,Additional,2024-10-24,258.75
4390,102730,Initial,2022-07-13,764.63
4391,102731,Initial,2024-03-23,1301.19
4392,102732,Initial,2023-12-20,2805.35
4393,102733,Initial,2023-01-25,3356.49
4394,102734,Initial,2022-03-03,913.04
4395,102734,Additional,2022-10-25,57.74
4396,102735,Initial,2024-05-14,1083.57
4397,102735,Additional,2024-08-07,196.81
4398,102736,Initial,2024-10-02,1927.83
4399,102736,Additional,2024-10-20,310.32
4400,102737,Initial,2024-06-03,6252.26
4401,102738,Initial,2023-06-07,1284.19
4402,102739,Initial,2024-03-07,3291.04
4403,102740,Initial,2023-05-30,3074.41
4404,102740,Additional,2023-12-13,528.66
4405,102740,Additional,2023-10-03,174.77
4406,102741,Initial,2023-03-12,2390.41
4407,102741,Additional,2023-08-26,341.68
4408,102741,Additional,2023-09-12,237.35
4409,102742,Initial,2023-02-10,3195.85
4410,102743,Initial,2022-09-19,788.84
4411,102743,Additional,2022-12-24,127.93
4412,102744,Initial,2025-03-13,1849.02
4413,102745,Initial,2024-03-11,8309.22
4414,102745,Additional,2024-11-07,1506.31
4415,102746,Initial,2022-08-17,9045.99
4416,102746,Additional,2022-12-29,1615.76
4417,102747,Initial,2024-11-08,4811.19
4418,102748,Initial,2022-07-14,6161.77
4419,102749,Initial,2023-12-19,710.37
4420,102750,Initial,2022-07-25,1226.23
4421,102750,Additional,2023-02-26,268.79
4422,102751,Initial,2023-03-10,1827.13
4423,102751,Additional,2023-06-24,300.83
4424,102752,Initial,2024-03-07,17050.57
4425,102752,Additional,2024-04-30,1385.31
4426,102753,Initial,2025-04-22,1709.48
4427,102753,Additional,2025-07-16,391.39
4428,102753,Additional,2025-09-26,465.77
4429,102754,Initial,2025-04-06,4124.48
4430,102754,Additional,2025-11-21,890.65
4431,102755,Initial,2024-12-22,3743.38
4432,102756,Initial,2022-10-13,3029.85
4433,102756,Additional,2022-11-11,388.57
4434,102757,Initial,2022-05-03,2128.58
4435,102758,Initial,2025-01-06,1035.06
4436,102759,Initial,2025-01-22,292.24
4437,102760,Initial,2022-12-11,8055.48
4438,102760,Additional,2023-06-12,1441.58
4439,102761,Initial,2022-02-08,1691.51
4440,102761,Additional,2022-08-08,117.01
4441,102762,Initial,2024-03-04,603.78
4442,102763,Initial,2022-04-19,3254.3
4443,102763,Additional,2022-08-05,197.18
4444,102764,Initial,2022-03-02,3878.92
4445,102765,Initial,2025-02-12,4102.44
4446,102765,Additional,2025-06-29,955.21
4447,102766,Initial,2023-08-29,6804.98
4448,102767,Initial,2022-05-17,1380.98
4449,102767,Additional,2023-01-22,51.78
4450,102768,Initial,2024-02-27,1159.17
4451,102769,Initial,2023-03-28,2215.93
4452,102770,Initial,2023-10-24,4892.06
4453,102771,Initial,2025-01-02,523.74
4454,102772,Initial,2022-10-14,2632.23
4455,102772,Additional,2023-05-09,458.01
4456,102773,Initial,2024-02-27,5340.87
4457,102774,Initial,2024-10-07,4647.04
4458,102775,Initial,2023-05-24,4013.01
4459,102775,Additional,2023-09-14,984.06
4460,102775,Additional,2024-01-16,681.29
4461,102776,Initial,2025-03-28,6219.76
4462,102776,Additional,2025-09-18,459.81
4463,102777,Initial,2023-07-10,395.81
4464,102778,Initial,2023-07-21,8884.5
4465,102778,Additional,2023-12-05,1841.59
4466,102779,Initial,2024-12-04,3356.12
4467,102780,Initial,2024-02-06,6839.41
4468,102781,Initial,2024-11-12,1057.86
4469,102782,Initial,2024-08-13,781.56
4470,102783,Initial,2024-05-14,9924.48
4471,102783,Additional,2024-06-23,1284.85
4472,102784,Initial,2022-10-28,1154.18
4473,102785,Initial,2023-04-28,2423.85
4474,102786,Initial,2024-11-08,3349.14
4475,102787,Initial,2024-01-18,5124.05
4476,102787,Additional,2024-08-12,429.31
4477,102788,Initial,2022-12-21,5506.22
4478,102789,Initial,2023-02-16,3507.19
4479,102789,Additional,2023-04-14,222.54
4480,102790,Initial,2024-08-07,1116.58
4481,102790,Additional,2024-10-15,101.86
4482,102791,Initial,2022-08-13,4546.59
4483,102792,Initial,2022-05-25,5361.89
4484,102793,Initial,2024-07-09,556.86
4485,102793,Additional,2024-12-10,83.87
4486,102794,Initial,2022-12-24,8206.4
4487,102794,Additional,2023-05-21,1669.58
4488,102795,Initial,2024-07-24,381.15
4489,102795,Additional,2025-02-26,21.12
4490,102796,Initial,2023-10-05,5638.69
4491,102797,Initial,2025-04-29,1641.6
4492,102797,Additional,2025-09-17,354.54
4493,102798,Initial,2023-09-24,3924.66
4494,102799,Initial,2024-11-13,3429.42
4495,102799,Additional,2025-02-09,173.57
4496,102799,Additional,2025-02-01,453.92
4497,102800,Initial,2024-10-26,2363.92
4498,102800,Additional,2025-04-12,434.43
4499,102800,Additional,2024-11-23,291.18
4500,102801,Initial,2022-09-25,4212.64
4501,102802,Initial,2025-04-24,2671.05
4502,102802,Additional,2025-10-22,131.61
4503,102803,Initial,2024-07-01,4895.47
4504,102803,Additional,2025-02-10,335.33
4505,102804,Initial,2022-05-24,11848.96
4506,102804,Additional,2022-12-24,3012.19
4507,102805,Initial,2022-01-25,947.48
4508,102805,Additional,2022-04-09,171.42
4509,102806,Initial,2022-11-23,243.29
4510,102807,Initial,2022-02-03,1723.95
4511,102808,Initial,2023-03-19,1689.19
4512,102809,Initial,2025-04-23,2271.12
4513,102810,Initial,2023-08-07,1406.57
4514,102811,Initial,2022-02-08,5177.29
4515,102811,Additional,2022-09-04,1087.78
4516,102811,Additional,2022-05-17,700.18
4517,102812,Initial,2023-08-22,812.84
4518,102813,Initial,2022-09-29,4290.97
4519,102813,Additional,2022-11-08,266.74
4520,102814,Initial,2024-11-12,4564.17
4521,102815,Initial,2022-05-04,3716.97
4522,102816,Initial,2024-07-24,3365.42
4523,102817,Initial,2023-06-29,4700.99
4524,102818,Initial,2022-02-08,2712.7
4525,102818,Additional,2022-06-15,614.51
4526,102818,Additional,2022-09-23,513.87
4527,102819,Initial,2024-04-05,2371.47
4528,102820,Initial,2023-07-16,3169.88
4529,102821,Initial,2024-07-27,4048.56
4530,102822,Initial,2024-01-17,4286.87
4531,102822,Additional,2024-10-15,531.22
4532,102823,Initial,2024-08-07,759.85
4533,102824,Initial,2023-07-17,2276.21
4534,102824,Additional,2023-10-11,453.94
4535,102825,Initial,2022-01-29,999.45
4536,102825,Additional,2022-09-18,258.92
4537,102826,Initial,2022-06-13,4507.64
4538,102827,Initial,2023-07-16,3820.1
4539,102828,Initial,2023-04-25,2102.77
4540,102829,Initial,2024-08-30,1547.43
4541,102829,Additional,2025-01-16,61.14
4542,102829,Additional,2024-09-22,134.39
4543,102830,Initial,2023-05-17,3698.94
4544,102831,Initial,2024-11-07,2459.73
4545,102832,Initial,2022-08-20,8217.95
4546,102833,Initial,2023-04-11,8219.02
4547,102833,Additional,2023-07-31,1544.99
4548,102834,Initial,2024-06-30,5795.5
4549,102835,Initial,2022-05-29,3521.96
4550,102836,Initial,2023-02-09,10324.98
4551,102837,Initial,2024-06-27,3452.66
4552,102837,Additional,2024-07-30,625.75
4553,102838,Initial,2023-12-20,1763.5
4554,102839,Initial,2024-08-07,1837.34
4555,102839,Additional,2025-04-02,176.02
4556,102840,Initial,2023-09-13,1566.91
4557,102840,Additional,2024-01-09,95.9
4558,102841,Initial,2024-11-15,2881.42
4559,102841,Additional,2025-06-07,245.54
4560,102841,Additional,2025-03-24,216.45
4561,102842,Initial,2024-12-06,3413.61
4562,102843,Initial,2025-03-17,970.26
4563,102844,Initial,2022-06-12,1623.41
4564,102844,Additional,2022-11-17,345.15
4565,102845,Initial,2023-12-11,3184.79
4566,102845,Additional,2024-03-04,478.72
4567,102846,Initial,2022-06-06,3883.46
4568,102846,Additional,2022-07-26,236.99
4569,102846,Additional,2022-11-20,382.12
4570,102847,Initial,2022-10-06,2964.79
4571,102848,Initial,2023-01-14,3708.12
4572,102848,Additional,2023-09-06,223.67
4573,102849,Initial,2024-03-02,980.27
4574,102849,Additional,2024-10-23,210.4
4575,102849,Additional,2024-06-02,224.16
4576,102850,Initial,2023-06-14,1321.54
4577,102851,Initial,2024-11-03,2478.78
4578,102852,Initial,2022-12-28,3271.47
4579,102853,Initial,2024-01-29,2913.64
4580,102853,Additional,2024-08-07,446.4
4581,102854,Initial,2024-07-13,1524.59
4582,102855,Initial,2025-03-30,2222.02
4583,102856,Initial,2022-10-26,8441.46
4584,102857,Initial,2024-06-14,4491.61
4585,102858,Initial,2022-04-16,2344.67
4586,102858,Additional,2023-01-03,339.52
4587,102859,Initial,2023-10-26,1277.26
4588,102859,Additional,2023-12-13,185.89
4589,102860,Initial,2023-05-13,1303.05
4590,102860,Additional,2023-07-14,109.43
4591,102860,Additional,2023-10-10,317.13
4592,102861,Initial,2025-03-01,2545.46
4593,102861,Additional,2025-06-14,410.14
4594,102862,Initial,2024-07-26,3057.35
4595,102863,Initial,2025-01-24,4331.16
4596,102863,Additional,2025-06-03,437.42
4597,102864,Initial,2024-10-27,3300.88
4598,102865,Initial,2023-05-13,2191.8
4599,102865,Additional,2023-11-07,85.72
4600,102865,Additional,2023-07-29,435.84
4601,102866,Initial,2024-06-15,1689.79
4602,102866,Additional,2024-10-12,186.16
4603,102867,Initial,2022-02-14,12202.02
4604,102867,Additional,2022-11-06,1988.76
4605,102868,Initial,2023-11-17,1552.08
4606,102868,Additional,2024-02-09,363.83
4607,102868,Additional,2024-04-05,327.83
4608,102869,Initial,2022-02-28,1119.81
4609,102870,Initial,2024-05-29,799.02
4610,102871,Initial,2025-03-19,2006.48
4611,102871,Additional,2025-07-21,415.15
4612,102872,Initial,2024-03-31,4610.82
4613,102872,Additional,2024-06-20,430.81
4614,102873,Initial,2024-10-07,1520.85
4615,102874,Initial,2022-10-16,7913.89
4616,102874,Additional,2023-07-26,1112.55
4617,102875,Initial,2025-04-20,2209.53
4618,102876,Initial,2023-11-05,6689.63
4619,102877,Initial,2024-04-05,1587.25
4620,102877,Additional,2024-06-12,274.18
4621,102878,Initial,2024-07-15,1439.13
4622,102879,Initial,2024-02-26,2313.92
4623,102879,Additional,2024-07-08,423.57
4624,102880,Initial,2023-01-18,3301.61
4625,102881,Initial,2024-01-21,2016.64
4626,102882,Initial,2024-03-04,3305.85
4627,102882,Additional,2024-10-13,570.68
4628,102883,Initial,2024-11-12,3456.26
4629,102884,Initial,2023-08-19,785.31
4630,102884,Additional,2023-11-30,34.79
4631,102885,Initial,2023-09-11,2188.14
4632,102886,Initial,2023-09-15,1457.18
4633,102886,Additional,2024-04-17,324.88
4634,102887,Initial,2022-05-18,1933.95
4635,102888,Initial,2022-05-06,3754.24
4636,102889,Initial,2022-02-08,1642.98
4637,102889,Additional,2022-05-23,264.73
4638,102890,Initial,2024-03-27,588.12
4639,102890,Additional,2024-11-10,102.38
4640,102891,Initial,2023-05-31,1952.06
4641,102892,Initial,2024-11-22,1215.95
4642,102893,Initial,2024-04-23,3178.6
4643,102893,Additional,2024-07-03,637.36
4644,102893,Additional,2025-01-02,834.21
4645,102894,Initial,2022-06-28,5186.37
4646,102895,Initial,2022-05-11,563.4
4647,102895,Additional,2023-01-26,99.58
4648,102896,Initial,2023-03-25,1625.91
4649,102897,Initial,2025-01-17,3286.45
4650,102898,Initial,2022-03-05,813.5
4651,102898,Additional,2022-08-28,63.85
4652,102899,Initial,2022-08-31,3991.17
4653,102900,Initial,2022-02-15,5748.67
4654,102901,Initial,2023-05-16,1948.79
4655,102901,Additional,2023-08-27,201.07
4656,102902,Initial,2025-04-13,1280.48
4657,102903,Initial,2024-04-16,383.29
4658,102903,Additional,2024-05-30,56.65
4659,102904,Initial,2023-08-24,5078.53
4660,102905,Initial,2022-07-10,13482.32
4661,102905,Additional,2022-09-05,2061.43
4662,102906,Initial,2023-03-20,8711.75
4663,102906,Additional,2023-10-11,1298.72
4664,102907,Initial,2023-10-05,2053.3
4665,102908,Initial,2022-11-26,1367.55
4666,102909,Initial,2024-05-05,4251.89
4667,102909,Additional,2024-10-19,322.1
4668,102910,Initial,2025-03-25,2802.68
4669,102911,Initial,2022-09-05,3329.34
4670,102912,Initial,2022-11-12,2912.93
4671,102912,Additional,2023-04-13,555.62
4672,102913,Initial,2022-06-09,3124.07
4673,102913,Additional,2022-09-14,436.13
4674,102914,Initial,2024-05-31,6376.23
4675,102915,Initial,2023-07-11,5884.56
4676,102916,Initial,2022-12-09,2080.69
4677,102917,Initial,2022-09-30,1223.41
4678,102917,Additional,2022-12-01,258.23
4679,102918,Initial,2022-04-11,387.9
4680,102919,Initial,2023-08-11,2344.77
4681,102919,Additional,2023-10-21,144.4
4682,102920,Initial,2024-04-16,1026.97
4683,102921,Initial,2022-10-15,3197.8
4684,102921,Additional,2023-02-21,653.14
4685,102921,Additional,2023-01-31,510.31
4686,102922,Initial,2022-01-20,1940.9
4687,102923,Initial,2023-07-22,2496.41
4688,102923,Additional,2023-08-24,92.44
4689,102924,Initial,2024-03-25,4453.82
4690,102925,Initial,2023-02-25,3208.75
4691,102926,Initial,2022-11-08,1964.84
4692,102927,Initial,2022-07-20,8152.82
4693,102928,Initial,2024-06-27,4203.73
4694,102929,Initial,2024-11-06,1640.75
4695,102929,Additional,2025-03-18,169.57
4696,102929,Additional,2025-03-28,328.85
4697,102930,Initial,2024-07-31,1853.03
4698,102931,Initial,2023-09-15,4855.05
4699,102931,Additional,2024-03-18,506.94
4700,102932,Initial,2024-06-04,3121.66
4701,102932,Additional,2024-10-08,132.43
4702,102933,Initial,2023-05-09,1014.66
4703,102934,Initial,2022-02-05,5201.61
4704,102935,Initial,2023-04-06,6057.54
4705,102935,Additional,2023-05-10,1279.51
4706,102935,Additional,2023-10-13,773.49
4707,102936,Initial,2024-05-01,6201.92
4708,102937,Initial,2024-03-06,9192.09
4709,102937,Additional,2024-09-10,1836.48
4710,102938,Initial,2025-04-14,11417.17
4711,102938,Additional,2025-07-21,2765.71
4712,102939,Initial,2025-04-29,8903.76
4713,102940,Initial,2022-10-27,3727.96
4714,102941,Initial,2022-01-23,1951.43
4715,102942,Initial,2022-11-28,587.74
4716,102942,Additional,2023-03-18,109.82
4717,102942,Additional,2023-05-08,31.92
4718,102943,Initial,2024-11-29,2594.03
4719,102943,Additional,2025-03-23,540.03
4720,102944,Initial,2024-09-04,4590.3
4721,102945,Initial,2022-04-30,2960.38
4722,102945,Additional,2023-01-27,179.11
4723,102946,Initial,2022-07-15,569.48
4724,102947,Initial,2023-11-08,1775.83
4725,102948,Initial,2024-03-13,4375.96
4726,102949,Initial,2025-03-25,1316.99
4727,102950,Initial,2024-06-26,3139.73
4728,102950,Additional,2025-02-14,378.03
4729,102951,Initial,2022-09-24,3958.41
4730,102952,Initial,2022-02-24,6785.57
4731,102952,Additional,2022-04-20,649.67
4732,102953,Initial,2024-02-08,10595.41
4733,102953,Additional,2024-10-23,1583.22
4734,102954,Initial,2023-10-28,1683.99
4735,102954,Additional,2024-07-11,379.39
4736,102955,Initial,2025-01-17,3547.56
4737,102955,Additional,2025-08-12,556.82
4738,102956,Initial,2023-12-09,2811.78
4739,102957,Initial,2023-09-11,3675.58
4740,102958,Initial,2023-01-07,4315.77
4741,102958,Additional,2023-09-30,305.86
4742,102959,Initial,2022-04-23,8169.1
4743,102959,Additional,2022-09-03,1682.71
4744,102960,Initial,2024-11-21,415.13
4745,102960,Additional,2025-06-29,25.56
4746,102961,Initial,2024-10-03,3110.24
4747,102962,Initial,2022-07-24,3930.11
4748,102963,Initial,2024-05-09,2477.78
4749,102963,Additional,2024-11-02,411.55
4750,102964,Initial,2023-04-01,549.78
4751,102964,Additional,2023-08-13,70.5
4752,102965,Initial,2023-06-25,2966.5
4753,102965,Additional,2024-01-27,208.94
4754,102966,Initial,2024-10-19,1718.48
4755,102966,Additional,2025-02-03,119.0
4756,102966,Additional,2025-08-02,135.81
4757,102967,Initial,2024-10-12,8973.92
4758,102967,Additional,2025-07-09,1334.11
4759,102967,Additional,2025-07-15,2000.57
4760,102968,Initial,2022-09-02,3972.17
4761,102968,Additional,2023-05-11,383.88
4762,102969,Initial,2023-01-05,1268.83
4763,102970,Initial,2024-09-16,510.7
4764,102971,Initial,2025-01-06,4241.34
4765,102972,Initial,2022-04-18,4135.52
4766,102973,Initial,2024-10-01,2389.82
4767,102973,Additional,2025-03-18,385.02
4768,102973,Additional,2025-04-29,497.26
4769,102974,Initial,2023-08-14,4504.29
4770,102975,Initial,2023-12-10,2134.35
4771,102975,Additional,2024-01-12,392.98
4772,102976,Initial,2022-04-04,6926.91
4773,102977,Initial,2024-03-29,6423.81
4774,102978,Initial,2024-04-03,727.9
4775,102979,Initial,2024-03-20,843.78
4776,102980,Initial,2024-08-23,10653.27
4777,102981,Initial,2025-02-09,5536.05
4778,102982,Initial,2024-10-20,1165.26
4779,102983,Initial,2024-06-18,944.46
4780,102983,Additional,2024-07-24,131.68
4781,102984,Initial,2025-03-26,2682.71
4782,102985,Initial,2024-04-02,1069.31
4783,102985,Additional,2024-09-02,241.77
4784,102986,Initial,2024-03-20,2221.83
4785,102987,Initial,2023-10-24,2100.19
4786,102987,Additional,2023-12-22,441.87
4787,102988,Initial,2024-07-14,2469.23
4788,102988,Additional,2025-04-23,166.98
4789,102989,Initial,2022-04-06,5463.05
4790,102990,Initial,2023-09-10,8481.96
4791,102991,Initial,2023-05-31,1776.85
4792,102991,Additional,2023-11-13,332.33
4793,102992,Initial,2025-01-04,1327.16
4794,102993,Initial,2022-04-14,3573.92
4795,102994,Initial,2024-02-16,10534.39
4796,102995,Initial,2022-08-20,2111.42
4797,102996,Initial,2024-12-14,5916.15
4798,102997,Initial,2024-10-20,1639.79
4799,102998,Initial,2022-10-15,2488.96
4800,102998,Additional,2023-04-21,147.02
4801,102999,Initial,2024-11-14,1003.08
4802,103000,Initial,2023-08-26,2540.37
4803,103001,Initial,2025-03-19,2624.74
4804,103002,Initial,2024-06-05,3690.82
4805,103003,Initial,2022-02-20,8802.36
4806,103004,Initial,2022-09-20,2233.62
4807,103004,Additional,2023-01-23,373.14
4808,103005,Initial,2023-05-17,655.24
4809,103005,Additional,2023-07-22,51.5
4810,103006,Initial,2022-09-24,1844.33
4811,103007,Initial,2022-06-10,3741.74
4812,103008,Initial,2025-03-30,3517.44
4813,103009,Initial,2024-11-21,2678.38
4814,103010,Initial,2023-06-21,6725.24
4815,103010,Additional,2024-03-01,402.74
4816,103010,Additional,2024-03-24,936.03
4817,103011,Initial,2022-09-20,2758.7
4818,103012,Initial,2022-08-20,2335.9
4819,103012,Additional,2022-12-10,251.28
4820,103013,Initial,2025-01-03,1649.88
4821,103014,Initial,2023-02-08,760.89
4822,103014,Additional,2023-08-06,55.86
4823,103015,Initial,2022-01-30,3923.67
4824,103015,Additional,2022-06-15,636.95
4825,103015,Additional,2022-07-21,582.02
4826,103016,Initial,2023-05-01,2601.06
4827,103017,Initial,2023-07-06,1264.39
4828,103018,Initial,2024-01-24,2566.28
4829,103019,Initial,2023-02-20,2194.09
4830,103020,Initial,2025-01-22,1410.18
4831,103021,Initial,2024-03-01,1503.76
4832,103022,Initial,2025-04-16,3865.63
4833,103023,Initial,2023-03-26,2338.04
4834,103023,Additional,2023-05-23,393.2
4835,103024,Initial,2024-02-27,1806.57
4836,103024,Additional,2024-03-26,111.3
4837,103025,Initial,2023-03-30,1398.4
4838,103025,Additional,2023-11-09,263.87
4839,103026,Initial,2024-04-20,2578.0
4840,103027,Initial,2024-06-28,5033.27
4841,103028,Initial,2023-01-26,3176.82
4842,103028,Additional,2023-08-26,525.34
4843,103029,Initial,2025-02-10,1917.24
4844,103029,Additional,2025-06-15,172.48
4845,103029,Additional,2025-03-27,142.16
4846,103030,Initial,2024-11-08,2941.04
4847,103031,Initial,2024-12-14,7915.55
4848,103031,Additional,2025-05-18,1482.39
4849,103031,Additional,2025-02-26,966.52
4850,103032,Initial,2022-10-08,3509.97
4851,103033,Initial,2024-05-25,3408.05
4852,103034,Initial,2022-05-19,4048.99
4853,103035,Initial,2022-05-17,2110.13
4854,103035,Additional,2022-09-13,454.26
4855,103035,Additional,2022-07-11,312.71
4856,103036,Initial,2025-03-22,2494.12
4857,103037,Initial,2022-07-09,1911.25
4858,103038,Initial,2024-11-17,953.37
4859,103038,Additional,2025-04-16,43.59
4860,103039,Initial,2023-06-19,3054.09
4861,103039,Additional,2023-10-11,530.86
4862,103039,Additional,2023-10-20,406.73
4863,103040,Initial,2022-12-31,3498.68
4864,103040,Additional,2023-09-14,394.1
4865,103041,Initial,2022-04-14,2402.04
4866,103042,Initial,2024-03-30,5179.62
4867,103042,Additional,2024-07-04,881.28
4868,103043,Initial,2024-05-23,1627.44
4869,103043,Additional,2025-02-20,114.43
4870,103044,Initial,2023-07-22,666.74
4871,103045,Initial,2024-09-06,1465.24
4872,103046,Initial,2023-02-07,926.52
4873,103046,Additional,2023-05-06,65.96
4874,103046,Additional,2023-06-12,51.55
4875,103047,Initial,2023-11-04,3640.81
4876,103047,Additional,2024-04-02,623.2
4877,103048,Initial,2022-12-26,1654.65
4878,103048,Additional,2023-05-29,318.22
4879,103048,Additional,2023-01-11,233.54
4880,103049,Initial,2023-11-30,6086.62
4881,103049,Additional,2024-02-17,782.53
4882,103049,Additional,2024-07-06,575.07
4883,103050,Initial,2022-06-23,5434.35
4884,103050,Additional,2023-02-13,320.93
4885,103051,Initial,2023-08-01,1078.56
4886,103052,Initial,2023-10-29,1585.02
4887,103053,Initial,2023-11-01,4324.66
4888,103053,Additional,2024-04-21,523.31
4889,103054,Initial,2023-06-27,6094.94
4890,103055,Initial,2024-02-20,612.36
4891,103056,Initial,2023-09-26,3015.55
4892,103056,Additional,2024-06-09,242.26
4893,103057,Initial,2022-12-14,552.74
4894,103058,Initial,2022-09-21,1561.58
4895,103059,Initial,2024-02-20,5758.96
4896,103060,Initial,2025-02-11,21174.98
4897,103061,Initial,2024-06-26,1993.21
4898,103062,Initial,2024-02-17,1047.44
4899,103063,Initial,2025-01-26,1636.06
4900,103063,Additional,2025-08-28,295.96
4901,103064,Initial,2025-01-01,2700.48
4902,103064,Additional,2025-04-09,601.89
4903,103065,Initial,2023-09-08,1554.8
4904,103066,Initial,2022-05-25,1530.85
4905,103067,Initial,2024-02-17,1883.71
4906,103067,Additional,2024-07-13,330.56
4907,103068,Initial,2024-01-24,3864.26
4908,103069,Initial,2022-12-13,2021.3
4909,103069,Additional,2023-05-13,228.41
4910,103070,Initial,2024-10-18,1171.16
4911,103071,Initial,2024-11-10,1550.2
4912,103071,Additional,2025-06-06,91.91
4913,103072,Initial,2023-02-04,1785.02
4914,103072,Additional,2023-10-31,387.86
4915,103073,Initial,2023-08-10,1022.24
4916,103073,Additional,2024-04-28,152.33
4917,103074,Initial,2022-08-28,1651.7
4918,103074,Additional,2022-12-04,290.41
4919,103075,Initial,2022-08-22,4244.58
4920,103076,Initial,2022-11-15,2404.54
4921,103076,Additional,2023-02-18,285.35
4922,103077,Initial,2023-04-03,605.9
4923,103078,Initial,2022-12-06,5169.69
4924,103078,Additional,2023-07-28,1036.88
4925,103079,Initial,2022-07-16,4115.4
4926,103080,Initial,2023-06-29,969.19
4927,103081,Initial,2024-01-19,2021.75
4928,103082,Initial,2023-01-29,1440.1
4929,103083,Initial,2023-10-20,5190.81
4930,103083,Additional,2023-11-12,230.05
4931,103083,Additional,2024-01-21,869.71
4932,103084,Initial,2022-12-02,1767.32
4933,103085,Initial,2024-05-06,2356.71
4934,103086,Initial,2024-03-04,2065.86
4935,103086,Additional,2024-07-22,349.04
4936,103087,Initial,2025-03-06,725.36
4937,103087,Additional,2025-05-11,69.9
4938,103088,Initial,2022-03-17,6922.67
4939,103088,Additional,2022-05-06,1120.98
4940,103088,Additional,2022-09-05,1470.03
4941,103089,Initial,2024-11-07,5132.22
4942,103089,Additional,2025-06-17,863.69
4943,103090,Initial,2023-02-21,1324.78
4944,103090,Additional,2023-10-07,215.33
4945,103091,Initial,2022-03-28,3462.04
4946,103091,Additional,2022-10-28,633.27
4947,103092,Initial,2024-04-20,5881.46
4948,103093,Initial,2022-07-31,2761.7
4949,103094,Initial,2022-08-14,9105.33
4950,103095,Initial,2025-04-06,27157.01
4951,103095,Additional,2025-07-20,5237.81
4952,103096,Initial,2022-09-26,2363.12
4953,103096,Additional,2023-01-21,432.9
4954,103097,Initial,2023-11-06,1952.51
4955,103098,Initial,2022-08-29,1218.4
4956,103099,Initial,2022-06-12,587.34
4957,103099,Additional,2022-10-27,96.65
4958,103100,Initial,2022-01-20,5909.16
4959,103101,Initial,2022-01-26,2136.78
4960,103101,Additional,2022-09-29,121.89
4961,103102,Initial,2023-08-10,5359.15
4962,103103,Initial,2023-06-10,7003.9
4963,103104,Initial,2022-03-05,997.78
4964,103104,Additional,2022-07-06,79.57
4965,103105,Initial,2023-03-08,1104.72
4966,103105,Additional,2023-07-17,87.21
4967,103106,Initial,2022-11-26,10867.44
4968,103106,Additional,2023-08-09,421.46
4969,103107,Initial,2023-11-26,2515.76
4970,103108,Initial,2025-04-12,1762.67
4971,103109,Initial,2024-04-16,977.9
4972,103110,Initial,2025-01-09,2157.33
4973,103111,Initial,2022-08-26,9022.93
4974,103112,Initial,2022-09-16,5116.64
4975,103112,Additional,2022-12-07,848.42
4976,103113,Initial,2024-06-28,2564.3
4977,103114,Initial,2023-01-22,9515.01
4978,103115,Initial,2024-11-01,7486.49
4979,103116,Initial,2023-07-25,2774.56
4980,103116,Additional,2023-09-04,153.65
4981,103116,Additional,2024-01-24,348.54
4982,103117,Initial,2022-09-11,20544.59
4983,103117,Additional,2023-03-15,922.54
4984,103117,Additional,2023-05-22,1326.87
4985,103118,Initial,2024-10-12,1946.87
4986,103118,Additional,2025-03-31,252.06
4987,103119,Initial,2023-10-25,5540.32
4988,103120,Initial,2024-08-29,2211.72
4989,103120,Additional,2024-11-13,322.3
4990,103120,Additional,2025-01-18,299.62
4991,103121,Initial,2023-07-14,5288.32
4992,103122,Initial,2022-06-02,2316.27
4993,103122,Additional,2022-10-02,229.28
4994,103123,Initial,2024-04-13,4084.13
4995,103123,Additional,2024-08-25,830.79
4996,103123,Additional,2024-05-08,445.26
4997,103124,Initial,2022-06-05,17450.37
4998,103125,Initial,2024-03-22,5596.74
4999,103125,Additional,2024-05-28,430.93
5000,103125,Additional,2024-07-07,600.23
5001,103126,Initial,2023-05-27,3619.66
5002,103127,Initial,2024-08-18,1628.47
5003,103128,Initial,2024-11-26,3391.8
5004,103128,Additional,2024-12-14,316.0
5005,103129,Initial,2023-05-21,1309.83
5006,103129,Additional,2023-07-21,115.81
5007,103130,Initial,2024-12-07,4172.45
5008,103131,Initial,2022-05-28,5859.91
5009,103131,Additional,2023-02-18,190.22
5010,103132,Initial,2022-05-27,1986.19
5011,103132,Additional,2022-06-11,228.59
5012,103133,Initial,2025-04-18,10332.87
5013,103134,Initial,2023-12-07,8816.4
5014,103134,Additional,2024-01-30,558.56
5015,103135,Initial,2023-06-29,2420.01
5016,103135,Additional,2023-09-04,655.55
5017,103136,Initial,2022-07-08,4737.95
5018,103136,Additional,2023-02-22,811.08
5019,103137,Initial,2022-12-21,1713.15
5020,103137,Additional,2023-03-14,108.57
5021,103138,Initial,2024-04-10,2416.75
5022,103139,Initial,2024-09-21,1325.44
5023,103140,Initial,2025-01-20,2168.89
5024,103140,Additional,2025-10-17,314.87
5025,103141,Initial,2023-05-21,2014.1
5026,103141,Additional,2023-09-30,96.66
5027,103141,Additional,2023-08-23,224.19
5028,103142,Initial,2023-07-07,808.49
5029,103142,Additional,2024-01-20,37.72
5030,103143,Initial,2022-07-19,4557.98
5031,103144,Initial,2022-04-23,5218.77
5032,103144,Additional,2022-06-22,241.57
5033,103145,Initial,2023-06-29,2425.35
5034,103146,Initial,2023-12-07,407.95
5035,103146,Additional,2024-04-05,55.38
5036,103147,Initial,2022-05-14,1898.28
5037,103147,Additional,2022-06-16,179.53
5038,103148,Initial,2023-05-18,803.69
5039,103148,Additional,2023-06-24,90.87
5040,103149,Initial,2024-02-19,1456.86
5041,103150,Initial,2024-09-10,7684.51
5042,103150,Additional,2025-01-31,786.14
5043,103150,Additional,2025-06-23,417.54
5044,103151,Initial,2025-02-10,396.17
5045,103151,Additional,2025-09-02,32.66
5046,103152,Initial,2023-03-02,1516.44
5047,103153,Initial,2023-04-20,4735.56
5048,103153,Additional,2023-09-25,549.7
5049,103154,Initial,2024-11-22,1606.25
5050,103155,Initial,2024-04-25,1526.49
5051,103155,Additional,2024-11-06,192.32
5052,103156,Initial,2022-12-03,10957.61
5053,103157,Initial,2024-04-02,3227.75
5054,103157,Additional,2024-08-19,273.97
5055,103158,Initial,2022-07-22,5713.87
5056,103159,Initial,2023-06-24,3570.69
5057,103160,Initial,2023-01-18,2619.37
5058,103160,Additional,2023-03-04,341.42
5059,103161,Initial,2025-04-07,6586.83
5060,103162,Initial,2022-02-17,9698.9
5061,103163,Initial,2024-11-01,757.44
5062,103163,Additional,2025-04-14,144.35
5063,103163,Additional,2025-07-23,28.95
5064,103164,Initial,2022-12-08,2939.84
5065,103165,Initial,2022-02-28,2530.22
5066,103165,Additional,2022-09-13,98.01
5067,103166,Initial,2024-03-13,1699.9
5068,103167,Initial,2024-03-26,4773.41
5069,103167,Additional,2024-12-10,625.61
5070,103168,Initial,2022-06-21,2695.02
5071,103168,Additional,2023-02-17,212.56
5072,103168,Additional,2022-09-26,463.93
5073,103169,Initial,2022-02-25,9859.11
5074,103170,Initial,2022-05-17,7099.87
5075,103170,Additional,2022-10-29,823.05
5076,103171,Initial,2023-05-23,7594.5
5077,103172,Initial,2022-06-08,1061.06
5078,103173,Initial,2024-05-02,1576.79
5079,103174,Initial,2022-04-13,1335.9
5080,103175,Initial,2024-08-11,8409.0
5081,103176,Initial,2024-11-27,1060.71
5082,103176,Additional,2025-05-28,145.39
5083,103177,Initial,2024-05-20,1294.76
5084,103178,Initial,2025-02-20,1178.28
5085,103178,Additional,2025-06-21,214.11
5086,103179,Initial,2025-02-18,24212.73
5087,103180,Initial,2022-03-07,2649.86
5088,103181,Initial,2023-02-28,4543.47
5089,103181,Additional,2023-06-03,716.46
5090,103182,Initial,2024-07-02,984.65
5091,103182,Additional,2024-11-02,248.35
5092,103182,Additional,2024-10-13,100.28
5093,103183,Initial,2023-02-26,5635.45
5094,103183,Additional,2023-04-03,1185.84
5095,103184,Initial,2024-06-12,643.81
5096,103184,Additional,2025-01-19,63.67
5097,103185,Initial,2024-07-22,1223.21
5098,103185,Additional,2025-01-12,175.67
5099,103186,Initial,2025-04-26,1765.61
5100,103186,Additional,2025-06-11,214.33
5101,103186,Additional,2025-11-17,168.98
5102,103187,Initial,2023-02-01,2868.45
5103,103188,Initial,2023-03-03,1692.26
5104,103189,Initial,2022-02-14,7732.12
5105,103190,Initial,2022-12-26,4348.67
5106,103191,Initial,2022-12-18,1306.41
5107,103192,Initial,2023-07-09,5576.42
5108,103193,Initial,2023-05-22,2198.82
5109,103194,Initial,2024-11-04,2007.54
5110,103195,Initial,2024-08-01,4207.26
5111,103195,Additional,2024-09-19,876.44
5112,103196,Initial,2024-06-02,482.57
5113,103196,Additional,2025-03-14,56.55
5114,103197,Initial,2022-01-07,4295.8
5115,103198,Initial,2023-08-06,1399.25
5116,103199,Initial,2024-06-10,1370.82
5117,103199,Additional,2025-03-04,233.71
5118,103200,Initial,2022-10-24,11587.29
5119,103200,Additional,2023-01-27,1391.71
5120,103201,Initial,2023-05-31,1895.34
5121,103201,Additional,2023-10-05,71.98
5122,103202,Initial,2024-05-26,5694.23
5123,103203,Initial,2024-08-30,3813.4
5124,103203,Additional,2024-10-23,730.14
5125,103204,Initial,2024-11-09,3310.47
5126,103205,Initial,2023-06-12,2283.86
5127,103205,Additional,2024-03-13,480.3
5128,103205,Additional,2023-10-19,417.96
5129,103206,Initial,2023-05-11,2357.49
5130,103206,Additional,2023-08-21,142.71
5131,103207,Initial,2023-04-13,9779.13
5132,103208,Initial,2024-03-30,5068.22
5133,103208,Additional,2024-12-27,269.23
5134,103208,Additional,2024-08-24,682.13
5135,103209,Initial,2023-06-01,1731.2
5136,103210,Initial,2023-04-28,1420.77
5137,103210,Additional,2023-10-17,234.17
5138,103211,Initial,2022-07-31,1803.38
5139,103212,Initial,2023-08-10,5868.59
5140,103213,Initial,2022-10-29,7458.41
5141,103213,Additional,2022-12-18,740.79
5142,103213,Additional,2023-08-01,1294.91
5143,103214,Initial,2023-10-02,3306.85
5144,103214,Additional,2023-11-02,737.03
5145,103215,Initial,2024-12-05,710.02
5146,103215,Additional,2025-05-15,94.89
5147,103216,Initial,2024-08-03,3889.19
5148,103216,Additional,2024-10-16,237.52
5149,103217,Initial,2023-08-03,7327.03
5150,103217,Additional,2024-02-14,1559.89
5151,103217,Additional,2023-10-04,1504.18
5152,103218,Initial,2025-03-29,2486.13
5153,103219,Initial,2025-03-24,11527.34
5154,103220,Initial,2023-06-18,914.03
5155,103221,Initial,2024-07-14,4538.4
5156,103222,Initial,2023-03-05,1018.41
5157,103222,Additional,2023-08-04,128.28
5158,103223,Initial,2024-12-08,5680.18
5159,103224,Initial,2023-04-10,4523.85
5160,103224,Additional,2023-09-04,275.5
5161,103225,Initial,2022-11-08,9700.57
5162,103225,Additional,2022-12-18,850.24
5163,103226,Initial,2022-06-26,3288.31
5164,103226,Additional,2022-12-16,370.78
5165,103227,Initial,2024-10-24,2284.13
5166,103227,Additional,2025-04-27,182.71
5167,103227,Additional,2025-05-08,274.4
5168,103228,Initial,2022-12-31,1764.28
5169,103229,Initial,2024-09-02,1954.99
5170,103229,Additional,2025-05-24,124.98
5171,103230,Initial,2022-04-20,1472.2
5172,103230,Additional,2022-06-10,148.18
5173,103231,Initial,2023-08-27,7951.53
5174,103231,Additional,2023-09-25,1474.5
5175,103232,Initial,2023-06-17,5689.71
5176,103232,Additional,2024-02-17,946.59
5177,103232,Additional,2024-03-22,623.3
5178,103233,Initial,2023-06-22,796.92
5179,103233,Additional,2024-02-11,119.61
5180,103233,Additional,2024-02-11,130.28
5181,103234,Initial,2022-08-04,2497.27
5182,103234,Additional,2023-01-01,296.45
5183,103235,Initial,2022-04-09,2597.7
5184,103236,Initial,2023-03-11,1664.63
5185,103237,Initial,2023-07-27,4061.71
5186,103238,Initial,2024-08-22,6594.17
5187,103239,Initial,2023-07-19,5448.43
5188,103240,Initial,2022-10-30,7460.63
5189,103240,Additional,2023-06-24,436.82
5190,103240,Additional,2023-05-15,1509.76
5191,103241,Initial,2022-11-13,1561.34
5192,103241,Additional,2023-08-28,251.58
5193,103242,Initial,2024-01-12,3004.61
5194,103242,Additional,2024-03-28,413.55
5195,103243,Initial,2023-06-11,1272.77
5196,103243,Additional,2023-11-06,66.98
5197,103244,Initial,2024-12-31,3051.69
5198,103245,Initial,2023-06-14,3390.22
5199,103246,Initial,2023-11-22,5261.6
5200,103246,Additional,2023-12-18,1099.32
5201,103246,Additional,2024-03-20,417.86
5202,103247,Initial,2022-03-19,6398.36
5203,103248,Initial,2022-09-03,4807.69
5204,103248,Additional,2023-02-21,871.56
5205,103249,Initial,2024-10-26,1542.98
5206,103249,Additional,2025-03-06,166.38
5207,103250,Initial,2023-02-25,1000.42
5208,103251,Initial,2023-05-24,3530.56
5209,103252,Initial,2023-12-22,7858.91
5210,103253,Initial,2022-03-25,3055.25
5211,103254,Initial,2023-09-13,979.11
5212,103255,Initial,2023-02-23,11001.46
5213,103256,Initial,2022-07-01,3315.2
5214,103257,Initial,2023-05-30,2530.35
5215,103258,Initial,2023-06-24,1171.03
5216,103259,Initial,2022-08-20,2231.08
5217,103259,Additional,2022-10-09,452.25
5218,103260,Initial,2023-10-23,4457.63
5219,103261,Initial,2024-06-18,3822.3
5220,103261,Additional,2025-01-26,389.5
5221,103262,Initial,2022-11-21,1688.94
5222,103262,Additional,2023-04-27,264.36
5223,103263,Initial,2025-03-17,2762.22
5224,103264,Initial,2024-01-08,1514.13
5225,103265,Initial,2024-07-19,9060.98
5226,103265,Additional,2025-02-11,1342.62
5227,103266,Initial,2022-04-07,5413.65
5228,103267,Initial,2024-07-14,1588.67
5229,103267,Additional,2024-08-28,99.14
5230,103268,Initial,2023-02-14,1006.78
5231,103268,Additional,2023-04-04,231.27
5232,103269,Initial,2024-05-19,2765.77
5233,103269,Additional,2024-06-30,144.37
5234,103270,Initial,2024-09-07,1735.62
5235,103271,Initial,2022-11-13,1914.37
5236,103271,Additional,2023-03-24,84.2
5237,103271,Additional,2023-03-15,415.26
5238,103272,Initial,2022-11-12,975.16
5239,103272,Additional,2023-06-03,152.4
5240,103273,Initial,2022-03-30,1254.09
5241,103274,Initial,2024-01-04,2649.46
5242,103274,Additional,2024-10-09,447.51
5243,103275,Initial,2024-08-01,2392.15
5244,103275,Additional,2024-09-12,283.36
5245,103276,Initial,2023-05-15,19083.85
5246,103277,Initial,2022-07-27,4531.88
5247,103277,Additional,2023-03-23,157.21
5248,103278,Initial,2023-01-29,1114.74
5249,103278,Additional,2023-09-25,210.34
5250,103279,Initial,2023-05-02,683.68
5251,103280,Initial,2025-01-10,3874.03
5252,103280,Additional,2025-09-26,679.86
5253,103281,Initial,2022-06-04,2021.1
5254,103281,Additional,2022-11-11,102.96
5255,103281,Additional,2023-02-26,228.01
5256,103282,Initial,2023-02-21,6140.28
5257,103282,Additional,2023-04-08,621.41
5258,103283,Initial,2024-02-14,2812.27
5259,103284,Initial,2022-10-19,528.86
5260,103284,Additional,2023-07-11,111.67
5261,103285,Initial,2024-12-04,1220.38
5262,103285,Additional,2025-01-07,57.01
5263,103286,Initial,2024-12-30,1525.75
5264,103286,Additional,2025-06-22,327.16
5265,103287,Initial,2023-04-12,3265.18
5266,103288,Initial,2024-06-27,1316.71
5267,103288,Additional,2024-09-23,164.46
5268,103288,Additional,2024-09-29,224.04
5269,103289,Initial,2024-07-07,2985.27
5270,103289,Additional,2025-03-21,630.17
5271,103290,Initial,2024-04-14,792.48
5272,103291,Initial,2022-08-26,2815.26
5273,103291,Additional,2023-04-22,423.94
5274,103291,Additional,2023-03-31,177.76
5275,103292,Initial,2022-03-10,3048.77
5276,103293,Initial,2023-03-04,6737.05
5277,103293,Additional,2023-05-11,1329.41
5278,103294,Initial,2022-06-08,2632.28
5279,103295,Initial,2023-01-01,1499.6
5280,103296,Initial,2024-02-23,6816.17
5281,103296,Additional,2024-06-28,491.96
5282,103297,Initial,2023-12-20,2222.71
5283,103297,Additional,2024-04-14,389.78
5284,103297,Additional,2024-01-07,246.71
5285,103298,Initial,2022-09-22,4143.64
5286,103299,Initial,2022-01-27,1690.17
5287,103299,Additional,2022-03-03,89.38
5288,103300,Initial,2022-10-06,3192.31
5289,103301,Initial,2023-07-10,1455.51
5290,103301,Additional,2024-02-25,192.37
5291,103302,Initial,2024-07-26,3944.02
5292,103303,Initial,2023-03-15,4684.95
5293,103304,Initial,2022-12-11,1625.16
5294,103304,Additional,2023-02-18,211.83
5295,103305,Initial,2023-11-10,1961.89
5296,103305,Additional,2024-01-29,135.15
5297,103306,Initial,2022-04-02,2817.19
5298,103307,Initial,2022-10-11,1522.72
5299,103307,Additional,2023-01-10,231.07
5300,103308,Initial,2022-02-24,966.07
5301,103309,Initial,2023-09-29,3991.16
5302,103310,Initial,2023-06-17,2816.9
5303,103311,Initial,2023-12-09,2695.98
5304,103311,Additional,2024-06-08,111.52
5305,103312,Initial,2024-01-19,3977.54
5306,103313,Initial,2023-04-23,4632.63
5307,103313,Additional,2023-11-19,759.47
5308,103314,Initial,2024-11-22,2598.52
5309,103315,Initial,2025-01-15,1070.62
5310,103315,Additional,2025-09-01,85.17
5311,103316,Initial,2022-05-31,1592.96
5312,103316,Additional,2022-07-31,136.87
5313,103317,Initial,2025-01-21,4275.1
5314,103317,Additional,2025-08-25,485.19
5315,103317,Additional,2025-03-11,821.85
5316,103318,Initial,2022-09-07,2381.32
5317,103319,Initial,2022-10-29,1675.76
5318,103320,Initial,2023-09-30,1252.98
5319,103320,Additional,2024-03-16,154.19
5320,103321,Initial,2022-02-08,4348.98
5321,103321,Additional,2022-05-03,891.42
5322,103322,Initial,2023-03-30,2551.69
5323,103323,Initial,2022-08-26,4644.43
5324,103323,Additional,2022-12-30,254.48
5325,103323,Additional,2022-09-24,655.55
5326,103324,Initial,2023-08-07,5766.42
5327,103325,Initial,2024-09-19,2368.65
5328,103326,Initial,2025-01-31,5885.0
5329,103327,Initial,2022-09-18,2817.82
5330,103327,Additional,2022-12-25,297.78
5331,103328,Initial,2023-10-22,3512.44
5332,103329,Initial,2023-08-08,415.65
5333,103330,Initial,2023-05-24,1164.48
5334,103331,Initial,2024-02-18,1446.6
5335,103331,Additional,2024-11-12,134.6
5336,103331,Additional,2024-07-29,261.48
5337,103332,Initial,2025-04-12,2164.65
5338,103332,Additional,2025-06-01,429.63
5339,103333,Initial,2023-05-02,3161.01
5340,103333,Additional,2023-12-21,437.49
5341,103334,Initial,2022-03-29,2681.0
5342,103335,Initial,2025-01-22,3666.29
5343,103336,Initial,2025-02-02,1679.57
5344,103336,Additional,2025-09-27,106.77
5345,103337,Initial,2023-01-30,4610.68
5346,103338,Initial,2023-08-29,10289.66
5347,103338,Additional,2024-04-14,2268.26
5348,103338,Additional,2024-02-25,1866.14
5349,103339,Initial,2024-11-15,1832.23
5350,103339,Additional,2025-01-30,373.82
5351,103340,Initial,2023-08-30,1747.45
5352,103341,Initial,2023-08-03,1306.89
5353,103341,Additional,2023-10-25,151.25
5354,103342,Initial,2025-01-19,2893.18
5355,103343,Initial,2024-09-28,1679.54
5356,103344,Initial,2023-09-15,738.92
5357,103344,Additional,2024-03-03,42.94
5358,103344,Additional,2023-12-12,119.32
5359,103345,Initial,2022-07-13,916.46
5360,103346,Initial,2023-06-30,6467.59
5361,103347,Initial,2024-04-04,6186.7
5362,103348,Initial,2022-12-03,7697.54
5363,103349,Initial,2023-10-22,2874.99
5364,103350,Initial,2024-03-12,1060.21
5365,103351,Initial,2022-04-23,2045.11
5366,103352,Initial,2023-12-04,1013.73
5367,103352,Additional,2024-07-23,177.78
5368,103353,Initial,2024-06-14,825.05
5369,103353,Additional,2025-01-31,117.83
5370,103354,Initial,2022-10-02,3662.13
5371,103354,Additional,2022-12-02,463.05
5372,103355,Initial,2023-10-30,4229.05
5373,103355,Additional,2024-03-01,629.75
5374,103356,Initial,2024-05-02,13439.05
5375,103357,Initial,2022-03-10,2240.67
5376,103358,Initial,2024-02-16,936.58
5377,103359,Initial,2022-11-20,2099.41
5378,103360,Initial,2023-04-22,2528.44
5379,103360,Additional,2023-10-20,106.81
5380,103361,Initial,2024-02-28,1892.27
5381,103361,Additional,2024-11-29,183.24
5382,103362,Initial,2022-01-19,2953.58
5383,103363,Initial,2022-01-27,1256.62
5384,103364,Initial,2023-06-28,2598.57
5385,103364,Additional,2023-10-06,172.38
5386,103365,Initial,2025-02-20,4019.91
5387,103366,Initial,2022-01-12,7577.48
5388,103367,Initial,2024-08-06,2743.37
5389,103367,Additional,2024-10-17,502.0
5390,103367,Additional,2024-09-23,243.69
5391,103368,Initial,2022-04-15,6273.89
5392,103369,Initial,2023-08-24,1640.18
5393,103369,Additional,2024-01-14,168.76
5394,103370,Initial,2023-06-02,1976.64
5395,103370,Additional,2023-11-20,217.96
5396,103371,Initial,2023-07-16,6211.65
5397,103371,Additional,2024-02-17,980.68
5398,103372,Initial,2022-04-22,967.5
5399,103373,Initial,2024-06-30,1929.71
5400,103373,Additional,2025-04-08,212.88
5401,103374,Initial,2022-12-14,6497.34
5402,103375,Initial,2024-07-14,2096.58
5403,103375,Additional,2025-01-16,474.73
5404,103376,Initial,2024-03-10,2292.05
5405,103377,Initial,2023-10-24,2508.41
5406,103377,Additional,2023-12-16,138.39
5407,103377,Additional,2024-02-28,94.52
5408,103378,Initial,2023-01-17,2460.71
5409,103379,Initial,2024-02-22,6326.19
5410,103380,Initial,2025-04-26,5337.52
5411,103380,Additional,2025-07-20,356.65
5412,103381,Initial,2025-01-20,2794.86
5413,103381,Additional,2025-05-25,308.46
5414,103381,Additional,2025-08-18,349.74
5415,103382,Initial,2025-01-05,6444.21
5416,103382,Additional,2025-09-04,292.75
5417,103383,Initial,2022-10-10,3885.13
5418,103383,Additional,2023-04-01,453.04
5419,103384,Initial,2023-12-13,4406.3
5420,103384,Additional,2024-05-13,549.48
5421,103385,Initial,2023-05-07,1058.37
5422,103386,Initial,2025-03-21,10439.19
5423,103387,Initial,2025-03-04,3113.98
5424,103387,Additional,2025-04-04,455.23
5425,103388,Initial,2024-11-12,329.39
5426,103389,Initial,2022-08-03,8885.35
5427,103389,Additional,2023-04-01,1243.91
5428,103390,Initial,2023-01-31,3118.1
5429,103390,Additional,2023-08-24,173.97
5430,103391,Initial,2024-05-07,2230.81
5431,103392,Initial,2024-06-18,1679.13
5432,103392,Additional,2025-03-19,99.04
5433,103393,Initial,2023-03-15,3995.09
5434,103393,Additional,2023-07-08,531.0
5435,103393,Additional,2023-07-13,514.5
5436,103394,Initial,2022-06-14,1226.58
5437,103395,Initial,2022-06-21,1853.46
5438,103395,Additional,2022-12-01,75.13
5439,103396,Initial,2024-04-15,1625.34
5440,103396,Additional,2024-10-09,229.29
5441,103397,Initial,2023-07-10,2036.53
5442,103397,Additional,2023-08-18,438.07
5443,103398,Initial,2023-08-22,1998.26
5444,103398,Additional,2024-03-19,326.4
5445,103399,Initial,2024-09-22,5514.86
5446,103400,Initial,2022-01-21,3675.5
5447,103400,Additional,2022-10-23,551.05
5448,103401,Initial,2024-06-30,3934.5
5449,103402,Initial,2022-12-15,3735.33
5450,103402,Additional,2023-05-19,430.7
5451,103403,Initial,2025-02-02,2553.48
5452,103404,Initial,2025-03-06,1128.94
5453,103404,Additional,2025-08-21,259.16
5454,103405,Initial,2023-09-12,8788.61
5455,103405,Additional,2024-06-17,1913.97
5456,103406,Initial,2023-01-18,5568.11
5457,103407,Initial,2022-10-25,9374.15
5458,103408,Initial,2022-08-06,5312.22
5459,103409,Initial,2025-04-27,1596.31
5460,103409,Additional,2025-09-08,79.3
5461,103410,Initial,2022-08-30,419.17
5462,103410,Additional,2022-10-30,28.05
5463,103410,Additional,2023-02-13,70.28
5464,103411,Initial,2023-06-28,964.8
5465,103411,Additional,2023-09-28,169.86
5466,103412,Initial,2023-08-11,3600.86
5467,103413,Initial,2024-04-08,2237.26
5468,103413,Additional,2024-08-20,276.39
5469,103413,Additional,2024-08-09,241.76
5470,103414,Initial,2024-10-09,1840.64
5471,103415,Initial,2023-11-01,385.03
5472,103415,Additional,2024-08-18,31.09
5473,103416,Initial,2024-06-29,2413.26
5474,103417,Initial,2023-11-23,1346.34
5475,103417,Additional,2024-07-29,151.99
5476,103418,Initial,2023-06-23,1358.77
5477,103419,Initial,2022-07-27,5201.67
5478,103420,Initial,2022-09-11,1413.95
5479,103420,Additional,2023-01-13,71.76
5480,103421,Initial,2023-06-20,1096.26
5481,103421,Additional,2023-09-23,150.75
5482,103422,Initial,2022-03-07,3220.37
5483,103423,Initial,2023-01-22,5845.43
5484,103423,Additional,2023-03-24,277.1
5485,103423,Additional,2023-09-15,353.65
5486,103424,Initial,2023-07-11,1873.83
5487,103424,Additional,2023-08-25,301.44
5488,103425,Initial,2023-08-07,8005.26
5489,103426,Initial,2024-09-19,944.29
5490,103426,Additional,2025-03-28,105.18
5491,103426,Additional,2024-11-28,105.38
5492,103427,Initial,2025-03-13,795.11
5493,103427,Additional,2025-11-01,50.74
5494,103428,Initial,2024-06-10,717.94
5495,103429,Initial,2022-04-16,639.85
5496,103429,Additional,2022-08-16,158.89
5497,103430,Initial,2023-05-13,3308.72
5498,103430,Additional,2023-08-07,564.91
5499,103431,Initial,2024-06-10,1352.1
5500,103431,Additional,2024-10-21,62.18
5501,103432,Initial,2023-12-18,829.46
5502,103433,Initial,2023-07-22,3243.44
5503,103434,Initial,2023-06-15,4211.41
5504,103435,Initial,2023-05-21,5773.34
5505,103435,Additional,2023-12-13,221.58
5506,103436,Initial,2023-11-28,4780.02
5507,103437,Initial,2022-08-03,1166.29
5508,103438,Initial,2023-09-25,3410.73
5509,103438,Additional,2023-12-11,261.03
5510,103438,Additional,2023-12-10,128.5
5511,103439,Initial,2022-09-05,3129.46
5512,103440,Initial,2024-04-04,1626.29
5513,103441,Initial,2024-11-18,2579.96
5514,103442,Initial,2023-09-15,1121.44
5515,103442,Additional,2024-04-05,111.58
5516,103443,Initial,2023-04-23,1341.87
5517,103443,Additional,2023-09-16,176.25
5518,103444,Initial,2025-02-12,3513.75
5519,103444,Additional,2025-11-04,589.34
5520,103445,Initial,2024-03-04,8130.45
5521,103446,Initial,2023-06-01,5627.48
5522,103446,Additional,2023-08-18,944.74
5523,103447,Initial,2022-02-18,4863.3
5524,103447,Additional,2022-07-24,883.47
5525,103448,Initial,2022-01-31,2413.42
5526,103449,Initial,2022-10-07,2283.67
5527,103449,Additional,2023-06-05,189.84
5528,103449,Additional,2023-06-26,478.14
5529,103450,Initial,2022-10-20,1016.3
5530,103450,Additional,2023-04-17,100.55
5531,103451,Initial,2024-05-18,1356.09
5532,103452,Initial,2023-09-10,1436.14
5533,103452,Additional,2024-02-13,150.01
5534,103452,Additional,2024-05-02,129.14
5535,103453,Initial,2025-05-01,3333.55
5536,103454,Initial,2023-10-22,5929.38
5537,103455,Initial,2024-12-26,3841.79
5538,103456,Initial,2023-11-11,6414.03
5539,103457,Initial,2023-03-08,3226.74
5540,103458,Initial,2024-05-25,1127.57
5541,103458,Additional,2024-06-27,258.3
5542,103458,Additional,2024-10-24,195.39
5543,103459,Initial,2023-07-08,2481.26
5544,103459,Additional,2023-09-17,413.71
5545,103460,Initial,2022-12-08,1557.47
5546,103461,Initial,2023-08-07,4900.96
5547,103462,Initial,2024-03-11,2361.98
5548,103463,Initial,2023-03-31,2542.74
5549,103464,Initial,2024-05-04,3881.92
5550,103465,Initial,2025-04-05,1681.91
5551,103466,Initial,2023-05-12,5197.2
5552,103467,Initial,2022-12-28,927.02
5553,103468,Initial,2023-04-29,3103.46
5554,103468,Additional,2023-06-01,418.85
5555,103469,Initial,2024-10-07,2344.9
5556,103469,Additional,2024-12-28,202.13
5557,103469,Additional,2025-05-24,517.42
5558,103470,Initial,2022-08-07,5768.39
5559,103471,Initial,2025-03-31,951.72
5560,103471,Additional,2025-07-02,85.07
5561,103471,Additional,2025-06-25,163.98
5562,103472,Initial,2023-05-12,854.52
5563,103472,Additional,2023-09-11,105.17
5564,103473,Initial,2024-10-18,5090.71
5565,103474,Initial,2024-08-19,1758.01
5566,103474,Additional,2024-12-17,173.64
5567,103475,Initial,2024-08-16,2583.97
5568,103475,Additional,2024-10-07,370.69
5569,103475,Additional,2024-10-18,308.5
5570,103476,Initial,2025-01-11,1785.94
5571,103477,Initial,2022-08-16,4848.2
5572,103478,Initial,2023-12-23,3072.65
5573,103479,Initial,2022-05-16,2733.17
5574,103480,Initial,2022-12-28,919.5
5575,103481,Initial,2022-03-06,3339.71
5576,103481,Additional,2022-04-07,566.87
5577,103482,Initial,2024-03-30,1439.32
5578,103482,Additional,2025-01-18,233.85
5579,103483,Initial,2024-01-04,1402.98
5580,103483,Additional,2024-08-05,264.28
5581,103484,Initial,2024-06-20,806.26
5582,103485,Initial,2022-08-18,2586.0
5583,103485,Additional,2023-01-17,471.64
5584,103485,Additional,2022-11-22,264.53
5585,103486,Initial,2023-02-04,6182.38
5586,103487,Initial,2024-04-01,3303.7
5587,103487,Additional,2024-08-20,298.44
5588,103487,Additional,2024-05-25,512.97
5589,103488,Initial,2024-09-23,1955.77
5590,103488,Additional,2025-06-19,211.84
5591,103489,Initial,2024-12-15,3003.42
5592,103490,Initial,2022-04-16,2329.22
5593,103490,Additional,2022-06-15,120.67
5594,103491,Initial,2023-05-17,2424.87
5595,103492,Initial,2022-01-23,3514.31
5596,103493,Initial,2024-09-10,1028.59
5597,103493,Additional,2024-12-27,265.43
5598,103493,Additional,2025-01-20,213.59
5599,103494,Initial,2022-06-06,3107.39
5600,103495,Initial,2024-09-14,809.63
5601,103496,Initial,2022-07-14,4090.26
5602,103496,Additional,2022-10-10,301.75
5603,103497,Initial,2022-01-31,1029.76
5604,103497,Additional,2022-03-02,67.67
5605,103497,Additional,2022-02-18,133.05
5606,103498,Initial,2024-11-28,5905.05
5607,103498,Additional,2025-05-26,642.66
5608,103499,Initial,2023-06-23,427.92
5609,103499,Additional,2024-02-14,80.5
5610,103500,Initial,2023-05-29,10120.58
5611,103500,Additional,2024-02-21,1941.66
