policy_id,insured_id,insurer_id,product_id,location_id,inception_date,expiry_date,policy_status,currency,written_premium
100001,971,5,3,7,2022-08-02,2023-08-02,Expired,EUR,2006.97
100002,413,6,6,6,2024-10-17,2025-10-17,Expired,GBP,1238.98
100003,1037,4,8,22,2023-04-14,2024-04-13,Expired,EUR,2139.4
100004,644,10,3,26,2025-03-03,2026-03-03,Expired,EUR,5386.94
100005,409,12,5,5,2022-06-05,2023-06-05,Expired,EUR,6418.23
100006,593,12,7,35,2023-07-13,2024-07-12,Expired,EUR,4292.68
100007,10,10,2,13,2024-12-18,2025-12-18,Active,EUR,8111.82
100008,453,5,5,27,2022-02-26,2023-02-26,Active,GBP,12050.98
100009,888,10,3,31,2022-11-15,2023-11-15,Active,GBP,2292.91
100010,207,3,6,2,2022-04-11,2023-04-11,Active,EUR,10045.93
100011,178,11,6,35,2023-01-21,2024-01-21,Active,EUR,2709.69
100012,984,4,2,39,2023-04-14,2024-04-13,Expired,EUR,7078.99
100013,643,5,2,39,2024-01-13,2025-01-12,Active,GBP,5605.08
100014,205,2,1,6,2022-11-06,2023-11-06,Active,EUR,747.85
100015,1122,1,1,16,2022-07-10,2023-07-10,Active,GBP,1596.12
100016,1164,5,1,10,2022-07-23,2023-07-23,Expired,GBP,1318.22
100017,53,7,6,19,2025-01-31,2026-01-31,Expired,EUR,865.64
100018,303,1,8,39,2025-02-17,2026-02-17,Expired,GBP,6370.84
100019,556,11,4,31,2022-09-23,2023-09-23,Cancelled,EUR,15546.31
100020,1098,2,8,31,2022-08-23,2023-08-23,Cancelled,EUR,2715.54
100021,112,12,6,17,2022-03-07,2023-03-07,Expired,EUR,6251.75
100022,1209,4,7,38,2025-02-25,2026-02-25,Expired,EUR,10031.34
100023,480,5,6,37,2024-04-27,2025-04-27,Active,EUR,3851.62
100024,188,2,2,33,2024-07-02,2025-07-02,Expired,EUR,3232.51
100025,1296,10,5,33,2022-12-15,2023-12-15,Active,EUR,2740.06
100026,131,9,5,27,2024-02-09,2025-02-08,Expired,EUR,4930.37
100027,195,1,6,4,2022-03-13,2023-03-13,Active,GBP,6348.8
100028,1425,2,7,12,2024-03-22,2025-03-22,Active,GBP,4658.06
100029,780,8,1,31,2023-11-27,2024-11-26,Active,EUR,4539.61
100030,695,11,6,14,2023-02-02,2024-02-02,Expired,GBP,3170.35
100031,1032,2,7,7,2024-05-02,2025-05-02,Expired,EUR,997.53
100032,946,3,1,38,2024-02-15,2025-02-14,Active,GBP,6459.37
100033,921,7,4,20,2023-06-11,2024-06-10,Expired,EUR,1257.06
100034,35,2,8,35,2022-08-13,2023-08-13,Active,GBP,5242.42
100035,828,4,1,12,2022-01-29,2023-01-29,Expired,EUR,5806.9
100036,419,1,2,15,2025-01-30,2026-01-30,Active,GBP,1400.63
100037,1212,6,7,14,2022-12-04,2023-12-04,Active,EUR,2088.39
100038,759,9,2,15,2022-12-29,2023-12-29,Expired,EUR,16173.12
100039,186,5,6,18,2024-03-28,2025-03-28,Expired,GBP,3103.82
100040,1330,4,8,12,2022-11-03,2023-11-03,Expired,GBP,1319.28
100041,427,6,4,33,2023-03-27,2024-03-26,Expired,EUR,6006.87
100042,408,7,4,14,2024-05-03,2025-05-03,Cancelled,EUR,1845.48
100043,1405,2,4,18,2023-12-16,2024-12-15,Active,GBP,780.24
100044,1163,2,3,35,2024-02-27,2025-02-26,Active,EUR,4865.03
100045,1290,3,4,18,2022-01-06,2023-01-06,Cancelled,GBP,1656.62
100046,994,12,5,1,2023-06-26,2024-06-25,Active,GBP,4191.82
100047,1366,9,8,1,2023-07-25,2024-07-24,Expired,EUR,1790.92
100048,173,2,8,18,2024-01-29,2025-01-28,Active,GBP,5599.34
100049,900,4,7,26,2022-07-01,2023-07-01,Expired,EUR,3780.55
100050,441,5,1,38,2022-07-11,2023-07-11,Active,GBP,472.53
100051,598,3,3,6,2024-07-03,2025-07-03,Expired,EUR,4387.48
100052,357,11,7,22,2024-03-18,2025-03-18,Expired,EUR,2651.02
100053,308,12,5,12,2024-08-31,2025-08-31,Active,GBP,9533.22
100054,664,3,3,19,2022-11-21,2023-11-21,Active,EUR,4431.11
100055,1378,1,3,18,2025-04-12,2026-04-12,Active,EUR,5808.74
100056,954,4,1,13,2022-11-24,2023-11-24,Active,GBP,1933.51
100057,525,7,3,1,2024-02-21,2025-02-20,Active,EUR,1821.56
100058,651,10,4,3,2022-07-14,2023-07-14,Cancelled,GBP,3231.7
100059,795,5,4,21,2025-01-07,2026-01-07,Active,GBP,2513.77
100060,367,4,5,9,2023-02-03,2024-02-03,Expired,EUR,8986.75
100061,782,3,3,14,2024-08-20,2025-08-20,Expired,GBP,2936.61
100062,1044,1,2,4,2023-02-02,2024-02-02,Active,EUR,1314.73
100063,365,1,8,2,2024-08-07,2025-08-07,Active,EUR,1771.03
100064,877,6,4,6,2023-06-30,2024-06-29,Expired,EUR,6793.95
100065,1063,8,3,16,2022-03-16,2023-03-16,Expired,GBP,2906.07
100066,779,1,6,7,2022-08-17,2023-08-17,Expired,GBP,2791.87
100067,438,3,5,10,2024-03-31,2025-03-31,Expired,EUR,7296.43
100068,832,11,5,13,2022-08-20,2023-08-20,Expired,GBP,1658.93
100069,1190,12,2,12,2022-11-27,2023-11-27,Expired,EUR,616.23
100070,333,8,6,1,2023-10-13,2024-10-12,Expired,EUR,1737.76
100071,863,7,2,5,2022-10-31,2023-10-31,Cancelled,EUR,3950.38
100072,1021,7,7,39,2022-06-04,2023-06-04,Active,EUR,2732.21
100073,483,5,4,27,2024-01-20,2025-01-19,Cancelled,GBP,1022.16
100074,582,3,4,5,2024-04-06,2025-04-06,Expired,GBP,7058.9
100075,1334,5,4,12,2024-05-29,2025-05-29,Expired,EUR,3724.26
100076,546,9,4,16,2025-02-06,2026-02-06,Expired,EUR,4410.58
100077,898,8,6,37,2022-05-30,2023-05-30,Cancelled,GBP,4512.96
100078,225,9,4,36,2023-05-28,2024-05-27,Expired,GBP,1244.02
100079,1389,8,2,31,2022-10-08,2023-10-08,Expired,EUR,4134.66
100080,896,1,5,5,2024-12-17,2025-12-17,Expired,GBP,6506.72
100081,1141,8,3,20,2023-10-10,2024-10-09,Expired,EUR,7748.33
100082,904,11,1,20,2022-04-28,2023-04-28,Expired,GBP,5658.69
100083,534,8,7,26,2024-04-10,2025-04-10,Active,EUR,4840.86
100084,511,7,3,34,2022-02-21,2023-02-21,Active,EUR,895.1
100085,1052,3,5,13,2022-11-26,2023-11-26,Active,EUR,3257.77
100086,1290,10,2,23,2024-05-15,2025-05-15,Expired,EUR,1607.72
100087,192,6,3,11,2023-08-31,2024-08-30,Expired,GBP,8618.15
100088,1269,4,4,9,2024-07-02,2025-07-02,Expired,EUR,7690.83
100089,1246,6,2,13,2023-11-17,2024-11-16,Expired,EUR,1615.02
100090,164,2,8,30,2024-10-08,2025-10-08,Expired,EUR,3182.8
100091,163,12,3,18,2023-11-07,2024-11-06,Active,EUR,3969.45
100092,1043,9,5,28,2022-03-10,2023-03-10,Expired,EUR,6474.28
100093,1265,4,5,28,2022-03-27,2023-03-27,Expired,GBP,937.57
100094,591,10,4,15,2024-07-21,2025-07-21,Expired,EUR,628.15
100095,961,1,5,39,2022-02-16,2023-02-16,Expired,GBP,3390.09
100096,1500,5,5,2,2023-03-28,2024-03-27,Cancelled,EUR,493.46
100097,485,8,1,36,2022-01-20,2023-01-20,Active,EUR,3710.53
100098,338,1,6,1,2022-12-31,2023-12-31,Expired,EUR,5136.65
100099,1488,9,1,16,2023-12-16,2024-12-15,Expired,GBP,8325.35
100100,421,10,4,34,2022-07-27,2023-07-27,Expired,EUR,2065.39
100101,709,8,3,28,2023-07-14,2024-07-13,Active,EUR,3717.8
100102,664,3,4,13,2025-04-10,2026-04-10,Active,GBP,5370.26
100103,785,9,1,36,2022-03-26,2023-03-26,Active,EUR,1364.05
100104,404,5,6,6,2022-03-18,2023-03-18,Expired,GBP,6545.35
100105,1019,9,4,27,2022-11-22,2023-11-22,Active,EUR,4047.1
100106,1038,8,1,21,2024-09-19,2025-09-19,Expired,EUR,2092.08
100107,301,2,1,9,2023-05-02,2024-05-01,Expired,EUR,3662.99
100108,722,2,5,37,2024-02-07,2025-02-06,Expired,GBP,2967.57
100109,87,1,6,31,2022-02-10,2023-02-10,Expired,GBP,5913.87
100110,332,1,5,1,2024-06-01,2025-06-01,Expired,EUR,2514.06
100111,1481,4,6,4,2022-03-22,2023-03-22,Active,EUR,3906.19
100112,760,1,7,3,2024-05-04,2025-05-04,Cancelled,GBP,2067.93
100113,935,12,7,17,2022-06-27,2023-06-27,Expired,GBP,1630.46
100114,1334,11,8,17,2024-10-27,2025-10-27,Expired,EUR,3746.77
100115,1071,3,8,29,2022-12-22,2023-12-22,Expired,EUR,1681.47
100116,1189,4,7,28,2022-08-09,2023-08-09,Active,GBP,6005.53
100117,1069,9,4,1,2023-02-09,2024-02-09,Expired,EUR,5136.74
100118,749,8,5,20,2022-01-01,2023-01-01,Active,EUR,1855.97
100119,949,7,5,32,2022-07-18,2023-07-18,Expired,EUR,3867.39
100120,433,12,2,36,2023-12-20,2024-12-19,Active,EUR,1849.6
100121,1336,8,6,12,2022-12-27,2023-12-27,Expired,EUR,989.07
100122,270,9,5,2,2023-03-01,2024-02-29,Active,GBP,2105.02
100123,1327,7,5,7,2024-08-26,2025-08-26,Active,EUR,3172.46
100124,1318,7,7,14,2022-05-29,2023-05-29,Active,GBP,4871.01
100125,214,4,6,18,2023-04-21,2024-04-20,Expired,EUR,3685.31
100126,1066,7,8,15,2022-08-12,2023-08-12,Active,GBP,6507.79
100127,1485,12,8,4,2023-08-03,2024-08-02,Expired,GBP,1578.33
100128,859,5,7,14,2023-02-03,2024-02-03,Active,GBP,2483.63
100129,511,2,3,12,2022-02-25,2023-02-25,Expired,GBP,11308.11
100130,1320,8,2,20,2022-03-26,2023-03-26,Active,EUR,774.09
100131,769,10,3,4,2024-10-19,2025-10-19,Cancelled,EUR,2347.33
100132,183,12,6,32,2022-03-10,2023-03-10,Active,EUR,1474.95
100133,374,7,7,17,2024-07-28,2025-07-28,Active,EUR,2845.38
100134,1024,10,8,13,2025-01-04,2026-01-04,Active,EUR,2378.36
100135,684,4,6,37,2023-07-13,2024-07-12,Active,GBP,5175.11
100136,326,6,6,30,2023-01-10,2024-01-10,Expired,EUR,3990.38
100137,1199,6,8,6,2024-07-20,2025-07-20,Active,GBP,1237.42
100138,181,4,6,6,2025-03-24,2026-03-24,Expired,GBP,2119.38
100139,329,9,2,1,2022-05-25,2023-05-25,Expired,GBP,3294.18
100140,699,11,5,23,2025-03-03,2026-03-03,Active,GBP,5736.1
100141,60,4,3,15,2025-02-06,2026-02-06,Expired,EUR,20429.13
100142,582,2,6,16,2022-06-21,2023-06-21,Active,GBP,5580.85
100143,1365,10,6,21,2022-03-07,2023-03-07,Active,GBP,1541.68
100144,1412,11,3,22,2024-05-07,2025-05-07,Active,EUR,3070.56
100145,1308,12,3,1,2022-04-04,2023-04-04,Active,GBP,3773.4
100146,486,4,1,5,2023-12-22,2024-12-21,Active,EUR,2231.56
100147,98,9,3,32,2022-03-19,2023-03-19,Cancelled,EUR,4687.68
100148,1223,9,7,39,2024-04-08,2025-04-08,Expired,EUR,599.72
100149,560,10,6,34,2022-10-06,2023-10-06,Cancelled,EUR,4988.36
100150,1124,10,8,37,2022-04-26,2023-04-26,Active,GBP,2304.71
100151,179,12,8,19,2022-03-21,2023-03-21,Expired,EUR,3034.25
100152,1002,6,7,34,2022-08-15,2023-08-15,Active,EUR,9890.13
100153,880,1,2,36,2023-10-11,2024-10-10,Active,GBP,1279.04
100154,1381,3,3,36,2022-04-02,2023-04-02,Expired,EUR,4042.18
100155,153,11,1,6,2024-08-20,2025-08-20,Active,EUR,5975.61
100156,612,11,1,6,2023-12-26,2024-12-25,Expired,GBP,3743.41
100157,1485,1,2,17,2022-12-23,2023-12-23,Expired,EUR,981.77
100158,585,5,3,21,2025-03-29,2026-03-29,Expired,GBP,9070.63
100159,988,3,1,39,2024-03-01,2025-03-01,Expired,EUR,2811.53
100160,242,4,7,13,2024-03-17,2025-03-17,Active,EUR,2217.96
100161,1093,8,5,34,2022-07-28,2023-07-28,Active,EUR,2610.08
100162,414,7,6,36,2024-05-02,2025-05-02,Cancelled,EUR,2473.5
100163,859,6,6,39,2023-11-03,2024-11-02,Active,GBP,1349.33
100164,1320,6,8,8,2025-03-27,2026-03-27,Active,EUR,3728.32
100165,992,8,2,10,2023-07-28,2024-07-27,Active,EUR,2105.01
100166,712,9,3,9,2024-03-24,2025-03-24,Expired,EUR,5448.88
100167,286,1,3,30,2023-02-14,2024-02-14,Expired,GBP,4857.1
100168,513,2,5,28,2022-02-18,2023-02-18,Expired,GBP,11150.64
100169,1274,5,5,17,2022-06-03,2023-06-03,Cancelled,GBP,2810.94
100170,325,6,7,4,2024-11-06,2025-11-06,Active,EUR,1803.64
100171,985,12,5,21,2024-06-04,2025-06-04,Expired,EUR,1094.11
100172,728,11,2,30,2023-03-14,2024-03-13,Active,EUR,17068.8
100173,482,8,5,19,2024-04-17,2025-04-17,Active,GBP,5413.12
100174,1075,1,8,11,2022-01-06,2023-01-06,Active,GBP,1959.97
100175,544,2,5,24,2022-02-14,2023-02-14,Cancelled,EUR,11729.55
100176,431,6,5,27,2023-09-01,2024-08-31,Expired,EUR,9109.94
100177,794,8,2,24,2024-01-20,2025-01-19,Expired,GBP,1195.77
100178,1137,8,1,35,2025-01-29,2026-01-29,Active,EUR,1872.25
100179,1297,2,2,13,2024-06-30,2025-06-30,Active,GBP,2983.21
100180,945,11,1,25,2022-11-05,2023-11-05,Expired,EUR,1476.51
100181,993,6,4,35,2024-09-05,2025-09-05,Active,EUR,3064.27
100182,1182,8,8,9,2023-08-13,2024-08-12,Active,GBP,5619.35
100183,404,1,4,12,2024-09-18,2025-09-18,Expired,EUR,1176.21
100184,377,10,6,2,2022-07-28,2023-07-28,Expired,EUR,4104.14
100185,726,7,7,15,2022-02-01,2023-02-01,Expired,EUR,7913.88
100186,947,3,7,2,2022-03-11,2023-03-11,Expired,EUR,4447.8
100187,969,4,6,30,2025-04-04,2026-04-04,Active,EUR,3112.83
100188,231,5,7,4,2022-04-07,2023-04-07,Expired,GBP,1996.05
100189,1171,1,3,28,2025-02-01,2026-02-01,Active,EUR,6143.39
100190,546,12,4,24,2024-05-22,2025-05-22,Expired,EUR,1362.82
100191,1316,10,4,40,2022-06-25,2023-06-25,Expired,GBP,3952.46
100192,1087,11,7,14,2024-11-02,2025-11-02,Active,EUR,3358.12
100193,1475,5,4,14,2022-06-23,2023-06-23,Active,EUR,7663.38
100194,948,7,8,10,2022-06-21,2023-06-21,Expired,GBP,2128.0
100195,792,6,2,22,2023-11-22,2024-11-21,Expired,EUR,2268.1
100196,282,6,2,9,2022-12-12,2023-12-12,Expired,GBP,1298.03
100197,598,8,6,5,2022-12-15,2023-12-15,Expired,EUR,4573.18
100198,1288,6,7,38,2022-08-23,2023-08-23,Expired,EUR,2397.4
100199,574,10,6,28,2023-12-31,2024-12-30,Active,EUR,1725.8
100200,81,1,3,5,2022-02-02,2023-02-02,Expired,EUR,1853.61
100201,368,3,1,25,2022-10-22,2023-10-22,Cancelled,GBP,4928.69
100202,893,11,3,13,2023-10-27,2024-10-26,Active,EUR,1440.55
100203,944,11,4,8,2023-08-07,2024-08-06,Active,EUR,1539.75
100204,1476,10,4,19,2024-04-19,2025-04-19,Expired,GBP,6452.81
100205,1401,5,8,32,2022-09-17,2023-09-17,Expired,EUR,2908.55
100206,798,6,7,1,2024-02-17,2025-02-16,Active,EUR,6745.18
100207,832,1,7,15,2024-06-30,2025-06-30,Expired,EUR,2516.14
100208,1202,4,1,37,2023-04-11,2024-04-10,Expired,EUR,3291.69
100209,73,9,2,16,2022-11-05,2023-11-05,Expired,EUR,3704.21
100210,893,5,4,4,2023-10-29,2024-10-28,Active,EUR,9325.1
100211,712,6,5,18,2023-11-26,2024-11-25,Active,EUR,8772.74
100212,1175,2,6,28,2022-04-23,2023-04-23,Expired,EUR,7823.82
100213,1201,6,3,40,2023-11-10,2024-11-09,Cancelled,EUR,2055.73
100214,984,9,1,26,2022-07-05,2023-07-05,Expired,EUR,1571.64
100215,986,7,3,3,2023-11-14,2024-11-13,Active,EUR,5828.96
100216,1037,7,7,33,2025-01-23,2026-01-23,Expired,GBP,9251.77
100217,871,11,8,32,2023-10-07,2024-10-06,Active,GBP,7880.24
100218,342,3,8,27,2024-07-02,2025-07-02,Expired,EUR,3326.87
100219,427,4,5,36,2023-01-07,2024-01-07,Active,GBP,5686.54
100220,1113,8,1,31,2025-01-12,2026-01-12,Expired,EUR,5762.0
100221,928,6,8,10,2024-09-02,2025-09-02,Expired,EUR,3683.83
100222,357,12,2,17,2025-01-05,2026-01-05,Expired,EUR,3805.8
100223,1317,1,3,21,2024-06-08,2025-06-08,Active,EUR,3546.25
100224,1471,2,8,20,2024-02-19,2025-02-18,Expired,EUR,1824.26
100225,940,5,5,26,2023-09-23,2024-09-22,Active,EUR,1969.35
100226,342,6,2,29,2025-01-18,2026-01-18,Cancelled,EUR,1946.68
100227,1408,11,5,5,2024-10-14,2025-10-14,Active,EUR,992.84
100228,356,6,1,23,2023-05-16,2024-05-15,Expired,GBP,3667.06
100229,649,6,3,2,2022-04-13,2023-04-13,Expired,GBP,3195.73
100230,1289,3,8,21,2022-01-05,2023-01-05,Active,EUR,5834.09
100231,782,6,3,17,2022-10-08,2023-10-08,Active,GBP,8480.61
100232,365,7,8,9,2022-03-17,2023-03-17,Active,EUR,8894.79
100233,121,8,5,40,2022-09-11,2023-09-11,Expired,EUR,9545.73
100234,542,8,6,11,2022-05-12,2023-05-12,Cancelled,GBP,1867.19
100235,1009,6,6,3,2025-03-23,2026-03-23,Expired,EUR,1125.55
100236,1072,2,5,15,2022-04-25,2023-04-25,Cancelled,GBP,6621.37
100237,335,2,1,31,2024-01-23,2025-01-22,Active,EUR,9289.13
100238,239,2,8,1,2023-02-27,2024-02-27,Active,EUR,10582.9
100239,1053,8,4,20,2022-07-29,2023-07-29,Expired,GBP,4739.79
100240,239,11,6,17,2024-04-21,2025-04-21,Expired,GBP,736.91
100241,97,11,5,35,2025-03-10,2026-03-10,Active,EUR,4333.83
100242,730,4,6,1,2024-08-06,2025-08-06,Expired,GBP,4996.94
100243,857,1,3,1,2025-03-16,2026-03-16,Expired,EUR,8425.82
100244,366,8,7,23,2023-12-10,2024-12-09,Expired,EUR,9625.99
100245,317,1,2,8,2024-03-19,2025-03-19,Expired,GBP,6517.36
100246,354,8,6,29,2022-06-25,2023-06-25,Active,GBP,2120.78
100247,515,5,5,12,2024-10-19,2025-10-19,Active,GBP,1522.58
100248,14,11,5,23,2024-06-16,2025-06-16,Expired,EUR,4917.08
100249,18,8,1,2,2022-11-01,2023-11-01,Expired,EUR,1818.36
100250,556,9,4,28,2023-03-02,2024-03-01,Active,GBP,9960.2
100251,30,5,1,21,2024-01-04,2025-01-03,Active,EUR,917.43
100252,478,11,5,1,2022-01-16,2023-01-16,Active,EUR,5040.02
100253,872,7,6,11,2024-09-08,2025-09-08,Expired,EUR,4186.63
100254,47,8,5,3,2022-12-03,2023-12-03,Active,GBP,2821.22
100255,927,5,7,2,2022-03-31,2023-03-31,Active,GBP,1646.1
100256,932,6,3,28,2023-02-01,2024-02-01,Active,GBP,701.81
100257,861,11,3,18,2024-09-29,2025-09-29,Expired,EUR,2211.5
100258,940,5,4,33,2022-11-26,2023-11-26,Expired,EUR,2240.8
100259,1214,1,2,11,2023-10-10,2024-10-09,Active,GBP,7584.05
100260,107,5,7,29,2024-09-01,2025-09-01,Expired,GBP,1831.44
100261,254,5,7,25,2022-02-10,2023-02-10,Expired,EUR,4626.6
100262,476,6,4,27,2024-06-30,2025-06-30,Expired,GBP,1249.9
100263,1033,1,7,34,2022-12-13,2023-12-13,Expired,EUR,4722.94
100264,1310,2,1,29,2024-04-14,2025-04-14,Expired,EUR,615.06
100265,1378,4,2,30,2022-08-14,2023-08-14,Expired,GBP,15858.68
100266,874,6,3,30,2022-06-16,2023-06-16,Active,EUR,2963.72
100267,616,1,4,18,2024-08-03,2025-08-03,Active,GBP,405.1
100268,618,5,2,29,2024-08-27,2025-08-27,Active,EUR,1923.09
100269,90,4,5,34,2025-03-23,2026-03-23,Expired,GBP,1708.3
100270,698,1,7,30,2024-03-23,2025-03-23,Expired,EUR,2014.52
100271,770,4,4,25,2023-07-14,2024-07-13,Expired,EUR,2506.19
100272,313,4,4,3,2022-08-22,2023-08-22,Active,GBP,2004.27
100273,1152,2,1,18,2022-12-21,2023-12-21,Expired,EUR,1785.92
100274,1218,10,3,3,2024-02-17,2025-02-16,Active,EUR,1381.59
100275,454,1,7,5,2023-02-20,2024-02-20,Active,EUR,6101.82
100276,1372,7,7,15,2023-08-04,2024-08-03,Expired,GBP,8109.99
100277,161,8,1,19,2022-07-21,2023-07-21,Active,GBP,2721.86
100278,1366,10,1,22,2023-06-12,2024-06-11,Active,GBP,3251.18
100279,1153,7,7,37,2022-10-13,2023-10-13,Active,EUR,1415.52
100280,336,7,2,31,2022-05-15,2023-05-15,Expired,EUR,3474.71
100281,976,10,5,17,2022-06-08,2023-06-08,Active,GBP,3914.62
100282,467,11,7,14,2023-09-14,2024-09-13,Cancelled,EUR,2794.62
100283,1200,3,7,29,2023-03-16,2024-03-15,Cancelled,GBP,4433.99
100284,241,10,5,12,2022-04-30,2023-04-30,Expired,EUR,4152.77
100285,368,6,4,36,2023-09-10,2024-09-09,Active,EUR,1494.27
100286,461,2,7,32,2022-07-17,2023-07-17,Expired,EUR,8060.94
100287,300,8,6,28,2022-01-19,2023-01-19,Active,EUR,2819.36
100288,500,12,7,10,2022-06-09,2023-06-09,Expired,GBP,11575.88
100289,904,2,5,25,2023-06-23,2024-06-22,Expired,EUR,4515.7
100290,950,1,8,33,2025-02-18,2026-02-18,Active,EUR,14446.39
100291,831,11,7,3,2022-10-18,2023-10-18,Active,GBP,7954.17
100292,285,8,1,8,2022-12-08,2023-12-08,Expired,EUR,3906.48
100293,304,3,3,21,2022-10-19,2023-10-19,Expired,EUR,1915.38
100294,1380,10,7,15,2023-03-03,2024-03-02,Expired,EUR,1946.57
100295,378,5,1,29,2024-05-10,2025-05-10,Expired,EUR,4913.67
100296,155,4,6,17,2023-01-22,2024-01-22,Expired,GBP,3667.79
100297,681,4,3,40,2024-02-29,2025-02-28,Expired,EUR,2118.01
100298,11,8,2,12,2024-12-13,2025-12-13,Expired,EUR,6153.61
100299,514,2,5,15,2025-02-09,2026-02-09,Active,GBP,3391.67
100300,1283,5,8,1,2023-11-07,2024-11-06,Expired,EUR,6181.14
100301,402,4,8,10,2024-05-05,2025-05-05,Expired,GBP,1585.09
100302,1056,1,4,10,2025-01-07,2026-01-07,Active,GBP,6971.63
100303,735,10,1,31,2024-08-02,2025-08-02,Active,EUR,4797.0
100304,534,1,8,14,2022-12-26,2023-12-26,Active,GBP,8088.33
100305,993,12,8,9,2022-06-08,2023-06-08,Expired,EUR,6857.33
100306,894,2,5,13,2022-05-18,2023-05-18,Expired,EUR,3091.11
100307,478,5,6,23,2024-11-24,2025-11-24,Active,EUR,2910.18
100308,336,2,5,32,2023-10-30,2024-10-29,Expired,GBP,12547.46
100309,1376,5,1,40,2022-12-22,2023-12-22,Active,EUR,2649.36
100310,253,8,2,2,2023-02-19,2024-02-19,Expired,EUR,5775.18
100311,1440,2,2,34,2022-12-05,2023-12-05,Expired,EUR,2474.91
100312,707,7,8,16,2024-08-20,2025-08-20,Expired,GBP,815.33
100313,1496,10,1,33,2024-01-05,2025-01-04,Expired,GBP,1312.25
100314,530,6,5,2,2024-11-21,2025-11-21,Active,EUR,4466.86
100315,849,2,3,26,2022-12-29,2023-12-29,Expired,GBP,5573.89
100316,923,9,1,38,2023-07-22,2024-07-21,Expired,EUR,4477.9
100317,509,3,8,2,2022-05-27,2023-05-27,Active,EUR,7781.17
100318,328,1,1,32,2025-03-11,2026-03-11,Cancelled,EUR,4418.01
100319,781,6,7,5,2023-09-07,2024-09-06,Active,EUR,1841.94
100320,995,4,7,40,2023-10-26,2024-10-25,Expired,EUR,5144.72
100321,393,1,7,30,2023-05-12,2024-05-11,Active,EUR,3741.37
100322,1151,10,2,37,2022-11-22,2023-11-22,Expired,EUR,2139.51
100323,959,8,8,36,2025-02-12,2026-02-12,Active,GBP,4695.64
100324,250,11,5,13,2023-08-10,2024-08-09,Active,EUR,3496.53
100325,1408,6,4,17,2024-03-20,2025-03-20,Expired,EUR,2092.78
100326,66,6,6,28,2022-02-14,2023-02-14,Cancelled,EUR,2883.04
100327,981,11,3,7,2022-11-28,2023-11-28,Active,GBP,9510.72
100328,660,1,3,13,2024-08-22,2025-08-22,Expired,GBP,9280.46
100329,981,5,3,4,2022-04-16,2023-04-16,Expired,EUR,3793.74
100330,1162,10,5,36,2022-05-02,2023-05-02,Expired,GBP,3439.05
100331,1031,4,5,10,2024-08-29,2025-08-29,Active,EUR,1124.64
100332,977,11,2,17,2023-01-06,2024-01-06,Expired,EUR,11962.4
100333,1262,4,2,19,2022-11-25,2023-11-25,Cancelled,GBP,7167.1
100334,1053,5,8,16,2023-11-10,2024-11-09,Active,GBP,5790.44
100335,1221,11,5,32,2022-08-22,2023-08-22,Expired,EUR,598.22
100336,605,3,7,37,2022-02-21,2023-02-21,Expired,GBP,3397.15
100337,305,12,3,23,2022-01-06,2023-01-06,Active,EUR,2994.86
100338,353,1,3,34,2022-04-06,2023-04-06,Active,EUR,5497.85
100339,919,4,3,5,2022-07-10,2023-07-10,Active,EUR,2348.96
100340,798,8,5,39,2024-04-15,2025-04-15,Expired,EUR,2768.93
100341,116,8,7,5,2022-12-24,2023-12-24,Cancelled,GBP,5242.53
100342,307,11,5,3,2022-03-28,2023-03-28,Expired,EUR,1844.23
100343,1452,12,3,1,2022-01-18,2023-01-18,Expired,GBP,2141.94
100344,1090,9,8,10,2023-07-27,2024-07-26,Active,GBP,3808.52
100345,1133,8,5,34,2024-10-05,2025-10-05,Active,EUR,8989.97
100346,296,4,4,13,2023-02-11,2024-02-11,Active,GBP,6041.17
100347,97,10,1,32,2022-03-18,2023-03-18,Active,GBP,7380.18
100348,437,8,5,17,2022-10-01,2023-10-01,Active,EUR,3454.69
100349,1286,1,5,5,2023-08-23,2024-08-22,Expired,GBP,10110.29
100350,760,10,8,19,2022-08-15,2023-08-15,Active,GBP,892.58
100351,1177,5,2,10,2025-03-20,2026-03-20,Active,EUR,15013.11
100352,731,6,2,12,2024-07-05,2025-07-05,Active,EUR,16544.67
100353,736,6,8,21,2023-02-18,2024-02-18,Active,EUR,4639.97
100354,902,10,5,32,2025-02-15,2026-02-15,Active,EUR,6149.94
100355,1439,4,1,24,2023-01-26,2024-01-26,Active,EUR,3201.9
100356,657,5,1,9,2022-06-18,2023-06-18,Active,GBP,2815.3
100357,894,1,4,29,2025-01-30,2026-01-30,Expired,EUR,2083.59
100358,1380,5,5,28,2025-02-25,2026-02-25,Expired,GBP,3175.57
100359,559,2,2,10,2023-01-11,2024-01-11,Expired,EUR,4998.78
100360,1260,7,3,35,2023-12-15,2024-12-14,Expired,EUR,4513.88
100361,803,11,6,34,2022-07-27,2023-07-27,Expired,GBP,14617.17
100362,1319,6,8,25,2024-02-09,2025-02-08,Expired,EUR,3551.79
100363,702,11,4,12,2024-04-08,2025-04-08,Expired,EUR,1078.56
100364,945,12,4,15,2024-05-01,2025-05-01,Expired,GBP,11307.63
100365,485,1,3,18,2023-11-14,2024-11-13,Expired,EUR,1318.55
100366,953,7,2,8,2024-04-24,2025-04-24,Active,EUR,2165.61
100367,490,7,1,13,2023-10-29,2024-10-28,Active,GBP,4039.22
100368,914,5,7,6,2024-09-10,2025-09-10,Active,GBP,4504.72
100369,1184,10,1,7,2022-08-04,2023-08-04,Expired,EUR,1114.23
100370,653,5,7,30,2023-08-04,2024-08-03,Active,EUR,1882.1
100371,644,1,2,6,2023-05-15,2024-05-14,Expired,EUR,1085.08
100372,484,7,6,19,2023-10-03,2024-10-02,Expired,EUR,5251.58
100373,1096,3,8,18,2022-06-20,2023-06-20,Expired,EUR,8002.71
100374,889,5,6,2,2023-01-24,2024-01-24,Active,GBP,1317.67
100375,775,7,6,34,2025-02-18,2026-02-18,Expired,GBP,6951.72
100376,39,9,3,40,2022-05-07,2023-05-07,Active,EUR,6621.55
100377,166,4,5,26,2024-02-02,2025-02-01,Cancelled,EUR,2009.61
100378,12,5,6,27,2024-03-08,2025-03-08,Expired,EUR,744.76
100379,1276,1,4,10,2023-07-24,2024-07-23,Expired,EUR,1475.21
100380,1278,5,1,34,2022-02-10,2023-02-10,Expired,GBP,2108.13
100381,102,7,8,32,2022-02-11,2023-02-11,Expired,EUR,10469.83
100382,70,8,2,18,2022-11-27,2023-11-27,Expired,EUR,3014.75
100383,1173,4,8,29,2022-05-04,2023-05-04,Active,EUR,1548.25
100384,788,1,8,39,2022-04-24,2023-04-24,Active,GBP,3680.8
100385,464,7,1,25,2022-07-12,2023-07-12,Active,GBP,1246.99
100386,923,8,6,8,2022-08-17,2023-08-17,Expired,EUR,4845.25
100387,355,2,6,14,2024-10-03,2025-10-03,Expired,EUR,1582.49
100388,298,7,2,8,2024-02-06,2025-02-05,Expired,EUR,1764.47
100389,552,2,7,14,2022-02-06,2023-02-06,Expired,EUR,4366.07
100390,1344,6,1,36,2024-01-25,2025-01-24,Cancelled,EUR,12242.58
100391,1151,8,2,8,2022-06-14,2023-06-14,Active,GBP,17125.79
100392,286,9,8,36,2023-05-21,2024-05-20,Active,EUR,1510.36
100393,843,9,6,12,2022-02-15,2023-02-15,Expired,EUR,2106.0
100394,1327,10,1,20,2022-04-19,2023-04-19,Expired,EUR,4849.59
100395,1428,3,2,22,2022-06-09,2023-06-09,Expired,GBP,7915.61
100396,1145,11,3,6,2023-06-05,2024-06-04,Active,EUR,649.98
100397,194,5,1,8,2023-07-10,2024-07-09,Cancelled,GBP,3517.49
100398,362,5,2,13,2023-02-28,2024-02-28,Expired,EUR,2286.19
100399,328,10,5,3,2024-01-15,2025-01-14,Expired,EUR,778.2
100400,227,4,1,31,2024-05-14,2025-05-14,Active,EUR,1208.49
100401,263,1,3,22,2024-05-24,2025-05-24,Expired,EUR,2152.03
100402,475,9,3,34,2023-11-26,2024-11-25,Expired,EUR,3443.04
100403,834,8,8,35,2023-10-17,2024-10-16,Expired,GBP,7016.9
100404,597,7,8,14,2023-08-13,2024-08-12,Expired,GBP,4297.38
100405,632,2,7,33,2022-10-13,2023-10-13,Expired,EUR,6705.31
100406,369,8,3,3,2023-08-08,2024-08-07,Expired,EUR,3361.17
100407,227,3,5,18,2022-01-13,2023-01-13,Expired,EUR,1941.64
100408,1499,7,5,27,2025-03-05,2026-03-05,Expired,EUR,2870.35
100409,899,7,7,19,2023-03-21,2024-03-20,Active,GBP,5550.47
100410,345,10,6,30,2024-06-26,2025-06-26,Active,EUR,7146.81
100411,1215,12,8,35,2025-02-22,2026-02-22,Expired,EUR,2948.62
100412,1246,3,5,17,2023-08-20,2024-08-19,Active,EUR,1641.17
100413,1451,2,8,11,2024-10-31,2025-10-31,Active,EUR,4237.56
100414,239,7,6,24,2023-07-30,2024-07-29,Expired,GBP,4714.91
100415,960,12,6,35,2022-06-08,2023-06-08,Expired,GBP,8304.39
100416,1471,2,6,40,2022-02-01,2023-02-01,Active,GBP,1980.15
100417,1211,6,3,33,2022-06-12,2023-06-12,Active,EUR,1996.5
100418,339,5,5,10,2025-02-05,2026-02-05,Expired,GBP,5808.75
100419,1340,4,3,9,2023-07-25,2024-07-24,Expired,GBP,2427.03
100420,633,8,6,23,2023-01-19,2024-01-19,Expired,EUR,2351.33
100421,734,4,3,17,2023-06-20,2024-06-19,Expired,EUR,8438.88
100422,838,6,7,25,2022-11-04,2023-11-04,Active,EUR,1178.2
100423,1158,11,5,37,2024-11-10,2025-11-10,Expired,EUR,15400.46
100424,181,5,6,22,2025-04-14,2026-04-14,Active,GBP,2080.83
100425,809,1,2,15,2022-04-12,2023-04-12,Expired,GBP,6310.98
100426,1226,11,7,35,2024-05-12,2025-05-12,Active,EUR,3036.32
100427,823,4,7,18,2023-02-07,2024-02-07,Active,EUR,4038.07
100428,413,10,2,25,2022-02-26,2023-02-26,Active,EUR,2705.14
100429,85,10,3,6,2025-01-11,2026-01-11,Expired,EUR,6263.11
100430,824,7,6,21,2022-03-16,2023-03-16,Active,GBP,2538.95
100431,1056,2,7,18,2022-09-05,2023-09-05,Active,EUR,2143.7
100432,825,12,6,5,2022-01-31,2023-01-31,Active,GBP,12835.97
100433,1470,9,4,9,2023-07-20,2024-07-19,Expired,EUR,3367.87
100434,904,6,3,29,2023-12-21,2024-12-20,Expired,EUR,1984.71
100435,763,11,8,8,2023-01-20,2024-01-20,Cancelled,GBP,1077.38
100436,84,10,7,6,2022-03-27,2023-03-27,Expired,EUR,13348.82
100437,838,10,8,3,2022-05-20,2023-05-20,Expired,EUR,2177.77
100438,253,3,3,2,2025-01-25,2026-01-25,Expired,EUR,15465.68
100439,1088,8,4,18,2024-08-25,2025-08-25,Active,GBP,4443.25
100440,242,4,2,20,2025-01-29,2026-01-29,Cancelled,EUR,3667.13
100441,1361,1,8,25,2023-09-29,2024-09-28,Cancelled,EUR,3742.03
100442,454,5,7,23,2023-10-18,2024-10-17,Active,GBP,17360.68
100443,651,2,2,22,2024-08-01,2025-08-01,Expired,EUR,636.41
100444,218,2,2,40,2024-01-10,2025-01-09,Active,GBP,3869.02
100445,317,9,5,10,2023-06-08,2024-06-07,Expired,EUR,2700.24
100446,1383,7,4,29,2022-12-17,2023-12-17,Expired,GBP,2807.87
100447,426,5,4,4,2023-08-06,2024-08-05,Cancelled,EUR,3684.85
100448,770,3,3,34,2022-03-18,2023-03-18,Active,EUR,2698.12
100449,1473,10,6,15,2022-08-19,2023-08-19,Expired,EUR,3793.7
100450,936,8,8,14,2024-06-03,2025-06-03,Expired,EUR,3236.72
100451,63,8,8,6,2024-11-07,2025-11-07,Active,EUR,1230.08
100452,537,3,4,21,2022-05-03,2023-05-03,Expired,GBP,4385.35
100453,581,2,7,16,2022-04-27,2023-04-27,Expired,EUR,5636.63
100454,415,2,6,39,2022-04-13,2023-04-13,Expired,EUR,2193.93
100455,362,1,2,8,2024-08-07,2025-08-07,Cancelled,GBP,13372.05
100456,755,12,7,17,2023-01-09,2024-01-09,Active,EUR,8970.34
100457,566,5,3,37,2023-01-28,2024-01-28,Active,GBP,6204.09
100458,442,8,6,33,2022-01-15,2023-01-15,Active,EUR,6147.9
100459,620,12,6,31,2025-03-13,2026-03-13,Active,EUR,3369.68
100460,516,12,8,22,2023-06-05,2024-06-04,Expired,EUR,7754.5
100461,344,4,8,35,2024-08-14,2025-08-14,Expired,EUR,10700.72
100462,680,6,7,9,2024-04-29,2025-04-29,Expired,EUR,6039.15
100463,1414,6,5,33,2022-06-20,2023-06-20,Expired,EUR,2147.99
100464,759,1,4,24,2024-08-19,2025-08-19,Active,EUR,3197.87
100465,897,10,4,14,2023-10-23,2024-10-22,Active,EUR,5065.72
100466,1477,7,8,9,2023-12-27,2024-12-26,Expired,GBP,6175.27
100467,921,5,2,21,2022-08-29,2023-08-29,Expired,GBP,3108.49
100468,335,7,5,1,2024-10-13,2025-10-13,Active,GBP,2153.59
100469,598,9,6,29,2025-01-23,2026-01-23,Expired,EUR,10809.23
100470,732,1,1,10,2023-05-03,2024-05-02,Expired,EUR,1474.04
100471,713,8,6,16,2022-04-21,2023-04-21,Active,GBP,1626.2
100472,225,11,3,8,2024-10-15,2025-10-15,Expired,EUR,1217.62
100473,159,9,3,19,2024-11-30,2025-11-30,Expired,GBP,1623.5
100474,525,8,5,15,2023-08-31,2024-08-30,Active,EUR,8395.98
100475,1372,2,1,8,2023-11-26,2024-11-25,Expired,EUR,8609.53
100476,1076,9,2,36,2022-09-25,2023-09-25,Expired,EUR,3116.5
100477,1263,10,4,31,2022-03-22,2023-03-22,Expired,GBP,4780.19
100478,262,6,5,16,2025-02-06,2026-02-06,Expired,EUR,3268.61
100479,622,7,1,3,2023-08-03,2024-08-02,Expired,EUR,1347.51
100480,873,8,3,34,2022-11-26,2023-11-26,Expired,GBP,17388.78
100481,652,2,3,28,2024-04-11,2025-04-11,Active,EUR,9237.76
100482,626,4,5,23,2022-02-01,2023-02-01,Active,EUR,4297.61
100483,540,10,3,25,2022-04-06,2023-04-06,Active,EUR,1733.82
100484,78,12,1,1,2022-10-19,2023-10-19,Active,EUR,2783.04
100485,1286,4,5,19,2023-06-25,2024-06-24,Expired,EUR,1959.96
100486,1400,5,7,8,2023-03-17,2024-03-16,Active,EUR,3544.62
100487,122,11,5,27,2022-08-13,2023-08-13,Active,EUR,4156.56
100488,621,2,3,38,2023-02-26,2024-02-26,Expired,GBP,2550.78
100489,777,4,4,22,2023-02-05,2024-02-05,Active,EUR,1106.76
100490,1176,1,2,25,2023-09-22,2024-09-21,Expired,GBP,16302.02
100491,1481,3,2,27,2023-11-07,2024-11-06,Expired,EUR,3936.88
100492,625,8,4,38,2024-11-25,2025-11-25,Active,EUR,4639.88
100493,1124,5,5,2,2024-08-26,2025-08-26,Active,GBP,2399.93
100494,1407,12,4,13,2022-12-17,2023-12-17,Expired,EUR,1020.95
100495,1246,11,8,11,2024-12-19,2025-12-19,Active,GBP,3094.94
100496,436,11,6,29,2023-09-17,2024-09-16,Expired,EUR,2585.27
100497,1227,9,1,18,2022-08-14,2023-08-14,Expired,EUR,5609.13
100498,619,9,5,31,2023-02-13,2024-02-13,Expired,EUR,6500.0
100499,27,7,5,19,2024-06-09,2025-06-09,Expired,EUR,5847.52
100500,1139,12,1,40,2024-09-13,2025-09-13,Cancelled,EUR,6913.31
100501,1254,2,4,31,2023-03-25,2024-03-24,Active,EUR,12743.15
100502,516,9,7,1,2022-07-09,2023-07-09,Expired,GBP,4413.35
100503,677,2,3,40,2022-08-19,2023-08-19,Expired,EUR,7513.16
100504,547,5,4,39,2022-05-05,2023-05-05,Expired,GBP,4771.4
100505,176,4,2,2,2024-04-18,2025-04-18,Active,GBP,792.33
100506,1493,8,1,16,2023-08-27,2024-08-26,Active,GBP,2933.96
100507,34,10,3,39,2023-06-26,2024-06-25,Cancelled,EUR,1718.52
100508,834,1,7,34,2024-03-17,2025-03-17,Active,EUR,3918.93
100509,23,8,8,19,2024-09-21,2025-09-21,Expired,GBP,1820.27
100510,1035,3,6,22,2024-08-12,2025-08-12,Expired,GBP,5188.82
100511,1352,1,7,2,2022-06-14,2023-06-14,Expired,EUR,6875.85
100512,966,6,6,23,2023-12-09,2024-12-08,Expired,EUR,8124.81
100513,910,7,6,27,2024-11-25,2025-11-25,Active,EUR,11097.18
100514,1242,3,4,15,2024-07-17,2025-07-17,Expired,EUR,937.28
100515,1462,5,1,13,2023-01-31,2024-01-31,Cancelled,EUR,1340.44
100516,1293,12,4,34,2023-04-17,2024-04-16,Active,GBP,29609.82
100517,348,5,7,18,2024-12-04,2025-12-04,Cancelled,EUR,7024.38
100518,845,12,5,11,2022-02-09,2023-02-09,Cancelled,EUR,3898.46
100519,1229,11,7,15,2023-09-23,2024-09-22,Active,EUR,3374.59
100520,442,5,1,20,2022-05-20,2023-05-20,Expired,EUR,3156.93
100521,1013,7,2,11,2024-12-09,2025-12-09,Active,EUR,772.54
100522,35,9,3,23,2022-02-16,2023-02-16,Expired,EUR,1845.96
100523,1316,6,3,35,2022-01-29,2023-01-29,Cancelled,EUR,3029.38
100524,922,5,8,30,2023-01-30,2024-01-30,Expired,GBP,1925.82
100525,1115,4,4,10,2022-08-29,2023-08-29,Cancelled,EUR,2124.19
100526,1239,2,6,19,2023-08-18,2024-08-17,Active,GBP,22450.06
100527,329,1,6,22,2022-12-26,2023-12-26,Expired,EUR,2727.83
100528,676,5,4,28,2023-03-04,2024-03-03,Active,EUR,4058.59
100529,1288,10,8,31,2023-11-09,2024-11-08,Expired,GBP,3951.7
100530,248,3,2,20,2023-11-04,2024-11-03,Active,EUR,5126.07
100531,1234,3,1,13,2025-01-26,2026-01-26,Active,GBP,2303.16
100532,433,4,6,27,2023-07-31,2024-07-30,Active,EUR,8393.69
100533,864,8,6,6,2023-11-09,2024-11-08,Active,EUR,4594.76
100534,765,3,3,27,2024-03-24,2025-03-24,Active,EUR,1254.67
100535,1030,3,7,36,2022-07-29,2023-07-29,Active,EUR,3039.27
100536,1256,2,2,29,2024-03-11,2025-03-11,Expired,EUR,2895.43
100537,524,4,3,18,2024-10-31,2025-10-31,Expired,EUR,2797.2
100538,258,3,2,33,2023-01-17,2024-01-17,Active,EUR,4826.96
100539,635,10,2,22,2022-08-03,2023-08-03,Expired,GBP,5303.08
100540,919,11,6,22,2023-02-20,2024-02-20,Expired,EUR,4853.67
100541,1126,5,6,35,2022-11-27,2023-11-27,Expired,GBP,4247.93
100542,1131,2,6,8,2023-12-04,2024-12-03,Active,EUR,3513.01
100543,510,2,7,32,2024-11-02,2025-11-02,Expired,EUR,656.28
100544,1405,4,1,28,2023-12-17,2024-12-16,Active,EUR,5904.2
100545,125,6,5,22,2022-05-31,2023-05-31,Active,EUR,4751.74
100546,176,7,1,4,2023-01-13,2024-01-13,Expired,GBP,1574.08
100547,38,4,8,31,2024-04-07,2025-04-07,Expired,EUR,4066.09
100548,1390,5,6,9,2023-02-01,2024-02-01,Expired,GBP,5355.9
100549,271,4,7,36,2023-12-05,2024-12-04,Active,GBP,7930.21
100550,903,7,5,32,2024-04-12,2025-04-12,Expired,EUR,4830.6
100551,1220,9,4,15,2023-01-31,2024-01-31,Expired,GBP,4193.12
100552,1151,1,6,18,2024-02-16,2025-02-15,Active,EUR,6701.45
100553,1424,6,7,2,2023-04-23,2024-04-22,Active,EUR,2617.81
100554,81,8,2,20,2022-06-12,2023-06-12,Active,EUR,4487.28
100555,611,9,7,3,2023-03-23,2024-03-22,Active,GBP,2067.64
100556,760,7,6,40,2023-06-14,2024-06-13,Active,GBP,7575.86
100557,1045,7,1,26,2022-01-03,2023-01-03,Active,GBP,985.07
100558,934,9,8,10,2024-12-07,2025-12-07,Expired,EUR,6078.74
100559,840,5,2,33,2023-09-26,2024-09-25,Expired,GBP,3338.52
100560,461,7,5,1,2022-02-13,2023-02-13,Expired,GBP,6795.67
100561,160,4,2,22,2024-11-07,2025-11-07,Expired,EUR,1834.62
100562,648,6,2,5,2024-10-23,2025-10-23,Active,EUR,3524.48
100563,390,2,6,3,2022-01-15,2023-01-15,Cancelled,EUR,3447.73
100564,832,5,6,10,2022-07-15,2023-07-15,Expired,GBP,4561.53
100565,1196,2,6,12,2023-03-13,2024-03-12,Expired,EUR,1501.66
100566,829,3,3,30,2023-09-01,2024-08-31,Active,GBP,5309.01
100567,875,6,7,36,2024-05-20,2025-05-20,Expired,EUR,825.16
100568,63,7,1,32,2023-05-25,2024-05-24,Expired,EUR,1996.44
100569,967,12,7,30,2024-01-05,2025-01-04,Expired,EUR,1020.4
100570,660,1,3,23,2022-01-13,2023-01-13,Expired,EUR,6131.32
100571,186,11,5,15,2024-03-01,2025-03-01,Expired,GBP,4447.5
100572,321,4,8,11,2025-01-03,2026-01-03,Cancelled,EUR,4637.96
100573,1172,9,3,38,2023-09-24,2024-09-23,Expired,EUR,9945.66
100574,1376,9,4,21,2023-06-30,2024-06-29,Cancelled,GBP,2599.42
100575,762,12,7,23,2022-12-23,2023-12-23,Expired,EUR,5204.03
100576,1465,2,7,1,2025-02-19,2026-02-19,Active,GBP,3461.71
100577,271,12,2,19,2022-02-09,2023-02-09,Expired,GBP,3088.14
100578,450,1,5,28,2022-12-11,2023-12-11,Active,EUR,8777.7
100579,1396,11,3,20,2022-06-16,2023-06-16,Active,GBP,15699.9
100580,263,8,5,25,2024-11-05,2025-11-05,Active,EUR,2383.68
100581,990,6,4,33,2023-08-03,2024-08-02,Expired,GBP,6156.66
100582,330,5,1,1,2025-01-11,2026-01-11,Active,EUR,4185.32
100583,497,2,8,37,2024-03-09,2025-03-09,Active,EUR,4223.14
100584,717,10,6,33,2023-10-31,2024-10-30,Active,EUR,3965.48
100585,540,9,4,17,2023-09-13,2024-09-12,Expired,EUR,2566.23
100586,1312,12,1,31,2022-09-01,2023-09-01,Expired,EUR,223.91
100587,1460,9,1,3,2023-11-06,2024-11-05,Cancelled,EUR,10416.09
100588,751,12,4,13,2024-04-02,2025-04-02,Expired,GBP,1956.57
100589,788,11,6,5,2025-03-04,2026-03-04,Active,EUR,2748.56
100590,84,6,3,26,2023-10-21,2024-10-20,Expired,EUR,2792.75
100591,352,9,6,35,2025-01-31,2026-01-31,Active,GBP,1830.14
100592,60,4,4,25,2025-02-07,2026-02-07,Cancelled,EUR,3944.9
100593,1285,10,1,29,2023-09-20,2024-09-19,Expired,GBP,3186.78
100594,342,8,5,6,2023-06-12,2024-06-11,Expired,GBP,1924.84
100595,511,6,2,38,2022-06-21,2023-06-21,Active,EUR,3684.82
100596,1265,8,1,8,2022-11-19,2023-11-19,Active,EUR,3213.82
100597,1070,4,2,22,2024-11-20,2025-11-20,Expired,EUR,6606.96
100598,933,8,3,28,2022-06-15,2023-06-15,Expired,GBP,1205.58
100599,58,6,5,35,2023-04-22,2024-04-21,Expired,EUR,1800.75
100600,845,4,8,38,2024-04-18,2025-04-18,Expired,EUR,5675.84
100601,842,12,2,24,2022-10-16,2023-10-16,Expired,GBP,2038.96
100602,479,1,1,24,2025-03-14,2026-03-14,Active,EUR,1673.12
100603,1118,10,2,17,2024-02-19,2025-02-18,Expired,GBP,2116.0
100604,1395,3,3,23,2022-02-04,2023-02-04,Active,GBP,3054.18
100605,389,3,2,27,2022-10-24,2023-10-24,Expired,GBP,3062.89
100606,497,2,3,26,2024-06-07,2025-06-07,Expired,GBP,2814.48
100607,484,2,8,24,2024-11-01,2025-11-01,Expired,GBP,1523.21
100608,1253,2,4,18,2025-01-17,2026-01-17,Expired,EUR,5883.28
100609,117,10,6,8,2024-10-18,2025-10-18,Active,EUR,8907.64
100610,1344,12,6,3,2022-03-31,2023-03-31,Expired,GBP,786.17
100611,1163,8,2,17,2024-05-25,2025-05-25,Expired,EUR,1027.46
100612,726,1,2,16,2022-05-13,2023-05-13,Expired,GBP,6989.35
100613,876,11,4,25,2022-04-02,2023-04-02,Expired,EUR,10693.03
100614,1342,8,4,37,2024-04-10,2025-04-10,Expired,EUR,667.22
100615,1155,7,1,29,2023-07-28,2024-07-27,Active,EUR,6072.81
100616,416,12,6,33,2024-02-17,2025-02-16,Expired,EUR,11253.22
100617,76,5,3,24,2024-10-18,2025-10-18,Expired,GBP,1725.36
100618,988,5,3,38,2022-03-24,2023-03-24,Active,GBP,10772.49
100619,219,10,5,38,2023-09-26,2024-09-25,Expired,EUR,2882.76
100620,132,7,8,7,2024-09-28,2025-09-28,Active,EUR,4171.28
100621,1474,9,7,26,2023-06-13,2024-06-12,Active,EUR,1920.95
100622,711,9,8,21,2023-09-21,2024-09-20,Active,EUR,6979.77
100623,977,11,4,39,2023-08-21,2024-08-20,Expired,GBP,6160.04
100624,326,4,1,24,2024-12-24,2025-12-24,Expired,EUR,12010.45
100625,153,1,2,1,2022-03-01,2023-03-01,Active,EUR,9705.57
100626,95,6,3,9,2024-11-19,2025-11-19,Active,GBP,3271.94
100627,532,8,3,6,2024-09-06,2025-09-06,Active,GBP,33903.85
100628,6,10,2,9,2024-09-02,2025-09-02,Active,EUR,9073.33
100629,631,4,2,4,2023-05-10,2024-05-09,Expired,GBP,4941.32
100630,488,9,2,32,2023-09-12,2024-09-11,Active,EUR,1559.52
100631,791,10,6,20,2023-03-19,2024-03-18,Active,EUR,1045.74
100632,885,10,4,27,2022-10-30,2023-10-30,Active,EUR,1114.58
100633,463,10,1,40,2024-11-16,2025-11-16,Expired,EUR,1635.58
100634,683,12,5,26,2023-08-31,2024-08-30,Expired,EUR,9255.53
100635,118,8,7,20,2024-05-18,2025-05-18,Expired,EUR,4747.23
100636,453,5,4,11,2022-05-01,2023-05-01,Expired,EUR,2079.68
100637,1468,6,3,31,2024-08-04,2025-08-04,Cancelled,GBP,2975.29
100638,1487,9,3,21,2024-03-01,2025-03-01,Expired,EUR,2715.39
100639,729,3,4,31,2025-04-12,2026-04-12,Expired,GBP,6003.14
100640,1410,8,3,1,2022-06-10,2023-06-10,Expired,GBP,1704.29
100641,752,7,8,7,2023-10-11,2024-10-10,Active,EUR,4282.38
100642,189,8,8,6,2023-09-06,2024-09-05,Expired,GBP,4126.0
100643,1302,6,3,28,2023-10-09,2024-10-08,Expired,GBP,1742.98
100644,623,9,8,21,2022-03-07,2023-03-07,Expired,GBP,10840.07
100645,919,1,7,13,2023-07-22,2024-07-21,Active,EUR,2639.44
100646,974,9,1,13,2022-12-26,2023-12-26,Expired,EUR,1564.68
100647,463,10,4,25,2024-01-11,2025-01-10,Expired,GBP,6245.77
100648,1101,11,6,39,2022-10-06,2023-10-06,Active,EUR,3431.91
100649,752,12,4,40,2023-06-07,2024-06-06,Active,GBP,4475.27
100650,550,5,4,19,2024-01-15,2025-01-14,Active,EUR,1354.91
100651,447,1,4,27,2022-03-18,2023-03-18,Expired,GBP,6059.07
100652,1120,8,6,4,2024-08-02,2025-08-02,Expired,EUR,16803.14
100653,375,2,3,38,2024-05-08,2025-05-08,Expired,EUR,1277.77
100654,187,4,5,1,2022-03-10,2023-03-10,Expired,EUR,4296.93
100655,1323,9,2,14,2022-03-19,2023-03-19,Expired,EUR,1828.07
100656,498,8,8,30,2024-10-17,2025-10-17,Active,GBP,24765.44
100657,962,8,1,39,2022-12-06,2023-12-06,Active,EUR,8347.56
100658,1075,10,1,7,2024-10-29,2025-10-29,Active,EUR,4070.74
100659,1258,2,1,27,2023-08-23,2024-08-22,Expired,EUR,1311.73
100660,939,10,3,8,2023-02-15,2024-02-15,Active,EUR,1572.56
100661,1062,8,5,3,2022-11-25,2023-11-25,Active,GBP,5765.84
100662,1256,6,8,17,2024-03-01,2025-03-01,Expired,GBP,1185.75
100663,1416,6,4,24,2022-05-12,2023-05-12,Expired,GBP,1213.99
100664,71,7,2,11,2023-04-29,2024-04-28,Active,EUR,3316.36
100665,1115,7,3,39,2023-02-20,2024-02-20,Expired,EUR,3641.18
100666,262,5,2,25,2022-07-05,2023-07-05,Expired,GBP,4380.96
100667,1337,3,4,18,2023-02-28,2024-02-28,Expired,EUR,2369.31
100668,73,3,6,20,2023-09-27,2024-09-26,Expired,EUR,6568.95
100669,371,5,1,19,2024-03-24,2025-03-24,Active,EUR,1726.13
100670,289,4,7,5,2022-04-14,2023-04-14,Active,EUR,5271.04
100671,906,7,2,25,2024-11-12,2025-11-12,Active,EUR,3868.38
100672,7,11,6,32,2024-11-20,2025-11-20,Expired,GBP,5169.27
100673,26,2,7,17,2024-04-10,2025-04-10,Expired,EUR,7994.42
100674,757,4,7,18,2025-01-14,2026-01-14,Expired,GBP,2341.39
100675,1458,1,6,37,2023-05-29,2024-05-28,Expired,GBP,2006.59
100676,793,12,6,25,2024-09-12,2025-09-12,Active,EUR,928.62
100677,669,9,2,12,2024-05-22,2025-05-22,Active,EUR,724.69
100678,987,3,2,1,2023-11-07,2024-11-06,Active,EUR,2887.13
100679,828,5,4,33,2022-08-04,2023-08-04,Expired,GBP,3039.23
100680,578,9,5,26,2023-11-01,2024-10-31,Expired,EUR,1458.9
100681,883,12,5,26,2024-12-17,2025-12-17,Cancelled,EUR,1714.15
100682,5,7,7,12,2025-03-27,2026-03-27,Active,EUR,10327.76
100683,367,4,3,8,2023-06-22,2024-06-21,Expired,EUR,6354.25
100684,1011,9,7,20,2022-10-25,2023-10-25,Active,EUR,1278.95
100685,513,9,4,31,2024-06-16,2025-06-16,Expired,EUR,2364.3
100686,82,8,2,12,2022-04-02,2023-04-02,Active,EUR,4467.13
100687,187,1,6,22,2022-07-01,2023-07-01,Expired,EUR,2059.38
100688,1300,9,2,40,2023-11-06,2024-11-05,Active,EUR,1796.29
100689,495,1,4,9,2025-04-03,2026-04-03,Active,EUR,2556.3
100690,34,11,7,10,2023-01-30,2024-01-30,Expired,EUR,7465.11
100691,1094,11,7,10,2023-06-16,2024-06-15,Active,GBP,7990.84
100692,796,7,3,37,2023-01-22,2024-01-22,Expired,GBP,1897.73
100693,678,8,2,22,2023-06-13,2024-06-12,Active,GBP,4653.68
100694,1343,1,1,37,2022-01-09,2023-01-09,Cancelled,EUR,3278.66
100695,471,11,1,38,2023-12-15,2024-12-14,Active,GBP,1546.61
100696,859,4,7,17,2023-12-17,2024-12-16,Expired,GBP,2636.46
100697,1118,4,7,3,2023-01-14,2024-01-14,Expired,EUR,1276.43
100698,913,9,5,13,2022-11-13,2023-11-13,Expired,GBP,7881.64
100699,312,12,5,22,2024-07-02,2025-07-02,Active,EUR,10554.99
100700,1023,6,3,16,2022-08-14,2023-08-14,Expired,EUR,2421.32
100701,1116,7,2,1,2022-02-26,2023-02-26,Active,GBP,2024.73
100702,184,7,1,40,2022-02-18,2023-02-18,Expired,GBP,7265.89
100703,249,4,6,13,2024-11-24,2025-11-24,Expired,EUR,8201.82
100704,1013,8,1,25,2023-03-14,2024-03-13,Expired,EUR,1428.23
100705,179,12,1,38,2022-05-03,2023-05-03,Expired,EUR,2948.25
100706,1321,5,7,22,2024-11-20,2025-11-20,Active,GBP,3152.01
100707,165,10,5,28,2022-06-28,2023-06-28,Active,EUR,1848.11
100708,1462,10,4,2,2023-02-09,2024-02-09,Active,EUR,4400.56
100709,1008,11,2,28,2022-01-25,2023-01-25,Expired,EUR,1948.94
100710,665,9,2,34,2024-03-25,2025-03-25,Active,EUR,2196.9
100711,403,12,4,37,2024-04-19,2025-04-19,Expired,EUR,3053.34
100712,517,9,3,4,2024-06-26,2025-06-26,Expired,EUR,1078.37
100713,1123,12,5,10,2022-11-12,2023-11-12,Cancelled,EUR,704.62
100714,1130,9,2,2,2023-01-29,2024-01-29,Expired,EUR,6559.73
100715,313,11,2,37,2025-01-30,2026-01-30,Active,EUR,1890.8
100716,815,11,1,11,2024-09-12,2025-09-12,Active,EUR,16336.35
100717,1490,12,4,22,2022-02-14,2023-02-14,Expired,EUR,14456.2
100718,386,8,3,20,2024-04-10,2025-04-10,Active,EUR,2253.28
100719,1041,9,2,28,2024-09-02,2025-09-02,Active,EUR,19039.86
100720,259,12,5,36,2023-11-03,2024-11-02,Active,GBP,6655.38
100721,1252,5,4,13,2024-02-07,2025-02-06,Expired,EUR,2030.45
100722,256,2,2,32,2022-01-02,2023-01-02,Cancelled,EUR,475.15
100723,447,11,6,12,2022-02-06,2023-02-06,Active,GBP,5519.91
100724,689,8,3,8,2022-02-12,2023-02-12,Active,EUR,3372.71
100725,556,6,3,5,2022-07-10,2023-07-10,Expired,GBP,4552.91
100726,256,9,4,15,2025-04-04,2026-04-04,Active,EUR,2774.91
100727,962,1,2,23,2024-02-01,2025-01-31,Cancelled,GBP,1397.03
100728,30,6,4,32,2024-07-27,2025-07-27,Expired,GBP,2391.63
100729,1476,4,5,34,2022-12-21,2023-12-21,Expired,GBP,5596.95
100730,79,4,2,22,2025-01-30,2026-01-30,Expired,EUR,2525.56
100731,501,12,5,17,2022-08-27,2023-08-27,Expired,EUR,2514.14
100732,1395,7,1,7,2024-12-18,2025-12-18,Active,GBP,1054.12
100733,233,2,5,37,2022-02-06,2023-02-06,Expired,EUR,3527.7
100734,110,5,1,16,2022-01-25,2023-01-25,Expired,EUR,1430.89
100735,1116,3,2,31,2022-04-05,2023-04-05,Expired,GBP,6560.98
100736,110,11,3,26,2024-08-08,2025-08-08,Cancelled,GBP,1899.65
100737,1350,4,5,38,2022-11-05,2023-11-05,Active,GBP,2639.18
100738,677,5,6,39,2023-06-26,2024-06-25,Expired,GBP,16697.06
100739,1304,5,4,29,2023-07-20,2024-07-19,Active,GBP,2617.75
100740,368,3,2,27,2024-08-05,2025-08-05,Active,EUR,2367.45
100741,212,10,4,6,2023-02-23,2024-02-23,Expired,EUR,5111.34
100742,1445,7,7,1,2022-01-09,2023-01-09,Expired,EUR,863.55
100743,1144,6,1,22,2023-04-09,2024-04-08,Expired,EUR,8417.83
100744,1367,5,6,29,2022-12-12,2023-12-12,Active,EUR,6942.76
100745,480,9,4,30,2024-05-27,2025-05-27,Active,GBP,4882.14
100746,608,2,1,11,2024-06-20,2025-06-20,Expired,GBP,261.69
100747,866,12,6,21,2022-04-21,2023-04-21,Expired,EUR,2712.0
100748,674,7,1,35,2024-08-09,2025-08-09,Expired,GBP,1268.2
100749,364,3,3,4,2022-03-26,2023-03-26,Expired,GBP,7654.74
100750,563,7,2,16,2024-01-14,2025-01-13,Expired,EUR,7254.82
100751,914,11,5,38,2023-04-13,2024-04-12,Expired,GBP,4407.26
100752,57,3,1,8,2022-12-28,2023-12-28,Active,GBP,1336.31
100753,504,7,1,13,2023-08-03,2024-08-02,Expired,EUR,10104.34
100754,440,8,5,19,2023-01-08,2024-01-08,Expired,GBP,2706.21
100755,106,10,8,28,2024-08-10,2025-08-10,Cancelled,EUR,12759.46
100756,185,7,1,11,2025-03-06,2026-03-06,Expired,GBP,4020.01
100757,744,9,4,32,2024-09-05,2025-09-05,Expired,EUR,4817.96
100758,154,10,7,10,2023-06-12,2024-06-11,Active,EUR,2332.68
100759,518,11,3,15,2023-08-27,2024-08-26,Expired,EUR,9463.68
100760,842,5,4,23,2023-06-21,2024-06-20,Expired,EUR,5199.54
100761,1311,9,7,1,2024-08-10,2025-08-10,Expired,GBP,9722.22
100762,149,3,6,31,2023-10-25,2024-10-24,Active,EUR,3763.69
100763,652,11,3,27,2023-07-16,2024-07-15,Active,EUR,3180.27
100764,155,12,7,34,2023-05-07,2024-05-06,Expired,GBP,5147.92
100765,643,4,6,11,2023-03-27,2024-03-26,Expired,GBP,9719.65
100766,721,7,5,16,2023-10-26,2024-10-25,Expired,EUR,7062.47
100767,1199,10,4,36,2024-04-06,2025-04-06,Active,EUR,3654.33
100768,664,1,8,3,2023-06-03,2024-06-02,Expired,EUR,818.18
100769,1404,9,7,20,2024-08-25,2025-08-25,Expired,EUR,6049.85
100770,207,10,8,20,2024-09-19,2025-09-19,Active,EUR,1119.87
100771,80,11,6,18,2023-05-30,2024-05-29,Active,EUR,3382.11
100772,7,3,3,18,2024-12-26,2025-12-26,Expired,EUR,3020.49
100773,536,10,1,30,2022-07-27,2023-07-27,Active,GBP,1137.6
100774,290,10,2,8,2025-01-23,2026-01-23,Expired,EUR,4356.3
100775,138,1,8,36,2022-12-19,2023-12-19,Expired,GBP,16576.45
100776,354,9,3,36,2023-11-09,2024-11-08,Expired,EUR,2605.93
100777,1463,8,1,8,2022-12-07,2023-12-07,Active,EUR,5851.25
100778,1201,12,2,39,2023-06-15,2024-06-14,Cancelled,EUR,19278.92
100779,28,1,1,11,2023-02-13,2024-02-13,Expired,GBP,6291.53
100780,1374,12,5,3,2024-04-26,2025-04-26,Expired,EUR,2031.17
100781,308,7,5,16,2022-04-08,2023-04-08,Expired,GBP,3935.37
100782,609,4,4,32,2024-10-02,2025-10-02,Expired,GBP,4724.82
100783,492,5,6,34,2024-12-20,2025-12-20,Cancelled,EUR,9656.24
100784,608,10,4,26,2023-11-07,2024-11-06,Expired,EUR,8188.92
100785,1142,12,8,33,2023-10-19,2024-10-18,Expired,EUR,412.64
100786,1069,4,7,11,2024-04-19,2025-04-19,Active,GBP,1733.41
100787,892,12,1,36,2022-08-27,2023-08-27,Active,EUR,3125.91
100788,941,8,3,26,2024-06-18,2025-06-18,Expired,EUR,1538.46
100789,1092,3,7,6,2022-09-20,2023-09-20,Active,GBP,205.39
100790,277,8,5,6,2024-03-22,2025-03-22,Expired,EUR,1911.77
100791,594,10,7,11,2023-01-02,2024-01-02,Cancelled,GBP,3285.56
100792,162,1,3,3,2024-06-14,2025-06-14,Expired,GBP,2221.72
100793,1057,1,1,12,2024-08-07,2025-08-07,Active,EUR,1559.77
100794,657,1,7,40,2022-09-08,2023-09-08,Expired,EUR,3398.53
100795,956,7,7,10,2024-01-11,2025-01-10,Active,EUR,4261.24
100796,848,1,6,26,2023-08-22,2024-08-21,Expired,GBP,2318.21
100797,411,12,4,40,2022-12-19,2023-12-19,Expired,GBP,9217.03
100798,209,2,1,11,2023-12-07,2024-12-06,Expired,EUR,3440.2
100799,1460,1,6,28,2025-04-06,2026-04-06,Expired,EUR,1713.62
100800,440,4,6,19,2022-01-03,2023-01-03,Expired,EUR,1417.42
100801,165,10,6,12,2025-02-22,2026-02-22,Active,GBP,2808.13
100802,459,11,2,39,2024-10-24,2025-10-24,Active,EUR,7593.63
100803,1354,4,6,27,2023-09-28,2024-09-27,Expired,EUR,1776.2
100804,392,7,6,18,2024-01-03,2025-01-02,Expired,GBP,5150.81
100805,1481,10,7,33,2023-03-20,2024-03-19,Active,GBP,3536.59
100806,692,10,5,37,2022-06-04,2023-06-04,Active,GBP,14690.04
100807,1293,2,6,32,2023-11-17,2024-11-16,Active,GBP,4414.67
100808,980,11,4,35,2024-09-06,2025-09-06,Expired,GBP,1951.45
100809,66,11,6,13,2022-10-05,2023-10-05,Active,GBP,5723.16
100810,765,9,6,14,2024-05-10,2025-05-10,Expired,GBP,5869.45
100811,626,7,7,10,2024-06-16,2025-06-16,Active,EUR,2446.08
100812,303,5,7,28,2024-06-28,2025-06-28,Expired,EUR,1376.09
100813,825,11,1,33,2023-02-13,2024-02-13,Active,EUR,4924.74
100814,155,11,7,27,2023-04-16,2024-04-15,Expired,EUR,3455.2
100815,1048,7,7,24,2023-05-15,2024-05-14,Active,GBP,1056.36
100816,1233,9,5,31,2024-10-22,2025-10-22,Expired,EUR,3987.38
100817,139,5,5,8,2024-12-16,2025-12-16,Cancelled,EUR,2043.16
100818,719,9,6,15,2023-05-12,2024-05-11,Active,EUR,1057.11
100819,983,2,4,29,2025-03-09,2026-03-09,Cancelled,GBP,2529.84
100820,94,11,4,3,2023-11-16,2024-11-15,Active,GBP,8623.01
100821,584,7,7,37,2023-04-08,2024-04-07,Expired,EUR,8152.22
100822,388,8,7,7,2022-01-01,2023-01-01,Expired,GBP,6701.35
100823,59,3,2,32,2024-01-04,2025-01-03,Active,GBP,4031.62
100824,1207,7,7,25,2024-02-13,2025-02-12,Expired,GBP,5150.49
100825,668,1,3,34,2025-03-08,2026-03-08,Active,EUR,3547.45
100826,1128,11,2,32,2024-05-11,2025-05-11,Expired,EUR,1438.29
100827,881,9,8,21,2022-02-05,2023-02-05,Expired,GBP,1670.49
100828,1314,6,2,31,2023-11-12,2024-11-11,Expired,EUR,2089.36
100829,1496,11,2,14,2024-06-10,2025-06-10,Active,EUR,9424.04
100830,904,10,3,24,2023-08-19,2024-08-18,Cancelled,GBP,7387.3
100831,529,2,4,37,2023-05-31,2024-05-30,Active,EUR,1465.71
100832,635,1,2,4,2024-08-29,2025-08-29,Expired,GBP,3429.07
100833,1239,4,2,15,2024-01-04,2025-01-03,Active,EUR,2435.83
100834,640,1,4,1,2024-03-28,2025-03-28,Active,EUR,2932.69
100835,780,7,2,22,2023-07-11,2024-07-10,Active,EUR,2203.86
100836,292,7,2,32,2022-11-30,2023-11-30,Expired,EUR,9454.71
100837,1486,7,8,2,2023-09-15,2024-09-14,Active,GBP,3248.08
100838,977,1,5,22,2025-02-24,2026-02-24,Expired,EUR,3874.29
100839,496,12,1,17,2023-12-25,2024-12-24,Cancelled,EUR,3897.9
100840,878,12,1,32,2024-04-28,2025-04-28,Active,EUR,1524.12
100841,602,8,7,9,2022-05-29,2023-05-29,Active,EUR,3573.91
100842,233,1,3,7,2025-03-31,2026-03-31,Active,GBP,7308.09
100843,1313,5,2,4,2022-10-21,2023-10-21,Active,GBP,9941.95
100844,1329,9,6,17,2025-03-11,2026-03-11,Expired,GBP,1392.89
100845,1253,9,7,20,2023-06-19,2024-06-18,Expired,EUR,1054.74
100846,553,3,4,37,2025-01-07,2026-01-07,Active,EUR,3451.63
100847,385,10,6,19,2024-12-06,2025-12-06,Active,EUR,7569.56
100848,75,12,4,7,2024-06-25,2025-06-25,Expired,GBP,4314.33
100849,1098,7,1,28,2025-01-04,2026-01-04,Active,GBP,5487.47
100850,492,5,7,3,2024-01-02,2025-01-01,Expired,GBP,1187.75
100851,1339,7,8,14,2024-10-15,2025-10-15,Cancelled,EUR,2145.25
100852,1305,1,8,27,2022-07-26,2023-07-26,Active,EUR,634.55
100853,193,7,1,11,2022-03-26,2023-03-26,Expired,EUR,2960.56
100854,1376,1,5,24,2023-10-15,2024-10-14,Expired,EUR,649.91
100855,211,1,5,19,2024-08-29,2025-08-29,Expired,EUR,8950.78
100856,736,7,1,39,2024-07-07,2025-07-07,Expired,GBP,10573.61
100857,711,7,8,12,2023-09-26,2024-09-25,Expired,GBP,3660.97
100858,1435,12,1,37,2023-09-18,2024-09-17,Expired,GBP,1059.52
100859,986,7,3,26,2024-01-02,2025-01-01,Expired,GBP,4366.79
100860,1313,12,8,30,2024-11-07,2025-11-07,Expired,EUR,13284.45
100861,894,10,5,7,2024-10-07,2025-10-07,Expired,GBP,4706.98
100862,1238,5,6,1,2022-05-12,2023-05-12,Expired,EUR,8012.34
100863,1279,12,4,30,2023-12-16,2024-12-15,Active,EUR,2289.59
100864,1290,6,7,20,2023-04-03,2024-04-02,Expired,EUR,1714.01
100865,618,8,1,13,2024-08-17,2025-08-17,Active,EUR,3123.95
100866,573,2,6,36,2023-08-31,2024-08-30,Active,GBP,776.64
100867,1478,3,1,14,2025-04-04,2026-04-04,Active,EUR,17998.91
100868,1135,7,2,18,2023-06-03,2024-06-02,Active,GBP,3658.24
100869,1376,4,5,29,2024-03-25,2025-03-25,Expired,EUR,6311.19
100870,867,8,4,39,2022-05-11,2023-05-11,Active,EUR,2330.57
100871,1394,1,2,36,2025-01-23,2026-01-23,Expired,GBP,1035.55
100872,1080,4,7,27,2022-07-04,2023-07-04,Expired,GBP,9598.49
100873,1114,8,3,5,2023-03-31,2024-03-30,Active,EUR,1417.89
100874,267,8,7,5,2024-10-02,2025-10-02,Active,EUR,4279.66
100875,851,12,1,28,2025-03-06,2026-03-06,Expired,EUR,4593.11
100876,1098,11,2,21,2023-08-05,2024-08-04,Expired,EUR,3482.35
100877,1142,10,3,6,2023-08-05,2024-08-04,Active,EUR,1829.07
100878,1437,1,5,28,2022-02-28,2023-02-28,Active,EUR,2944.74
100879,491,8,4,38,2025-03-20,2026-03-20,Active,GBP,1615.6
100880,454,3,2,3,2022-01-20,2023-01-20,Active,EUR,6044.37
100881,1455,4,5,34,2022-02-01,2023-02-01,Active,EUR,5057.67
100882,1480,3,8,14,2023-07-23,2024-07-22,Cancelled,EUR,3242.01
100883,270,6,2,16,2022-01-05,2023-01-05,Active,EUR,2151.1
100884,568,2,3,29,2022-07-17,2023-07-17,Active,EUR,16002.31
100885,1423,7,4,10,2024-01-24,2025-01-23,Expired,EUR,1240.73
100886,300,2,6,7,2024-04-26,2025-04-26,Expired,EUR,1034.36
100887,1175,7,2,39,2022-12-24,2023-12-24,Expired,GBP,3097.95
100888,169,8,2,14,2024-08-12,2025-08-12,Expired,EUR,2714.78
100889,268,3,2,7,2023-12-31,2024-12-30,Cancelled,GBP,7503.97
100890,1178,2,5,28,2022-10-01,2023-10-01,Active,EUR,5348.59
100891,912,10,1,9,2024-05-04,2025-05-04,Active,GBP,3368.24
100892,833,9,6,32,2023-12-12,2024-12-11,Expired,EUR,4794.64
100893,1285,4,4,3,2024-09-01,2025-09-01,Expired,EUR,4729.73
100894,461,11,3,21,2022-07-05,2023-07-05,Cancelled,GBP,15957.23
100895,755,3,7,17,2022-10-05,2023-10-05,Active,EUR,3983.92
100896,913,12,7,39,2022-12-31,2023-12-31,Cancelled,EUR,1976.72
100897,1110,2,7,21,2023-02-14,2024-02-14,Active,GBP,3823.33
100898,499,8,8,38,2024-12-02,2025-12-02,Expired,EUR,462.2
100899,951,1,2,10,2024-05-29,2025-05-29,Expired,EUR,3214.78
100900,673,3,7,19,2023-10-15,2024-10-14,Active,EUR,7478.12
100901,813,5,2,33,2023-10-11,2024-10-10,Active,EUR,5175.22
100902,1294,2,3,7,2024-11-29,2025-11-29,Expired,GBP,4121.27
100903,591,6,5,38,2023-06-21,2024-06-20,Expired,GBP,5361.13
100904,1003,3,6,31,2022-09-28,2023-09-28,Active,GBP,7535.97
100905,1413,2,5,28,2022-06-14,2023-06-14,Expired,EUR,9594.31
100906,1144,12,5,10,2023-02-01,2024-02-01,Active,GBP,4608.2
100907,1484,12,4,33,2024-02-23,2025-02-22,Expired,EUR,2599.09
100908,876,12,5,34,2023-07-20,2024-07-19,Active,EUR,581.06
100909,423,2,4,12,2023-05-22,2024-05-21,Expired,GBP,6861.15
100910,1488,5,4,24,2023-07-31,2024-07-30,Active,EUR,4848.39
100911,967,4,5,3,2025-03-15,2026-03-15,Expired,EUR,3694.11
100912,363,4,5,16,2025-04-12,2026-04-12,Active,GBP,1966.4
100913,476,5,3,7,2022-07-13,2023-07-13,Cancelled,GBP,6794.47
100914,394,7,2,23,2022-05-18,2023-05-18,Expired,GBP,2716.43
100915,1251,6,3,22,2022-10-21,2023-10-21,Active,EUR,3210.5
100916,139,4,4,22,2024-10-19,2025-10-19,Active,GBP,3158.99
100917,1110,12,2,28,2023-07-06,2024-07-05,Active,EUR,4616.48
100918,832,12,2,37,2024-11-02,2025-11-02,Expired,EUR,1392.04
100919,111,4,8,8,2024-02-16,2025-02-15,Expired,GBP,5023.66
100920,921,3,3,9,2023-10-26,2024-10-25,Expired,EUR,1918.57
100921,1130,7,6,9,2022-12-04,2023-12-04,Expired,EUR,1969.72
100922,1089,5,2,38,2023-02-17,2024-02-17,Expired,GBP,6399.21
100923,793,12,8,4,2022-06-27,2023-06-27,Expired,EUR,1562.01
100924,504,6,2,2,2023-09-16,2024-09-15,Active,GBP,6390.59
100925,246,1,4,7,2022-12-03,2023-12-03,Active,EUR,3554.7
100926,19,2,7,31,2022-12-17,2023-12-17,Active,GBP,956.99
100927,540,1,2,24,2022-02-17,2023-02-17,Expired,EUR,9166.92
100928,949,5,5,37,2024-08-16,2025-08-16,Active,EUR,4157.59
100929,57,4,7,9,2025-02-01,2026-02-01,Expired,EUR,4427.52
100930,1499,11,1,16,2023-08-21,2024-08-20,Active,EUR,7012.38
100931,879,11,1,23,2023-10-06,2024-10-05,Expired,GBP,10141.75
100932,442,2,7,3,2025-01-16,2026-01-16,Active,EUR,3830.57
100933,1444,12,3,37,2023-09-06,2024-09-05,Expired,GBP,5234.18
100934,276,8,8,33,2024-01-18,2025-01-17,Active,GBP,4351.99
100935,1437,4,8,6,2023-05-29,2024-05-28,Active,GBP,2547.45
100936,423,5,8,34,2023-09-10,2024-09-09,Active,EUR,1004.68
100937,570,6,8,18,2023-09-19,2024-09-18,Expired,EUR,3870.7
100938,639,3,7,14,2024-05-03,2025-05-03,Expired,GBP,9266.89
100939,1493,11,4,38,2023-12-27,2024-12-26,Active,EUR,5102.57
100940,377,1,8,21,2023-08-28,2024-08-27,Expired,EUR,1479.46
100941,1460,1,3,10,2022-04-02,2023-04-02,Expired,GBP,7503.62
100942,521,4,5,33,2024-12-21,2025-12-21,Expired,EUR,2612.07
100943,428,2,1,29,2024-12-01,2025-12-01,Expired,EUR,686.07
100944,958,1,8,8,2022-08-10,2023-08-10,Active,EUR,7068.67
100945,1041,5,5,28,2022-12-18,2023-12-18,Expired,EUR,1621.27
100946,518,5,8,26,2025-03-14,2026-03-14,Expired,EUR,12525.81
100947,202,2,3,12,2023-01-21,2024-01-21,Expired,GBP,7791.82
100948,595,10,3,18,2024-09-01,2025-09-01,Active,EUR,2777.07
100949,811,11,5,34,2024-07-31,2025-07-31,Expired,GBP,4649.52
100950,61,9,7,7,2024-10-29,2025-10-29,Active,GBP,20291.13
100951,118,7,5,29,2022-01-20,2023-01-20,Expired,GBP,6974.43
100952,1377,12,7,34,2023-08-03,2024-08-02,Active,EUR,3938.87
100953,54,5,2,38,2023-11-10,2024-11-09,Active,EUR,28763.59
100954,611,6,7,13,2024-10-01,2025-10-01,Expired,EUR,3598.19
100955,1146,1,6,11,2022-09-27,2023-09-27,Expired,GBP,5096.76
100956,493,9,8,38,2023-01-04,2024-01-04,Active,EUR,1632.45
100957,743,2,1,19,2022-08-04,2023-08-04,Expired,GBP,938.2
100958,130,8,4,23,2024-07-03,2025-07-03,Expired,EUR,2654.86
100959,1192,10,1,21,2025-04-13,2026-04-13,Cancelled,GBP,3390.75
100960,952,3,4,21,2022-06-18,2023-06-18,Expired,EUR,4217.29
100961,1278,8,7,25,2022-10-07,2023-10-07,Active,EUR,1135.89
100962,1296,4,6,17,2023-01-04,2024-01-04,Active,EUR,5407.3
100963,527,5,7,16,2024-12-02,2025-12-02,Expired,EUR,1767.3
100964,62,7,6,17,2023-06-19,2024-06-18,Active,EUR,5200.71
100965,520,3,8,27,2022-12-05,2023-12-05,Cancelled,EUR,6642.18
100966,218,10,8,33,2023-01-22,2024-01-22,Cancelled,EUR,2448.84
100967,800,5,5,23,2023-12-19,2024-12-18,Cancelled,EUR,1599.0
100968,220,6,8,28,2023-04-10,2024-04-09,Active,EUR,10485.38
100969,1383,10,1,17,2022-06-18,2023-06-18,Expired,EUR,6340.32
100970,904,3,6,31,2024-09-11,2025-09-11,Expired,EUR,3692.22
100971,380,6,5,16,2023-05-22,2024-05-21,Active,EUR,9910.21
100972,1382,12,8,17,2022-11-05,2023-11-05,Active,EUR,3506.75
100973,1155,5,5,3,2024-05-24,2025-05-24,Active,GBP,2068.58
100974,657,2,2,11,2024-06-13,2025-06-13,Active,EUR,1554.21
100975,220,4,6,30,2022-07-06,2023-07-06,Cancelled,EUR,3038.6
100976,516,12,8,4,2022-03-30,2023-03-30,Expired,EUR,5876.93
100977,877,10,1,9,2022-02-24,2023-02-24,Active,EUR,9342.41
100978,1149,10,1,32,2024-07-07,2025-07-07,Expired,GBP,3353.07
100979,393,4,6,35,2024-01-21,2025-01-20,Active,EUR,8183.24
100980,1114,11,5,17,2024-08-08,2025-08-08,Active,EUR,2805.39
100981,425,5,5,17,2024-01-22,2025-01-21,Active,GBP,1833.17
100982,371,10,1,21,2023-04-28,2024-04-27,Expired,EUR,1236.78
100983,671,11,5,31,2023-12-09,2024-12-08,Expired,GBP,2253.68
100984,242,3,5,19,2024-05-16,2025-05-16,Expired,EUR,1272.21
100985,607,12,7,7,2023-04-24,2024-04-23,Expired,EUR,14870.49
100986,537,8,4,18,2025-01-03,2026-01-03,Active,EUR,4580.08
100987,421,9,3,11,2024-12-15,2025-12-15,Expired,GBP,3066.49
100988,1164,10,1,28,2024-08-18,2025-08-18,Active,GBP,11986.08
100989,498,3,5,6,2025-04-05,2026-04-05,Active,GBP,1240.54
100990,1043,9,6,25,2023-04-14,2024-04-13,Expired,EUR,2972.45
100991,1081,3,3,6,2022-05-17,2023-05-17,Active,EUR,14761.17
100992,999,4,6,39,2023-08-05,2024-08-04,Active,EUR,2957.12
100993,404,2,8,26,2024-06-14,2025-06-14,Active,EUR,20642.56
100994,1245,3,2,6,2024-07-24,2025-07-24,Active,GBP,5938.45
100995,355,12,5,39,2023-04-12,2024-04-11,Cancelled,GBP,8773.09
100996,416,4,6,23,2022-12-18,2023-12-18,Active,EUR,8965.79
100997,1313,5,1,25,2023-06-19,2024-06-18,Expired,EUR,3298.43
100998,510,6,2,3,2024-08-22,2025-08-22,Cancelled,GBP,2284.36
100999,1046,9,4,8,2022-03-14,2023-03-14,Expired,EUR,3021.23
101000,64,7,2,33,2023-01-29,2024-01-29,Expired,EUR,1571.52
101001,922,7,3,19,2022-10-03,2023-10-03,Cancelled,GBP,3135.45
101002,1304,11,2,25,2024-08-25,2025-08-25,Active,GBP,3283.6
101003,1064,6,8,40,2023-07-18,2024-07-17,Active,EUR,11695.11
101004,874,10,5,18,2022-04-15,2023-04-15,Expired,GBP,5140.76
101005,1274,11,3,16,2022-11-11,2023-11-11,Expired,EUR,19379.35
101006,448,9,7,33,2022-02-23,2023-02-23,Expired,EUR,652.19
101007,566,1,1,3,2023-07-25,2024-07-24,Active,EUR,1322.42
101008,105,4,5,19,2025-04-12,2026-04-12,Expired,EUR,2523.72
101009,1048,8,6,35,2023-11-12,2024-11-11,Expired,GBP,10090.71
101010,1086,6,7,10,2024-11-09,2025-11-09,Cancelled,EUR,3034.55
101011,1128,4,2,13,2024-06-10,2025-06-10,Active,GBP,1095.68
101012,1124,5,5,19,2024-11-25,2025-11-25,Active,EUR,2741.22
101013,192,1,7,3,2023-01-09,2024-01-09,Cancelled,EUR,1341.85
101014,1000,3,7,3,2025-02-15,2026-02-15,Expired,EUR,1158.38
101015,1145,10,2,11,2022-10-14,2023-10-14,Active,EUR,14751.81
101016,306,1,8,36,2023-06-10,2024-06-09,Active,GBP,2530.81
101017,715,11,3,9,2024-03-28,2025-03-28,Expired,EUR,3751.33
101018,1370,5,4,30,2022-12-11,2023-12-11,Expired,EUR,3072.61
101019,623,10,2,18,2022-11-14,2023-11-14,Expired,GBP,2728.15
101020,1130,4,2,31,2022-06-06,2023-06-06,Expired,GBP,1753.74
101021,796,10,3,14,2022-01-06,2023-01-06,Active,EUR,2609.79
101022,987,7,2,35,2023-08-25,2024-08-24,Active,EUR,4242.58
101023,940,11,6,15,2025-03-30,2026-03-30,Expired,GBP,9546.94
101024,977,1,5,32,2022-09-22,2023-09-22,Expired,GBP,6704.78
101025,1170,10,4,34,2023-06-13,2024-06-12,Active,EUR,1320.41
101026,1357,4,5,18,2025-01-27,2026-01-27,Expired,EUR,6914.66
101027,444,5,5,27,2024-07-15,2025-07-15,Active,EUR,4705.93
101028,1393,1,2,5,2022-01-05,2023-01-05,Active,GBP,2062.06
101029,942,12,3,20,2023-08-24,2024-08-23,Expired,EUR,3776.58
101030,894,8,8,15,2022-06-21,2023-06-21,Active,EUR,5060.47
101031,492,12,1,39,2022-10-24,2023-10-24,Active,EUR,3412.8
101032,626,7,8,38,2022-10-23,2023-10-23,Expired,EUR,4722.92
101033,978,2,8,32,2024-01-05,2025-01-04,Active,EUR,1724.66
101034,546,5,3,38,2022-08-27,2023-08-27,Active,EUR,14685.62
101035,431,6,3,40,2022-10-30,2023-10-30,Expired,GBP,775.13
101036,1229,2,2,31,2022-09-28,2023-09-28,Active,GBP,5081.64
101037,624,12,5,24,2023-03-05,2024-03-04,Expired,GBP,4337.58
101038,967,12,2,9,2024-02-27,2025-02-26,Active,GBP,5335.87
101039,47,7,7,33,2023-04-25,2024-04-24,Active,EUR,1936.66
101040,116,8,4,8,2023-01-29,2024-01-29,Expired,GBP,7918.03
101041,1273,9,8,8,2023-09-14,2024-09-13,Active,EUR,3038.18
101042,214,9,7,36,2024-01-09,2025-01-08,Expired,GBP,1353.35
101043,1194,1,4,5,2022-01-19,2023-01-19,Expired,EUR,1449.38
101044,1351,7,5,6,2024-12-04,2025-12-04,Expired,EUR,3617.47
101045,723,10,1,21,2025-01-04,2026-01-04,Active,GBP,994.87
101046,1327,10,1,24,2023-12-25,2024-12-24,Active,EUR,12712.99
101047,641,8,5,2,2023-11-21,2024-11-20,Expired,EUR,7235.04
101048,1428,11,4,16,2024-04-13,2025-04-13,Expired,EUR,12966.61
101049,356,8,4,10,2023-06-14,2024-06-13,Expired,EUR,11980.88
101050,642,5,1,13,2023-03-15,2024-03-14,Expired,EUR,2530.24
101051,584,6,7,8,2023-02-28,2024-02-28,Active,EUR,1716.43
101052,1177,9,4,28,2022-07-11,2023-07-11,Active,EUR,442.16
101053,66,11,4,19,2024-10-06,2025-10-06,Expired,GBP,2429.22
101054,1243,3,4,39,2023-01-20,2024-01-20,Expired,GBP,12384.98
101055,36,4,4,1,2022-12-08,2023-12-08,Active,EUR,1770.67
101056,474,8,6,32,2025-03-03,2026-03-03,Expired,EUR,2814.55
101057,895,10,7,37,2023-09-01,2024-08-31,Expired,EUR,2173.45
101058,219,5,5,20,2024-01-17,2025-01-16,Active,EUR,4364.45
101059,736,8,2,28,2022-10-22,2023-10-22,Active,EUR,8643.51
101060,1496,1,7,18,2022-11-30,2023-11-30,Expired,GBP,1038.56
101061,1235,4,3,24,2024-05-24,2025-05-24,Expired,EUR,1198.91
101062,46,12,1,37,2023-06-26,2024-06-25,Cancelled,EUR,10046.35
101063,888,7,1,22,2022-06-27,2023-06-27,Active,EUR,5709.01
101064,897,11,7,24,2024-09-29,2025-09-29,Expired,GBP,2712.06
101065,103,3,4,40,2023-04-29,2024-04-28,Expired,GBP,11852.71
101066,976,4,1,20,2024-03-13,2025-03-13,Expired,EUR,1183.5
101067,782,12,7,7,2023-02-14,2024-02-14,Active,EUR,6623.7
101068,1023,12,3,28,2023-11-04,2024-11-03,Active,EUR,3130.1
101069,447,11,8,28,2024-07-19,2025-07-19,Expired,GBP,5192.17
101070,384,4,8,10,2024-11-28,2025-11-28,Active,EUR,549.84
101071,1104,10,1,30,2022-09-06,2023-09-06,Active,EUR,2709.37
101072,1083,6,6,3,2024-03-17,2025-03-17,Cancelled,EUR,5725.0
101073,243,11,5,13,2025-01-02,2026-01-02,Active,EUR,3141.65
101074,325,11,2,35,2024-02-11,2025-02-10,Cancelled,EUR,8446.21
101075,880,6,3,25,2022-06-21,2023-06-21,Expired,EUR,8236.69
101076,1244,4,4,25,2022-08-16,2023-08-16,Expired,EUR,1605.32
101077,303,12,2,25,2022-09-01,2023-09-01,Active,EUR,6111.91
101078,329,6,6,7,2022-05-08,2023-05-08,Expired,GBP,1564.78
101079,1212,6,3,39,2024-06-23,2025-06-23,Expired,EUR,3430.67
101080,1046,8,8,12,2025-03-04,2026-03-04,Cancelled,EUR,5388.9
101081,1354,12,7,32,2023-09-13,2024-09-12,Active,EUR,1760.83
101082,1176,2,6,40,2023-12-20,2024-12-19,Active,EUR,5944.34
101083,1430,12,1,10,2024-07-17,2025-07-17,Cancelled,EUR,2255.18
101084,284,6,1,26,2023-05-14,2024-05-13,Active,GBP,2131.28
101085,408,1,2,2,2023-07-21,2024-07-20,Expired,GBP,5597.01
101086,357,4,4,26,2023-12-08,2024-12-07,Active,GBP,1759.91
101087,84,6,7,18,2023-01-01,2024-01-01,Active,GBP,1694.04
101088,1169,9,2,3,2022-03-16,2023-03-16,Expired,GBP,7193.02
101089,993,7,6,27,2023-11-13,2024-11-12,Expired,EUR,3573.92
101090,129,2,1,39,2024-09-13,2025-09-13,Expired,GBP,1107.0
101091,298,6,3,4,2022-03-29,2023-03-29,Expired,EUR,6258.72
101092,287,3,5,36,2022-09-17,2023-09-17,Expired,EUR,2428.55
101093,605,4,7,34,2022-11-12,2023-11-12,Cancelled,GBP,1150.26
101094,684,9,7,22,2024-08-23,2025-08-23,Active,EUR,502.46
101095,434,10,5,37,2023-08-29,2024-08-28,Active,EUR,6487.03
101096,1396,2,1,13,2023-10-04,2024-10-03,Active,EUR,1728.59
101097,320,8,3,29,2024-02-14,2025-02-13,Expired,EUR,1296.1
101098,843,6,7,28,2022-11-28,2023-11-28,Active,EUR,5321.72
101099,657,5,1,24,2024-05-06,2025-05-06,Expired,GBP,6029.04
101100,582,9,6,34,2022-02-06,2023-02-06,Expired,EUR,1825.62
101101,1239,3,6,36,2022-05-17,2023-05-17,Expired,GBP,6532.08
101102,1468,10,7,32,2024-09-06,2025-09-06,Expired,EUR,15385.33
101103,9,5,2,24,2024-02-29,2025-02-28,Expired,GBP,9045.27
101104,696,2,2,40,2022-07-31,2023-07-31,Expired,EUR,8048.92
101105,179,10,2,23,2023-06-11,2024-06-10,Active,EUR,4169.69
101106,651,11,4,26,2022-03-04,2023-03-04,Expired,GBP,2361.88
101107,926,7,5,8,2024-03-17,2025-03-17,Active,GBP,3159.24
101108,618,9,1,13,2024-06-26,2025-06-26,Expired,GBP,4585.05
101109,464,2,5,37,2022-12-01,2023-12-01,Active,EUR,1282.88
101110,469,5,2,20,2023-02-25,2024-02-25,Active,EUR,1850.04
101111,450,5,5,21,2022-10-12,2023-10-12,Active,GBP,1129.11
101112,489,10,3,33,2023-04-13,2024-04-12,Expired,EUR,3929.98
101113,561,5,8,14,2022-11-23,2023-11-23,Expired,GBP,3506.21
101114,1032,9,3,11,2022-10-24,2023-10-24,Active,EUR,2019.22
101115,145,4,7,1,2023-06-01,2024-05-31,Active,EUR,6095.92
101116,62,8,2,10,2024-10-28,2025-10-28,Expired,EUR,1505.0
101117,776,3,1,21,2024-07-04,2025-07-04,Cancelled,EUR,1963.78
101118,1023,7,2,29,2022-12-23,2023-12-23,Expired,GBP,5915.88
101119,389,1,4,14,2025-02-05,2026-02-05,Active,GBP,6611.8
101120,302,9,8,18,2022-09-10,2023-09-10,Expired,EUR,1813.85
101121,938,1,2,9,2024-12-28,2025-12-28,Expired,GBP,3920.73
101122,577,12,7,33,2023-01-07,2024-01-07,Expired,GBP,1837.01
101123,1105,11,6,21,2023-10-11,2024-10-10,Expired,GBP,2841.24
101124,220,7,3,6,2022-09-01,2023-09-01,Expired,EUR,3669.75
101125,182,11,3,25,2024-07-03,2025-07-03,Expired,EUR,5015.43
101126,830,10,8,14,2023-01-17,2024-01-17,Active,EUR,4180.43
101127,589,2,6,35,2024-11-13,2025-11-13,Active,EUR,4043.52
101128,1095,9,2,11,2022-04-10,2023-04-10,Active,GBP,1467.22
101129,760,5,8,35,2023-08-26,2024-08-25,Active,EUR,4408.14
101130,532,11,4,28,2022-07-10,2023-07-10,Active,EUR,4980.57
101131,240,11,1,6,2024-12-02,2025-12-02,Expired,GBP,5523.13
101132,246,12,7,31,2023-05-16,2024-05-15,Expired,EUR,1920.54
101133,1134,6,7,29,2024-03-20,2025-03-20,Active,EUR,6546.52
101134,340,3,4,19,2024-11-21,2025-11-21,Active,EUR,1226.69
101135,754,2,6,7,2023-10-05,2024-10-04,Expired,EUR,2384.84
101136,1228,2,2,20,2022-03-10,2023-03-10,Expired,EUR,2679.43
101137,1347,12,7,25,2022-09-22,2023-09-22,Active,EUR,1278.18
101138,402,8,3,6,2022-09-13,2023-09-13,Expired,EUR,2649.08
101139,165,5,3,14,2025-01-02,2026-01-02,Active,EUR,3889.79
101140,1163,6,5,29,2024-12-26,2025-12-26,Active,EUR,837.71
101141,1031,3,3,23,2023-07-27,2024-07-26,Expired,EUR,2450.34
101142,497,7,5,40,2024-12-04,2025-12-04,Expired,GBP,887.76
101143,891,6,6,9,2022-10-23,2023-10-23,Active,EUR,15232.01
101144,284,10,4,32,2024-03-26,2025-03-26,Expired,EUR,3863.65
101145,1052,1,7,18,2023-04-16,2024-04-15,Expired,EUR,3620.52
101146,1091,12,4,9,2022-10-16,2023-10-16,Active,EUR,3920.82
101147,450,1,8,39,2022-10-28,2023-10-28,Expired,EUR,5184.3
101148,703,6,3,25,2023-05-19,2024-05-18,Active,EUR,6861.05
101149,502,5,6,22,2023-02-12,2024-02-12,Expired,EUR,1019.77
101150,47,9,5,12,2022-09-11,2023-09-11,Expired,GBP,8801.11
101151,191,8,8,36,2023-02-05,2024-02-05,Active,EUR,8386.42
101152,1440,3,2,2,2022-06-04,2023-06-04,Active,EUR,3134.55
101153,685,6,2,5,2025-03-09,2026-03-09,Expired,GBP,3013.79
101154,222,7,7,8,2023-04-01,2024-03-31,Active,GBP,321.48
101155,67,6,8,27,2022-05-09,2023-05-09,Expired,EUR,1295.96
101156,531,1,6,5,2023-11-22,2024-11-21,Active,EUR,4861.67
101157,1475,3,4,32,2024-11-25,2025-11-25,Expired,EUR,8106.84
101158,578,7,4,8,2023-03-08,2024-03-07,Expired,GBP,5690.92
101159,1500,4,6,28,2024-10-11,2025-10-11,Active,EUR,3112.6
101160,735,7,6,32,2024-01-03,2025-01-02,Expired,GBP,13966.33
101161,1146,2,3,36,2024-06-06,2025-06-06,Expired,GBP,7001.51
101162,1179,9,1,12,2022-12-22,2023-12-22,Expired,EUR,2451.93
101163,43,3,1,3,2022-02-14,2023-02-14,Expired,EUR,16925.61
101164,10,8,3,31,2023-02-20,2024-02-20,Expired,EUR,1447.91
101165,1384,11,6,18,2025-01-14,2026-01-14,Expired,GBP,1092.39
101166,1399,5,4,38,2024-08-06,2025-08-06,Expired,GBP,2402.27
101167,199,2,5,8,2024-07-29,2025-07-29,Expired,EUR,1865.01
101168,969,1,4,23,2024-11-19,2025-11-19,Active,GBP,2505.64
101169,1386,5,3,5,2023-03-24,2024-03-23,Expired,GBP,5994.32
101170,1426,2,6,20,2023-01-22,2024-01-22,Expired,GBP,3211.57
101171,445,11,6,1,2025-01-15,2026-01-15,Cancelled,GBP,3274.03
101172,1227,12,8,31,2023-11-17,2024-11-16,Active,EUR,3443.04
101173,970,12,7,25,2022-12-24,2023-12-24,Active,GBP,581.58
101174,1392,12,4,4,2022-11-30,2023-11-30,Active,EUR,1057.39
101175,221,8,6,20,2024-11-18,2025-11-18,Expired,EUR,2467.64
101176,902,4,3,18,2022-03-06,2023-03-06,Expired,EUR,1750.76
101177,37,6,7,27,2022-03-16,2023-03-16,Active,EUR,2768.77
101178,536,4,5,20,2024-06-04,2025-06-04,Active,EUR,9443.64
101179,18,11,7,19,2022-01-02,2023-01-02,Expired,EUR,3115.56
101180,665,6,3,34,2022-07-25,2023-07-25,Expired,GBP,1222.16
101181,1217,5,1,21,2025-04-03,2026-04-03,Expired,EUR,1817.42
101182,988,9,2,33,2023-05-26,2024-05-25,Active,GBP,11883.81
101183,476,5,5,36,2024-05-23,2025-05-23,Active,EUR,10398.02
101184,641,5,8,34,2023-08-08,2024-08-07,Active,EUR,5150.8
101185,552,3,6,39,2022-04-19,2023-04-19,Active,GBP,1020.59
101186,1098,1,7,28,2022-08-10,2023-08-10,Expired,GBP,4146.85
101187,400,1,4,23,2024-07-02,2025-07-02,Active,GBP,4393.02
101188,138,5,8,22,2022-04-24,2023-04-24,Active,GBP,3358.18
101189,761,12,8,9,2023-12-15,2024-12-14,Active,EUR,2148.43
101190,1245,4,2,34,2023-02-22,2024-02-22,Active,GBP,2509.97
101191,716,8,7,28,2023-03-21,2024-03-20,Active,EUR,2039.0
101192,307,4,1,35,2025-02-16,2026-02-16,Active,EUR,1395.76
101193,70,4,5,29,2023-12-29,2024-12-28,Active,GBP,9177.32
101194,1416,2,4,20,2024-01-09,2025-01-08,Expired,GBP,6385.18
101195,1142,7,3,12,2023-02-25,2024-02-25,Cancelled,EUR,2660.59
101196,234,8,8,40,2023-04-03,2024-04-02,Expired,EUR,4290.39
101197,111,5,6,30,2024-04-02,2025-04-02,Active,EUR,4412.85
101198,194,7,2,35,2022-02-16,2023-02-16,Cancelled,GBP,19094.63
101199,565,6,2,24,2022-10-12,2023-10-12,Cancelled,EUR,6338.68
101200,1218,4,1,21,2023-12-22,2024-12-21,Expired,EUR,6161.51
101201,240,9,3,2,2024-01-19,2025-01-18,Active,GBP,3389.66
101202,1229,7,1,3,2022-04-21,2023-04-21,Expired,EUR,2378.4
101203,3,1,3,29,2024-08-03,2025-08-03,Cancelled,EUR,9293.15
101204,1109,6,7,9,2023-10-14,2024-10-13,Expired,EUR,5373.34
101205,424,5,7,4,2022-10-13,2023-10-13,Expired,GBP,1768.42
101206,1441,10,7,32,2024-06-21,2025-06-21,Expired,EUR,4630.41
101207,714,4,4,25,2025-04-04,2026-04-04,Cancelled,GBP,6173.61
101208,406,12,6,5,2023-05-24,2024-05-23,Active,EUR,684.12
101209,365,8,8,20,2022-12-07,2023-12-07,Active,GBP,1649.47
101210,1240,2,1,19,2022-12-26,2023-12-26,Expired,EUR,4324.59
101211,605,5,8,1,2023-12-13,2024-12-12,Active,EUR,777.94
101212,529,11,6,25,2022-02-26,2023-02-26,Active,EUR,876.03
101213,1104,4,4,16,2023-08-04,2024-08-03,Active,EUR,2689.62
101214,807,9,4,36,2022-01-30,2023-01-30,Active,GBP,4763.12
101215,996,10,4,5,2022-02-16,2023-02-16,Active,GBP,4931.2
101216,669,9,2,34,2023-06-01,2024-05-31,Expired,EUR,10794.58
101217,97,2,2,1,2024-06-13,2025-06-13,Expired,GBP,3504.13
101218,9,5,3,31,2024-11-26,2025-11-26,Expired,GBP,2491.18
101219,59,5,1,32,2022-04-16,2023-04-16,Active,EUR,1235.81
101220,862,5,5,17,2022-10-20,2023-10-20,Cancelled,EUR,2468.9
101221,771,11,4,12,2023-05-21,2024-05-20,Expired,GBP,5600.7
101222,1122,1,3,6,2023-11-20,2024-11-19,Cancelled,EUR,5793.79
101223,1342,7,2,14,2025-03-30,2026-03-30,Active,EUR,4017.7
101224,262,12,8,27,2024-04-01,2025-04-01,Active,EUR,4965.83
101225,1436,11,6,29,2023-10-09,2024-10-08,Expired,GBP,8580.84
101226,1398,8,4,8,2022-03-14,2023-03-14,Expired,EUR,3485.8
101227,924,12,6,1,2022-04-07,2023-04-07,Active,EUR,9186.49
101228,796,5,3,23,2022-07-03,2023-07-03,Expired,GBP,1910.3
101229,265,8,2,24,2024-03-03,2025-03-03,Expired,EUR,3118.26
101230,268,7,6,40,2023-02-02,2024-02-02,Active,EUR,2297.04
101231,28,1,7,31,2022-10-17,2023-10-17,Expired,EUR,5970.16
101232,969,1,6,23,2024-03-15,2025-03-15,Active,GBP,1539.38
101233,650,11,5,24,2024-09-05,2025-09-05,Active,EUR,2588.09
101234,288,3,1,26,2023-06-11,2024-06-10,Expired,GBP,816.68
101235,201,5,6,19,2024-11-24,2025-11-24,Expired,GBP,5145.01
101236,96,8,5,28,2024-05-31,2025-05-31,Expired,GBP,8392.49
101237,962,7,4,8,2024-05-09,2025-05-09,Expired,EUR,6522.62
101238,1028,7,2,34,2024-11-07,2025-11-07,Cancelled,GBP,6060.03
101239,948,12,8,35,2022-08-09,2023-08-09,Expired,EUR,6182.95
101240,167,10,4,18,2024-06-29,2025-06-29,Expired,EUR,5567.88
101241,63,12,3,19,2025-02-23,2026-02-23,Active,GBP,5222.84
101242,160,8,6,20,2025-04-05,2026-04-05,Expired,EUR,5481.78
101243,1128,12,4,33,2023-11-25,2024-11-24,Expired,EUR,2014.73
101244,1110,8,5,8,2024-06-24,2025-06-24,Expired,GBP,2835.16
101245,443,7,6,14,2024-12-02,2025-12-02,Active,EUR,3472.68
101246,83,10,3,25,2024-10-19,2025-10-19,Active,EUR,2561.17
101247,480,11,2,28,2024-12-13,2025-12-13,Expired,EUR,1017.67
101248,1215,1,2,12,2024-09-25,2025-09-25,Expired,EUR,1304.72
101249,216,11,8,5,2023-04-03,2024-04-02,Active,EUR,3914.65
101250,1195,9,5,21,2024-05-26,2025-05-26,Expired,EUR,6498.53
101251,696,11,4,26,2023-05-08,2024-05-07,Expired,GBP,3317.63
101252,213,9,3,31,2024-08-20,2025-08-20,Expired,GBP,26202.66
101253,1401,12,6,1,2024-08-30,2025-08-30,Active,EUR,1652.72
101254,778,4,8,1,2025-01-26,2026-01-26,Expired,EUR,4599.52
101255,1008,3,7,16,2023-12-07,2024-12-06,Active,GBP,8676.75
101256,145,3,5,23,2023-07-25,2024-07-24,Active,GBP,7326.53
101257,558,4,4,1,2022-07-18,2023-07-18,Expired,EUR,5384.61
101258,949,3,7,7,2024-02-05,2025-02-04,Active,EUR,7351.73
101259,969,6,7,17,2023-11-11,2024-11-10,Active,GBP,3434.22
101260,95,3,4,12,2023-09-10,2024-09-09,Active,GBP,11466.23
101261,907,2,8,29,2024-03-22,2025-03-22,Expired,GBP,8624.56
101262,1417,7,7,2,2024-10-18,2025-10-18,Expired,GBP,1738.59
101263,1180,10,7,36,2022-06-28,2023-06-28,Active,EUR,4193.02
101264,312,2,1,7,2023-06-02,2024-06-01,Expired,GBP,1032.28
101265,1369,7,2,18,2024-05-16,2025-05-16,Expired,EUR,10314.87
101266,1025,8,3,40,2024-09-10,2025-09-10,Active,GBP,3897.82
101267,86,9,7,27,2024-07-23,2025-07-23,Expired,GBP,9059.59
101268,193,2,1,40,2024-08-17,2025-08-17,Active,EUR,3035.05
101269,1382,9,1,1,2024-10-23,2025-10-23,Expired,EUR,818.77
101270,315,1,1,29,2025-02-28,2026-02-28,Active,GBP,23813.92
101271,146,3,2,4,2023-12-31,2024-12-30,Active,GBP,3634.83
101272,677,4,8,25,2022-10-26,2023-10-26,Active,EUR,1555.95
101273,789,11,6,14,2023-11-08,2024-11-07,Active,EUR,7780.08
101274,860,3,6,32,2024-05-01,2025-05-01,Expired,EUR,15167.24
101275,989,10,3,5,2022-05-01,2023-05-01,Expired,EUR,2830.39
101276,1499,12,6,36,2024-06-27,2025-06-27,Cancelled,EUR,3058.16
101277,1139,12,7,20,2023-10-16,2024-10-15,Expired,EUR,3938.42
101278,39,4,5,21,2025-01-28,2026-01-28,Expired,EUR,1431.92
101279,133,2,7,23,2022-09-12,2023-09-12,Active,EUR,1962.55
101280,1,3,5,2,2024-12-24,2025-12-24,Expired,EUR,12537.06
101281,593,10,3,13,2023-06-22,2024-06-21,Active,EUR,2983.48
101282,526,3,6,29,2023-11-20,2024-11-19,Cancelled,EUR,1757.82
101283,1401,8,8,39,2024-03-03,2025-03-03,Cancelled,GBP,2347.18
101284,550,5,7,40,2023-11-26,2024-11-25,Active,EUR,7365.91
101285,46,10,4,22,2024-12-20,2025-12-20,Expired,GBP,748.5
101286,1326,8,5,11,2022-07-20,2023-07-20,Expired,EUR,3987.77
101287,391,8,8,20,2024-05-25,2025-05-25,Expired,GBP,20882.44
101288,1369,10,6,19,2025-03-15,2026-03-15,Active,GBP,15112.79
101289,1162,12,5,16,2022-09-22,2023-09-22,Expired,GBP,5063.95
101290,1321,5,3,15,2022-11-03,2023-11-03,Expired,GBP,8842.56
101291,1230,7,8,35,2023-07-25,2024-07-24,Active,GBP,8779.02
101292,215,8,8,16,2024-05-19,2025-05-19,Expired,GBP,2997.73
101293,940,10,1,2,2025-02-24,2026-02-24,Active,EUR,6591.89
101294,619,6,1,29,2024-08-12,2025-08-12,Cancelled,EUR,12599.81
101295,944,5,1,27,2024-08-10,2025-08-10,Active,EUR,1276.88
101296,1119,11,4,16,2023-06-14,2024-06-13,Active,EUR,5077.06
101297,752,12,2,26,2024-02-14,2025-02-13,Active,GBP,4320.41
101298,469,7,8,38,2022-09-11,2023-09-11,Expired,EUR,3559.49
101299,1375,2,8,37,2023-07-10,2024-07-09,Expired,EUR,3330.82
101300,995,4,2,32,2022-08-15,2023-08-15,Active,EUR,3919.63
101301,1329,6,7,24,2022-02-02,2023-02-02,Active,EUR,4174.2
101302,356,9,2,2,2024-10-24,2025-10-24,Expired,EUR,7623.28
101303,1258,9,7,21,2024-08-23,2025-08-23,Expired,EUR,4709.73
101304,486,10,3,33,2023-09-05,2024-09-04,Active,EUR,2883.02
101305,691,1,1,34,2022-01-18,2023-01-18,Cancelled,EUR,1754.71
101306,1291,6,4,31,2022-04-19,2023-04-19,Active,GBP,2311.54
101307,533,9,7,40,2022-05-15,2023-05-15,Expired,EUR,4007.31
101308,376,12,8,21,2024-05-10,2025-05-10,Active,EUR,1940.01
101309,1374,2,1,5,2022-09-02,2023-09-02,Expired,GBP,6696.95
101310,1447,11,7,20,2022-10-28,2023-10-28,Expired,EUR,4548.45
101311,467,1,3,13,2024-10-30,2025-10-30,Active,EUR,7767.05
101312,460,3,4,34,2024-11-17,2025-11-17,Expired,EUR,2040.37
101313,342,11,1,32,2024-07-04,2025-07-04,Expired,GBP,1766.4
101314,36,10,8,17,2023-01-07,2024-01-07,Expired,EUR,7723.65
101315,830,12,7,16,2023-11-27,2024-11-26,Expired,EUR,3631.73
101316,383,8,6,7,2022-08-29,2023-08-29,Expired,GBP,2830.23
101317,1274,8,6,2,2024-10-26,2025-10-26,Expired,EUR,5563.57
101318,257,7,7,13,2022-04-12,2023-04-12,Active,EUR,5410.45
101319,953,7,2,10,2024-06-12,2025-06-12,Active,GBP,1284.57
101320,761,7,2,11,2023-09-06,2024-09-05,Active,EUR,9306.64
101321,918,4,1,40,2024-06-27,2025-06-27,Expired,GBP,2421.63
101322,170,11,4,28,2023-06-25,2024-06-24,Active,EUR,11790.08
101323,700,5,4,23,2022-07-09,2023-07-09,Active,EUR,1211.77
101324,940,8,1,8,2024-06-20,2025-06-20,Expired,GBP,4179.93
101325,512,9,6,34,2024-01-28,2025-01-27,Active,EUR,2866.32
101326,1313,7,1,26,2023-07-12,2024-07-11,Active,EUR,748.88
101327,795,8,7,21,2023-03-24,2024-03-23,Expired,EUR,5397.31
101328,544,1,6,19,2023-02-17,2024-02-17,Active,EUR,778.25
101329,47,4,7,23,2023-08-01,2024-07-31,Cancelled,EUR,2647.18
101330,253,6,1,34,2022-11-10,2023-11-10,Active,EUR,7541.73
101331,715,5,7,29,2022-12-05,2023-12-05,Expired,GBP,2213.82
101332,601,11,5,20,2022-11-30,2023-11-30,Expired,EUR,1672.71
101333,1308,11,7,27,2022-01-16,2023-01-16,Active,EUR,6004.52
101334,1179,9,6,38,2025-01-18,2026-01-18,Active,EUR,2732.2
101335,239,5,6,14,2022-10-11,2023-10-11,Expired,EUR,2431.36
101336,888,1,1,37,2022-07-18,2023-07-18,Active,EUR,8571.9
101337,682,10,6,25,2022-07-01,2023-07-01,Active,EUR,1372.71
101338,152,11,4,8,2025-03-31,2026-03-31,Cancelled,EUR,2333.9
101339,999,6,7,39,2023-07-27,2024-07-26,Expired,GBP,6309.65
101340,806,10,6,28,2023-01-28,2024-01-28,Cancelled,EUR,1307.72
101341,132,12,1,16,2023-04-30,2024-04-29,Active,EUR,12475.35
101342,703,7,8,9,2022-04-17,2023-04-17,Active,EUR,2799.97
101343,1098,3,1,37,2023-01-12,2024-01-12,Expired,EUR,6348.0
101344,491,1,3,33,2022-10-26,2023-10-26,Active,EUR,6338.05
101345,536,10,2,2,2024-08-21,2025-08-21,Active,EUR,2938.88
101346,166,7,8,26,2022-03-12,2023-03-12,Active,GBP,2300.18
101347,307,2,2,5,2023-05-26,2024-05-25,Active,EUR,3190.0
101348,1472,1,7,12,2024-08-06,2025-08-06,Expired,EUR,5622.4
101349,932,12,2,23,2024-09-27,2025-09-27,Active,GBP,1572.12
101350,265,4,6,10,2023-09-08,2024-09-07,Cancelled,EUR,1336.16
101351,725,4,1,21,2022-09-25,2023-09-25,Active,EUR,10028.16
101352,290,8,4,18,2023-02-09,2024-02-09,Active,GBP,1898.57
101353,665,5,5,24,2022-09-24,2023-09-24,Active,EUR,4296.53
101354,219,11,6,33,2024-03-05,2025-03-05,Expired,EUR,2830.89
101355,929,9,7,7,2022-12-18,2023-12-18,Expired,GBP,2926.61
101356,856,5,7,32,2024-01-27,2025-01-26,Expired,GBP,9631.48
101357,951,4,5,9,2024-02-26,2025-02-25,Active,EUR,3090.61
101358,666,11,3,2,2025-02-01,2026-02-01,Expired,EUR,2520.92
101359,429,8,3,18,2023-03-21,2024-03-20,Expired,EUR,2691.12
101360,375,12,8,13,2025-02-27,2026-02-27,Active,GBP,2258.39
101361,323,5,5,8,2023-04-26,2024-04-25,Expired,GBP,1993.07
101362,645,1,8,17,2024-03-27,2025-03-27,Active,EUR,2265.19
101363,678,11,4,35,2024-03-04,2025-03-04,Expired,EUR,11469.05
101364,1011,3,4,24,2024-09-08,2025-09-08,Expired,EUR,5617.36
101365,79,11,7,30,2023-07-17,2024-07-16,Active,GBP,2543.01
101366,423,9,6,6,2024-08-08,2025-08-08,Expired,EUR,6879.09
101367,1279,3,2,4,2023-03-03,2024-03-02,Expired,EUR,1001.85
101368,1373,10,5,14,2023-08-13,2024-08-12,Expired,EUR,9244.27
101369,1397,1,2,31,2023-08-23,2024-08-22,Expired,GBP,8702.51
101370,460,5,7,36,2024-04-25,2025-04-25,Active,EUR,17628.12
101371,206,5,1,5,2024-01-13,2025-01-12,Expired,EUR,7035.07
101372,298,8,7,20,2022-04-04,2023-04-04,Active,EUR,4573.01
101373,198,7,8,16,2024-08-28,2025-08-28,Expired,GBP,8676.34
101374,1432,8,1,30,2024-06-28,2025-06-28,Active,GBP,2060.37
101375,1326,6,6,9,2022-05-06,2023-05-06,Cancelled,EUR,2449.01
101376,1216,9,1,20,2025-02-28,2026-02-28,Expired,GBP,3139.49
101377,1095,2,3,34,2024-03-03,2025-03-03,Expired,EUR,9197.26
101378,515,9,3,19,2022-04-12,2023-04-12,Expired,EUR,1733.84
101379,714,1,5,32,2023-08-13,2024-08-12,Expired,GBP,1601.11
101380,1263,2,8,25,2024-09-30,2025-09-30,Expired,EUR,3933.97
101381,1222,9,4,24,2022-12-02,2023-12-02,Expired,EUR,5642.87
101382,779,2,4,11,2025-01-24,2026-01-24,Active,GBP,1944.36
101383,1257,10,1,40,2023-05-18,2024-05-17,Expired,EUR,5446.96
101384,521,2,8,10,2022-09-29,2023-09-29,Active,EUR,9193.94
101385,621,2,3,38,2023-03-04,2024-03-03,Expired,EUR,8105.89
101386,1260,12,4,40,2023-09-22,2024-09-21,Expired,GBP,4293.98
101387,565,3,1,21,2024-04-05,2025-04-05,Active,EUR,3078.05
101388,1129,11,3,35,2025-01-18,2026-01-18,Expired,EUR,12109.16
101389,680,5,5,29,2022-08-22,2023-08-22,Expired,GBP,3332.75
101390,447,10,8,30,2025-02-26,2026-02-26,Expired,EUR,6669.27
101391,329,12,3,3,2023-09-26,2024-09-25,Expired,EUR,14309.96
101392,911,2,5,6,2022-06-03,2023-06-03,Expired,EUR,6163.81
101393,720,4,8,3,2025-01-16,2026-01-16,Expired,EUR,1559.6
101394,555,7,3,2,2023-02-23,2024-02-23,Active,EUR,1300.8
101395,1115,11,3,34,2024-01-15,2025-01-14,Active,EUR,2635.37
101396,2,3,1,8,2024-04-17,2025-04-17,Expired,EUR,5608.98
101397,139,3,8,1,2022-01-17,2023-01-17,Active,EUR,4598.98
101398,1443,5,1,38,2022-09-23,2023-09-23,Active,EUR,17245.59
101399,996,3,2,12,2024-04-03,2025-04-03,Active,EUR,4565.54
101400,825,4,2,33,2023-01-25,2024-01-25,Active,EUR,2577.1
101401,23,2,6,39,2022-01-12,2023-01-12,Cancelled,EUR,1408.1
101402,898,10,3,21,2022-01-28,2023-01-28,Active,EUR,7985.06
101403,653,10,6,38,2024-09-18,2025-09-18,Active,GBP,3279.53
101404,900,2,5,39,2022-07-04,2023-07-04,Cancelled,EUR,1064.64
101405,62,7,1,6,2022-05-01,2023-05-01,Cancelled,GBP,3349.93
101406,826,8,3,6,2023-11-06,2024-11-05,Active,EUR,1561.18
101407,867,8,1,15,2022-05-23,2023-05-23,Expired,EUR,2394.12
101408,436,12,1,23,2024-02-23,2025-02-22,Active,EUR,3309.8
101409,82,8,4,32,2023-10-15,2024-10-14,Expired,GBP,1670.9
101410,1458,9,3,8,2024-02-18,2025-02-17,Active,EUR,2285.37
101411,1065,1,1,8,2023-08-13,2024-08-12,Expired,GBP,1885.43
101412,933,1,4,13,2024-07-23,2025-07-23,Active,EUR,1923.75
101413,1151,8,4,11,2024-02-13,2025-02-12,Expired,EUR,1546.86
101414,1007,11,8,38,2023-05-14,2024-05-13,Active,EUR,2293.71
101415,202,5,6,16,2022-01-19,2023-01-19,Expired,GBP,1684.08
101416,683,8,4,35,2022-11-25,2023-11-25,Expired,EUR,5115.03
101417,1334,3,4,3,2022-06-07,2023-06-07,Active,EUR,3829.92
101418,432,6,1,5,2022-01-19,2023-01-19,Expired,EUR,8071.03
101419,1459,10,4,33,2022-11-24,2023-11-24,Active,EUR,13562.01
101420,97,8,5,10,2022-09-05,2023-09-05,Active,EUR,5475.25
101421,497,2,1,4,2022-04-03,2023-04-03,Active,GBP,4615.57
101422,526,11,8,24,2023-01-10,2024-01-10,Active,GBP,5740.22
101423,927,12,5,6,2023-08-31,2024-08-30,Active,EUR,4674.8
101424,265,6,7,3,2022-08-02,2023-08-02,Expired,EUR,3420.87
101425,344,5,3,17,2022-11-24,2023-11-24,Expired,GBP,3222.8
101426,994,7,7,23,2022-01-25,2023-01-25,Expired,EUR,1531.11
101427,427,10,3,22,2022-03-02,2023-03-02,Expired,EUR,6180.72
101428,1319,6,8,24,2022-07-08,2023-07-08,Expired,GBP,3218.04
101429,1306,1,5,1,2023-06-28,2024-06-27,Active,EUR,9770.66
101430,455,1,6,12,2024-03-10,2025-03-10,Expired,EUR,6544.31
101431,840,10,2,14,2024-08-04,2025-08-04,Expired,EUR,2060.15
101432,500,10,8,12,2024-01-26,2025-01-25,Active,GBP,8391.87
101433,518,10,2,23,2024-01-11,2025-01-10,Expired,EUR,482.72
101434,1006,2,1,10,2025-01-27,2026-01-27,Cancelled,EUR,14012.0
101435,440,3,4,26,2022-11-03,2023-11-03,Expired,EUR,1207.33
101436,224,5,7,38,2024-08-15,2025-08-15,Cancelled,EUR,4775.88
101437,389,3,8,27,2025-01-29,2026-01-29,Active,EUR,4539.45
101438,1395,5,7,16,2023-11-13,2024-11-12,Expired,GBP,7652.5
101439,389,7,5,18,2024-10-05,2025-10-05,Active,EUR,2574.67
101440,546,4,8,24,2022-06-15,2023-06-15,Active,EUR,659.09
101441,944,2,4,29,2024-11-20,2025-11-20,Cancelled,GBP,2577.39
101442,152,5,4,13,2023-11-08,2024-11-07,Active,GBP,2795.11
101443,403,9,2,2,2022-09-23,2023-09-23,Cancelled,EUR,708.47
101444,263,8,7,29,2022-03-15,2023-03-15,Expired,EUR,3408.5
101445,1387,4,3,27,2024-05-13,2025-05-13,Expired,GBP,1470.14
101446,1400,4,2,5,2023-06-02,2024-06-01,Cancelled,GBP,5360.51
101447,1134,8,3,26,2023-01-08,2024-01-08,Expired,EUR,2739.25
101448,371,3,5,3,2023-04-14,2024-04-13,Cancelled,GBP,14340.19
101449,925,11,3,26,2025-04-04,2026-04-04,Expired,EUR,2718.58
101450,994,11,3,30,2023-05-29,2024-05-28,Expired,EUR,4549.59
101451,1305,1,3,1,2022-04-05,2023-04-05,Expired,EUR,2807.91
101452,235,12,5,30,2022-12-02,2023-12-02,Active,EUR,975.11
101453,1105,1,6,5,2022-06-24,2023-06-24,Active,EUR,2825.57
101454,292,6,6,11,2024-04-02,2025-04-02,Active,EUR,5796.79
101455,854,9,2,29,2024-08-18,2025-08-18,Expired,EUR,5174.47
101456,1319,4,3,15,2024-10-06,2025-10-06,Active,EUR,2644.0
101457,94,3,6,40,2024-01-30,2025-01-29,Expired,EUR,1104.81
101458,223,1,2,39,2024-07-11,2025-07-11,Expired,EUR,5341.94
101459,1220,9,1,40,2023-05-16,2024-05-15,Expired,EUR,4512.54
101460,29,1,3,5,2024-01-24,2025-01-23,Expired,EUR,6201.57
101461,1028,6,6,8,2022-05-09,2023-05-09,Cancelled,GBP,2682.26
101462,752,5,6,8,2023-10-09,2024-10-08,Expired,EUR,931.43
101463,520,12,2,24,2023-10-31,2024-10-30,Expired,GBP,4916.34
101464,1295,12,6,18,2022-02-07,2023-02-07,Active,EUR,3271.95
101465,1274,10,2,30,2023-10-20,2024-10-19,Cancelled,EUR,9355.9
101466,489,9,6,12,2024-05-17,2025-05-17,Active,GBP,3366.23
101467,7,7,5,8,2023-03-18,2024-03-17,Active,EUR,3184.02
101468,193,5,2,26,2023-10-16,2024-10-15,Active,EUR,4504.99
101469,162,2,3,25,2022-12-10,2023-12-10,Expired,EUR,2105.49
101470,1474,12,7,28,2022-11-21,2023-11-21,Expired,EUR,2030.73
101471,896,5,4,13,2022-06-05,2023-06-05,Active,EUR,3061.25
101472,1016,6,6,22,2023-01-29,2024-01-29,Expired,EUR,1651.92
101473,347,2,6,38,2024-08-21,2025-08-21,Active,EUR,2774.37
101474,1277,4,1,25,2025-01-27,2026-01-27,Active,EUR,14110.45
101475,1085,8,8,38,2024-02-02,2025-02-01,Active,EUR,7201.0
101476,1129,6,3,18,2024-01-20,2025-01-19,Active,GBP,4150.68
101477,703,8,7,2,2024-01-07,2025-01-06,Expired,EUR,10548.7
101478,1048,3,4,31,2023-07-26,2024-07-25,Active,EUR,1774.6
101479,817,1,5,19,2023-05-23,2024-05-22,Active,GBP,21329.15
101480,577,11,3,2,2024-01-16,2025-01-15,Active,EUR,2332.33
101481,892,6,7,6,2024-07-30,2025-07-30,Expired,EUR,14806.99
101482,487,5,1,13,2023-05-12,2024-05-11,Cancelled,EUR,14758.17
101483,1430,4,8,8,2023-11-11,2024-11-10,Expired,GBP,884.55
101484,1076,8,2,28,2023-07-19,2024-07-18,Expired,EUR,9900.29
101485,1109,7,8,25,2022-12-09,2023-12-09,Expired,EUR,2662.63
101486,1076,5,1,14,2022-12-15,2023-12-15,Active,GBP,2151.72
101487,673,12,1,4,2022-04-05,2023-04-05,Active,EUR,4882.82
101488,1426,11,1,4,2023-06-12,2024-06-11,Expired,EUR,1546.99
101489,312,3,5,38,2024-05-04,2025-05-04,Active,GBP,4800.61
101490,853,8,3,14,2024-04-02,2025-04-02,Expired,EUR,1626.86
101491,105,12,5,5,2025-03-28,2026-03-28,Expired,GBP,3762.39
101492,442,6,7,29,2022-02-17,2023-02-17,Active,EUR,8968.93
101493,862,1,1,35,2024-07-01,2025-07-01,Expired,EUR,4402.33
101494,735,2,5,5,2024-08-12,2025-08-12,Active,EUR,2515.32
101495,1412,9,6,38,2023-06-08,2024-06-07,Active,EUR,4944.63
101496,921,11,4,29,2022-12-06,2023-12-06,Expired,EUR,1147.27
101497,618,2,8,11,2023-03-05,2024-03-04,Expired,GBP,1756.11
101498,641,7,6,32,2024-03-30,2025-03-30,Active,EUR,2385.82
101499,918,6,1,17,2024-10-31,2025-10-31,Active,GBP,5944.0
101500,1187,4,5,26,2024-02-11,2025-02-10,Active,EUR,4466.45
101501,415,8,4,6,2023-09-10,2024-09-09,Active,GBP,4921.53
101502,877,11,2,10,2024-02-23,2025-02-22,Active,EUR,3227.5
101503,863,3,8,31,2022-03-26,2023-03-26,Active,EUR,1824.25
101504,15,1,2,33,2023-12-31,2024-12-30,Expired,GBP,10057.64
101505,1370,5,1,1,2022-02-20,2023-02-20,Expired,GBP,1952.09
101506,855,4,2,9,2025-02-24,2026-02-24,Expired,GBP,4511.02
101507,364,9,7,25,2024-12-03,2025-12-03,Expired,GBP,3028.8
101508,951,7,5,37,2023-09-03,2024-09-02,Expired,EUR,5025.32
101509,1017,1,7,27,2023-03-25,2024-03-24,Expired,EUR,2092.02
101510,1373,5,4,29,2024-05-28,2025-05-28,Expired,EUR,7255.45
101511,52,9,1,16,2024-02-05,2025-02-04,Expired,GBP,9262.31
101512,621,6,4,3,2024-04-26,2025-04-26,Expired,EUR,6929.15
101513,271,7,2,31,2023-09-11,2024-09-10,Expired,EUR,3707.89
101514,862,4,5,32,2022-10-11,2023-10-11,Expired,EUR,2377.15
101515,753,4,3,18,2022-03-29,2023-03-29,Active,GBP,27353.06
101516,713,2,8,21,2022-12-06,2023-12-06,Active,EUR,1566.0
101517,1474,1,4,10,2023-09-27,2024-09-26,Expired,GBP,6379.99
101518,798,1,3,19,2023-05-24,2024-05-23,Active,EUR,4228.44
101519,617,8,8,10,2023-08-31,2024-08-30,Active,EUR,3143.52
101520,101,2,5,17,2022-11-30,2023-11-30,Active,EUR,3785.27
101521,435,7,2,6,2025-01-30,2026-01-30,Active,GBP,2246.97
101522,1346,12,4,25,2023-03-17,2024-03-16,Cancelled,GBP,4538.23
101523,678,9,3,10,2024-10-12,2025-10-12,Active,EUR,4178.13
101524,1366,7,6,29,2023-04-15,2024-04-14,Active,EUR,24544.42
101525,799,2,5,21,2023-06-17,2024-06-16,Expired,EUR,7354.86
101526,823,6,6,36,2023-12-26,2024-12-25,Active,EUR,4850.86
101527,645,11,8,9,2022-11-12,2023-11-12,Expired,GBP,5072.91
101528,835,5,6,11,2022-09-21,2023-09-21,Expired,EUR,13090.65
101529,101,10,3,10,2023-04-01,2024-03-31,Active,EUR,1591.1
101530,87,9,2,26,2024-08-23,2025-08-23,Expired,EUR,2872.54
101531,714,4,5,5,2022-06-23,2023-06-23,Active,EUR,788.12
101532,897,2,4,28,2023-06-10,2024-06-09,Expired,EUR,5009.44
101533,827,1,3,33,2024-03-17,2025-03-17,Cancelled,EUR,6223.77
101534,644,4,7,27,2024-04-27,2025-04-27,Expired,GBP,1561.34
101535,442,4,8,6,2023-06-06,2024-06-05,Active,EUR,9665.42
101536,1064,8,4,20,2022-04-08,2023-04-08,Expired,GBP,1921.46
101537,908,7,6,22,2022-01-20,2023-01-20,Expired,GBP,2548.22
101538,71,6,8,16,2023-07-18,2024-07-17,Expired,EUR,3603.55
101539,679,9,1,19,2024-08-30,2025-08-30,Active,GBP,10890.51
101540,1067,10,3,31,2022-02-03,2023-02-03,Expired,GBP,1730.82
101541,1177,9,6,34,2024-11-30,2025-11-30,Active,EUR,4098.74
101542,431,11,4,13,2024-03-22,2025-03-22,Active,GBP,5890.69
101543,1388,5,7,14,2022-01-10,2023-01-10,Expired,EUR,5046.01
101544,978,10,4,9,2023-02-17,2024-02-17,Expired,GBP,5187.73
101545,657,6,1,17,2022-09-22,2023-09-22,Active,EUR,5832.06
101546,941,3,4,22,2025-02-13,2026-02-13,Expired,EUR,2173.2
101547,1308,2,4,29,2023-10-28,2024-10-27,Expired,GBP,11682.35
101548,341,2,7,11,2023-01-24,2024-01-24,Cancelled,EUR,3030.97
101549,226,12,2,9,2022-11-30,2023-11-30,Expired,GBP,2743.84
101550,661,3,2,2,2023-11-08,2024-11-07,Expired,GBP,9051.8
101551,126,11,2,4,2022-01-07,2023-01-07,Expired,EUR,2053.04
101552,1254,10,5,3,2022-11-05,2023-11-05,Active,GBP,4188.96
101553,1456,6,8,9,2022-07-18,2023-07-18,Active,GBP,1915.77
101554,909,11,5,28,2024-01-15,2025-01-14,Expired,EUR,21794.8
101555,1470,11,7,31,2024-03-14,2025-03-14,Active,EUR,18610.68
101556,104,12,7,39,2023-07-15,2024-07-14,Active,EUR,3033.04
101557,949,6,5,22,2022-06-18,2023-06-18,Expired,EUR,4865.34
101558,665,4,5,19,2023-03-21,2024-03-20,Active,EUR,3307.34
101559,417,1,2,36,2024-10-08,2025-10-08,Active,GBP,2536.53
101560,468,11,8,6,2022-09-02,2023-09-02,Expired,GBP,3603.73
101561,818,11,7,26,2022-07-16,2023-07-16,Active,EUR,3195.66
101562,963,7,7,33,2022-05-14,2023-05-14,Expired,EUR,1053.11
101563,247,1,8,21,2024-09-07,2025-09-07,Active,GBP,4012.89
101564,922,10,3,11,2022-05-24,2023-05-24,Expired,GBP,3191.61
101565,1390,4,2,25,2023-11-29,2024-11-28,Active,EUR,4163.66
101566,16,7,7,40,2025-04-13,2026-04-13,Expired,EUR,3108.39
101567,1318,8,4,10,2024-02-10,2025-02-09,Active,EUR,2514.29
101568,912,2,8,23,2023-05-10,2024-05-09,Active,EUR,6349.83
101569,514,1,6,3,2022-09-06,2023-09-06,Expired,EUR,4914.04
101570,1103,1,3,10,2022-01-03,2023-01-03,Active,EUR,9386.57
101571,927,12,3,31,2022-07-06,2023-07-06,Expired,EUR,4774.51
101572,1154,12,5,20,2025-02-17,2026-02-17,Active,EUR,2840.67
101573,122,6,4,8,2022-06-22,2023-06-22,Active,EUR,5232.14
101574,89,6,3,14,2022-01-24,2023-01-24,Active,EUR,745.86
101575,964,5,2,5,2024-09-06,2025-09-06,Expired,GBP,15958.71
101576,456,5,6,32,2023-05-18,2024-05-17,Active,GBP,4047.22
101577,358,7,1,38,2023-03-05,2024-03-04,Active,GBP,16955.4
101578,632,5,1,5,2024-05-10,2025-05-10,Expired,GBP,1716.41
101579,1088,8,1,10,2023-09-20,2024-09-19,Active,GBP,1424.77
101580,270,5,6,35,2025-01-02,2026-01-02,Expired,EUR,4334.56
101581,1460,8,1,36,2023-07-16,2024-07-15,Cancelled,EUR,4323.85
101582,632,12,4,31,2024-05-05,2025-05-05,Expired,EUR,4245.79
101583,226,3,1,29,2024-11-20,2025-11-20,Expired,EUR,3787.15
101584,107,1,5,35,2023-07-11,2024-07-10,Active,EUR,2056.81
101585,1286,7,1,15,2022-12-08,2023-12-08,Cancelled,EUR,1081.37
101586,170,2,1,36,2025-03-15,2026-03-15,Expired,GBP,4073.93
101587,629,3,4,36,2022-09-30,2023-09-30,Active,GBP,1258.98
101588,1004,10,6,10,2022-02-17,2023-02-17,Cancelled,GBP,1172.91
101589,770,6,1,3,2023-11-25,2024-11-24,Cancelled,EUR,2476.31
101590,394,7,4,21,2025-03-30,2026-03-30,Expired,GBP,4550.51
101591,162,10,7,31,2022-04-14,2023-04-14,Active,GBP,14629.85
101592,1068,2,6,34,2024-10-16,2025-10-16,Expired,EUR,6866.74
101593,736,6,7,6,2024-09-23,2025-09-23,Expired,EUR,9651.93
101594,73,1,3,16,2025-01-19,2026-01-19,Expired,EUR,5378.94
101595,272,6,8,31,2023-05-21,2024-05-20,Active,EUR,4337.88
101596,845,3,2,3,2022-11-02,2023-11-02,Active,EUR,21576.13
101597,253,11,5,29,2023-09-07,2024-09-06,Active,EUR,1221.53
101598,588,4,4,12,2022-06-20,2023-06-20,Active,GBP,2416.5
101599,187,3,1,1,2024-10-08,2025-10-08,Expired,EUR,2562.18
101600,1196,1,8,10,2024-03-06,2025-03-06,Active,EUR,6439.25
101601,946,2,6,30,2023-08-03,2024-08-02,Active,GBP,1581.17
101602,1176,3,2,35,2023-09-12,2024-09-11,Expired,EUR,5840.5
101603,79,3,1,4,2024-05-04,2025-05-04,Expired,EUR,5088.49
101604,564,9,6,19,2023-09-20,2024-09-19,Active,EUR,6063.31
101605,402,11,5,9,2024-10-04,2025-10-04,Cancelled,EUR,5981.44
101606,935,11,1,28,2025-01-14,2026-01-14,Active,EUR,10443.55
101607,1233,12,8,32,2025-02-13,2026-02-13,Expired,GBP,3175.1
101608,342,11,6,39,2024-01-15,2025-01-14,Active,GBP,4903.08
101609,1155,6,4,15,2024-06-10,2025-06-10,Expired,EUR,1896.16
101610,871,5,2,12,2023-01-09,2024-01-09,Expired,EUR,1597.83
101611,1237,8,3,13,2022-02-15,2023-02-15,Active,EUR,12377.33
101612,122,4,4,31,2023-04-26,2024-04-25,Expired,EUR,1791.68
101613,1487,8,1,18,2024-11-12,2025-11-12,Active,EUR,5329.35
101614,652,12,3,1,2022-06-10,2023-06-10,Expired,GBP,4906.33
101615,421,3,2,38,2023-10-17,2024-10-16,Active,GBP,7952.45
101616,275,10,1,5,2022-08-19,2023-08-19,Expired,EUR,949.89
101617,1478,12,2,38,2023-05-31,2024-05-30,Expired,EUR,6427.91
101618,1326,7,3,7,2022-06-22,2023-06-22,Expired,GBP,3154.16
101619,197,5,4,22,2024-05-31,2025-05-31,Active,EUR,2100.79
101620,668,4,3,13,2024-08-30,2025-08-30,Expired,EUR,2729.54
101621,1101,3,6,28,2024-06-29,2025-06-29,Expired,GBP,7169.41
101622,887,4,5,17,2024-04-25,2025-04-25,Active,EUR,5701.19
101623,284,9,2,15,2022-10-10,2023-10-10,Expired,EUR,2993.08
101624,541,7,8,20,2023-09-29,2024-09-28,Active,EUR,1402.02
101625,553,3,6,39,2022-05-06,2023-05-06,Active,EUR,1478.22
101626,434,7,4,10,2023-03-26,2024-03-25,Expired,EUR,5795.13
101627,1442,10,1,9,2023-08-30,2024-08-29,Active,GBP,1263.57
101628,305,1,8,3,2024-03-13,2025-03-13,Active,EUR,3015.09
101629,1060,1,6,30,2022-04-27,2023-04-27,Expired,EUR,24607.44
101630,1368,12,4,28,2024-09-02,2025-09-02,Expired,EUR,4650.22
101631,1193,9,2,25,2023-07-05,2024-07-04,Active,EUR,5748.46
101632,1200,7,1,1,2024-11-23,2025-11-23,Active,GBP,1486.57
101633,239,11,3,32,2023-09-25,2024-09-24,Expired,EUR,1312.28
101634,200,8,2,33,2023-10-19,2024-10-18,Expired,GBP,5984.13
101635,1175,7,2,38,2024-04-11,2025-04-11,Expired,GBP,2665.74
101636,1121,3,4,38,2024-09-10,2025-09-10,Expired,EUR,7944.35
101637,1113,10,1,11,2022-07-09,2023-07-09,Expired,EUR,3667.81
101638,628,10,3,29,2023-09-06,2024-09-05,Cancelled,EUR,47442.42
101639,786,4,7,17,2022-02-05,2023-02-05,Active,EUR,2311.75
101640,24,9,7,24,2023-07-24,2024-07-23,Active,GBP,4410.96
101641,437,9,1,14,2024-09-03,2025-09-03,Active,GBP,1816.0
101642,793,2,6,27,2024-11-04,2025-11-04,Active,GBP,7700.65
101643,189,2,8,39,2022-12-07,2023-12-07,Active,EUR,4941.3
101644,196,8,5,27,2023-04-09,2024-04-08,Expired,EUR,1726.94
101645,68,8,4,37,2023-10-24,2024-10-23,Active,GBP,2799.05
101646,315,8,4,38,2023-04-21,2024-04-20,Active,EUR,9935.57
101647,1490,5,2,5,2022-08-02,2023-08-02,Expired,EUR,9079.57
101648,1045,11,4,39,2023-01-01,2024-01-01,Cancelled,EUR,1229.3
101649,1423,6,8,33,2023-04-30,2024-04-29,Active,EUR,2503.69
101650,386,3,5,18,2023-09-15,2024-09-14,Expired,GBP,13919.52
101651,899,2,4,25,2025-01-09,2026-01-09,Expired,EUR,3132.59
101652,1338,11,1,25,2023-10-16,2024-10-15,Expired,EUR,4074.76
101653,529,9,8,32,2023-04-10,2024-04-09,Expired,GBP,7670.97
101654,986,6,2,33,2024-03-03,2025-03-03,Expired,GBP,1307.51
101655,1040,3,6,5,2024-07-16,2025-07-16,Active,EUR,1755.0
101656,1249,2,3,1,2023-06-01,2024-05-31,Expired,EUR,2785.62
101657,1455,2,3,10,2023-08-11,2024-08-10,Active,GBP,8764.53
101658,923,2,2,22,2022-09-19,2023-09-19,Expired,EUR,7629.85
101659,874,7,4,34,2024-11-03,2025-11-03,Expired,EUR,6092.57
101660,1304,3,6,27,2024-11-06,2025-11-06,Active,GBP,3199.12
101661,1027,2,4,6,2022-07-29,2023-07-29,Expired,GBP,8284.8
101662,543,4,1,29,2023-02-20,2024-02-20,Active,EUR,3166.92
101663,946,9,3,19,2022-11-23,2023-11-23,Active,EUR,5477.89
101664,824,6,2,15,2025-01-12,2026-01-12,Expired,GBP,7037.65
101665,344,2,4,31,2022-03-20,2023-03-20,Active,EUR,12677.89
101666,774,9,8,12,2022-09-06,2023-09-06,Expired,EUR,3404.17
101667,936,6,8,25,2023-01-13,2024-01-13,Active,EUR,2705.5
101668,1356,3,8,8,2023-11-04,2024-11-03,Expired,GBP,9379.73
101669,871,9,1,16,2022-10-26,2023-10-26,Active,GBP,9935.7
101670,248,12,4,23,2023-10-06,2024-10-05,Active,GBP,2362.48
101671,1482,7,1,25,2024-06-15,2025-06-15,Expired,EUR,1550.33
101672,868,2,4,37,2024-09-21,2025-09-21,Expired,EUR,8859.77
101673,431,4,5,12,2022-04-29,2023-04-29,Active,EUR,1036.6
101674,1132,8,7,36,2022-06-16,2023-06-16,Expired,GBP,997.65
101675,578,12,3,33,2022-04-25,2023-04-25,Active,EUR,2903.81
101676,556,12,1,15,2024-12-27,2025-12-27,Active,EUR,3557.56
101677,1260,12,4,6,2024-02-22,2025-02-21,Expired,EUR,1487.77
101678,1302,10,4,11,2023-09-30,2024-09-29,Expired,EUR,3890.91
101679,786,7,5,27,2024-08-07,2025-08-07,Expired,EUR,4023.28
101680,560,8,1,32,2023-12-05,2024-12-04,Expired,GBP,2297.8
101681,1295,9,5,25,2022-10-10,2023-10-10,Expired,GBP,15140.04
101682,260,9,4,29,2023-09-05,2024-09-04,Active,EUR,4547.45
101683,1121,8,6,5,2024-04-23,2025-04-23,Active,GBP,7679.94
101684,877,2,8,21,2022-02-13,2023-02-13,Active,GBP,1105.26
101685,1282,11,2,35,2023-12-29,2024-12-28,Expired,EUR,1098.14
101686,631,1,7,16,2023-08-20,2024-08-19,Active,GBP,4651.97
101687,1249,6,2,36,2022-03-25,2023-03-25,Expired,EUR,13241.93
101688,23,6,8,5,2022-11-13,2023-11-13,Expired,EUR,1544.64
101689,1138,12,4,40,2023-06-23,2024-06-22,Expired,EUR,3668.48
101690,105,2,6,32,2023-02-16,2024-02-16,Active,GBP,1304.63
101691,964,6,7,26,2022-12-15,2023-12-15,Active,EUR,1921.83
101692,293,5,5,25,2024-02-18,2025-02-17,Expired,EUR,3807.9
101693,1446,2,4,38,2023-05-01,2024-04-30,Expired,EUR,2276.83
101694,1154,3,7,16,2023-08-21,2024-08-20,Expired,EUR,1237.51
101695,157,6,4,7,2024-08-15,2025-08-15,Expired,EUR,1216.9
101696,1339,11,6,37,2022-04-22,2023-04-22,Expired,GBP,800.71
101697,378,5,5,5,2023-03-08,2024-03-07,Active,GBP,4709.97
101698,819,11,4,27,2022-03-29,2023-03-29,Expired,EUR,5157.39
101699,128,9,1,11,2025-01-17,2026-01-17,Active,EUR,5137.98
101700,159,10,3,38,2022-08-11,2023-08-11,Cancelled,EUR,1665.9
101701,362,11,8,39,2024-09-10,2025-09-10,Active,GBP,7005.59
101702,802,9,5,19,2022-08-18,2023-08-18,Active,GBP,5597.55
101703,815,9,6,22,2023-01-24,2024-01-24,Active,EUR,3312.54
101704,1284,2,3,19,2023-12-31,2024-12-30,Expired,EUR,2928.89
101705,248,9,6,18,2024-09-24,2025-09-24,Cancelled,GBP,2024.67
101706,1125,1,4,38,2022-08-02,2023-08-02,Active,EUR,3805.19
101707,9,9,2,12,2022-09-13,2023-09-13,Active,EUR,11080.43
101708,437,8,2,39,2024-11-24,2025-11-24,Active,GBP,7734.08
101709,263,10,4,27,2023-01-22,2024-01-22,Active,EUR,2718.52
101710,186,8,5,39,2022-09-09,2023-09-09,Expired,GBP,4934.3
101711,877,5,3,25,2024-06-11,2025-06-11,Active,EUR,1442.2
101712,1352,5,2,33,2022-04-20,2023-04-20,Cancelled,GBP,5696.18
101713,1001,8,3,20,2024-11-06,2025-11-06,Cancelled,EUR,1766.68
101714,1282,6,3,19,2024-11-16,2025-11-16,Active,GBP,5528.61
101715,888,5,6,11,2024-10-24,2025-10-24,Expired,EUR,30540.35
101716,81,6,4,9,2022-12-21,2023-12-21,Cancelled,EUR,2148.43
101717,519,7,4,2,2022-05-18,2023-05-18,Expired,EUR,29498.73
101718,1236,3,2,16,2023-05-26,2024-05-25,Expired,EUR,4759.87
101719,67,8,5,40,2023-02-06,2024-02-06,Active,EUR,1877.66
101720,146,4,8,38,2025-02-24,2026-02-24,Active,GBP,1814.21
101721,1251,4,6,28,2024-01-29,2025-01-28,Expired,EUR,19413.36
101722,95,6,4,15,2025-02-07,2026-02-07,Active,EUR,4768.28
101723,1440,2,3,21,2024-06-20,2025-06-20,Expired,EUR,2154.65
101724,1138,8,3,31,2024-05-07,2025-05-07,Expired,GBP,2828.22
101725,998,9,1,1,2022-05-15,2023-05-15,Expired,GBP,4550.91
101726,805,12,1,37,2022-03-24,2023-03-24,Active,GBP,3272.99
101727,135,4,7,35,2022-02-25,2023-02-25,Active,GBP,4270.24
101728,622,7,7,39,2023-12-14,2024-12-13,Expired,GBP,12459.12
101729,1212,7,8,4,2022-08-31,2023-08-31,Active,EUR,1413.78
101730,1356,9,6,38,2025-04-01,2026-04-01,Active,GBP,5342.63
101731,671,8,8,25,2022-06-09,2023-06-09,Cancelled,GBP,3119.18
101732,1259,10,4,23,2025-02-10,2026-02-10,Expired,GBP,2265.87
101733,1165,11,3,8,2024-03-12,2025-03-12,Expired,EUR,7362.32
101734,87,2,2,20,2022-05-08,2023-05-08,Expired,EUR,1100.95
101735,931,5,2,15,2022-03-12,2023-03-12,Expired,GBP,558.46
101736,925,8,6,40,2023-04-21,2024-04-20,Cancelled,EUR,3898.71
101737,815,7,1,14,2023-02-11,2024-02-11,Expired,EUR,2970.14
101738,1159,6,8,9,2023-01-14,2024-01-14,Active,GBP,1194.36
101739,1335,3,7,38,2023-09-27,2024-09-26,Active,EUR,913.32
101740,826,7,4,8,2022-06-05,2023-06-05,Active,EUR,14016.28
101741,481,9,6,37,2022-06-05,2023-06-05,Expired,EUR,4662.29
101742,1475,1,2,39,2024-04-13,2025-04-13,Expired,EUR,3343.37
101743,1446,8,4,13,2025-04-03,2026-04-03,Expired,EUR,17093.16
101744,1030,11,1,28,2022-11-25,2023-11-25,Cancelled,EUR,7090.75
101745,961,7,1,32,2025-01-23,2026-01-23,Expired,EUR,12418.69
101746,157,12,1,22,2023-02-18,2024-02-18,Expired,GBP,1359.72
101747,603,5,7,28,2023-02-08,2024-02-08,Expired,EUR,1322.07
101748,298,1,6,6,2022-04-19,2023-04-19,Expired,EUR,5233.35
101749,773,9,8,21,2023-05-23,2024-05-22,Active,GBP,4495.69
101750,1240,3,8,21,2023-08-21,2024-08-20,Expired,EUR,8410.59
101751,337,1,8,23,2024-03-07,2025-03-07,Expired,EUR,969.62
101752,1496,3,8,38,2022-07-09,2023-07-09,Active,GBP,5584.21
101753,195,12,1,33,2022-08-15,2023-08-15,Expired,EUR,6918.48
101754,148,10,7,25,2023-06-03,2024-06-02,Expired,EUR,6648.38
101755,1462,4,6,17,2022-03-25,2023-03-25,Active,GBP,2428.38
101756,151,8,2,17,2022-06-22,2023-06-22,Expired,EUR,4860.81
101757,1103,5,2,1,2024-01-25,2025-01-24,Active,EUR,1841.36
101758,1146,3,8,23,2025-02-18,2026-02-18,Expired,EUR,2644.64
101759,496,12,8,11,2023-11-19,2024-11-18,Expired,GBP,1506.88
101760,97,10,3,36,2022-06-23,2023-06-23,Active,EUR,1864.97
101761,463,5,1,31,2025-04-04,2026-04-04,Expired,EUR,2749.79
101762,103,5,3,37,2023-09-19,2024-09-18,Active,EUR,2279.7
101763,1009,10,1,40,2024-05-10,2025-05-10,Active,GBP,1864.8
101764,1334,6,6,17,2022-08-25,2023-08-25,Expired,EUR,1243.02
101765,1496,5,4,18,2023-11-26,2024-11-25,Active,EUR,14340.2
101766,1201,5,1,25,2022-04-02,2023-04-02,Cancelled,GBP,2263.3
101767,1162,6,8,18,2024-01-21,2025-01-20,Active,EUR,4219.51
101768,1323,7,7,12,2022-08-31,2023-08-31,Active,EUR,880.75
101769,1155,1,8,29,2024-12-27,2025-12-27,Expired,EUR,9120.11
101770,976,6,8,19,2022-03-07,2023-03-07,Expired,EUR,3734.5
101771,1495,6,1,38,2024-02-23,2025-02-22,Expired,GBP,2361.6
101772,484,4,7,9,2022-06-17,2023-06-17,Expired,EUR,2377.12
101773,620,5,7,18,2024-04-04,2025-04-04,Expired,GBP,6323.69
101774,1360,6,7,22,2023-08-16,2024-08-15,Active,EUR,359.67
101775,467,5,3,37,2025-03-06,2026-03-06,Active,EUR,1775.53
101776,449,11,4,24,2024-02-22,2025-02-21,Cancelled,GBP,3012.99
101777,229,7,8,3,2023-03-23,2024-03-22,Active,EUR,2987.05
101778,414,7,1,14,2022-04-15,2023-04-15,Expired,EUR,21568.39
101779,891,4,6,36,2023-12-16,2024-12-15,Expired,GBP,2557.55
101780,1330,11,7,11,2023-06-14,2024-06-13,Expired,GBP,6923.46
101781,205,1,7,14,2022-03-05,2023-03-05,Expired,EUR,12819.76
101782,1022,7,5,7,2023-11-29,2024-11-28,Cancelled,EUR,5447.76
101783,1150,3,7,29,2022-09-09,2023-09-09,Active,GBP,1987.51
101784,1344,10,8,6,2022-10-09,2023-10-09,Expired,EUR,1257.19
101785,1126,5,7,15,2022-01-11,2023-01-11,Expired,GBP,5762.15
101786,234,4,1,29,2023-03-23,2024-03-22,Active,EUR,11313.69
101787,734,1,2,36,2022-09-19,2023-09-19,Expired,EUR,4961.54
101788,1429,10,3,9,2022-03-28,2023-03-28,Expired,GBP,8308.93
101789,1363,5,3,14,2023-06-06,2024-06-05,Active,EUR,23016.35
101790,920,4,3,5,2022-09-22,2023-09-22,Expired,GBP,6173.56
101791,1445,11,2,18,2022-06-10,2023-06-10,Cancelled,EUR,1443.07
101792,1003,1,6,40,2023-07-15,2024-07-14,Active,GBP,3423.08
101793,98,6,1,13,2022-03-17,2023-03-17,Expired,GBP,9206.47
101794,1372,2,7,11,2025-04-03,2026-04-03,Active,EUR,2733.71
101795,253,2,6,16,2023-07-20,2024-07-19,Active,EUR,10191.19
101796,572,1,8,36,2025-04-10,2026-04-10,Active,GBP,3133.16
101797,358,3,1,22,2024-11-23,2025-11-23,Expired,EUR,4233.4
101798,1080,12,3,25,2025-03-21,2026-03-21,Active,GBP,2532.45
101799,45,6,8,32,2023-10-14,2024-10-13,Active,EUR,3713.21
101800,961,12,4,29,2023-05-23,2024-05-22,Expired,GBP,3863.53
101801,1297,4,5,24,2024-05-13,2025-05-13,Expired,EUR,985.94
101802,1182,10,1,23,2022-04-07,2023-04-07,Active,GBP,2365.64
101803,461,2,7,22,2024-10-05,2025-10-05,Active,EUR,1306.48
101804,1346,2,3,8,2023-01-24,2024-01-24,Expired,EUR,2427.62
101805,544,1,8,17,2022-01-09,2023-01-09,Expired,EUR,1814.61
101806,1021,11,3,34,2022-10-13,2023-10-13,Expired,EUR,7036.5
101807,761,9,2,2,2022-10-18,2023-10-18,Active,GBP,7097.87
101808,102,9,5,34,2022-01-17,2023-01-17,Expired,GBP,5015.16
101809,5,12,4,23,2024-03-13,2025-03-13,Expired,EUR,1273.17
101810,275,4,4,14,2022-04-25,2023-04-25,Active,GBP,3060.7
101811,1402,9,8,5,2024-10-13,2025-10-13,Active,EUR,1199.43
101812,1431,7,3,31,2023-06-28,2024-06-27,Active,EUR,2949.91
101813,616,7,4,1,2024-05-11,2025-05-11,Active,EUR,5353.82
101814,1453,8,5,22,2023-02-12,2024-02-12,Active,EUR,6933.21
101815,75,6,2,7,2022-06-08,2023-06-08,Cancelled,EUR,4696.79
101816,1452,1,7,37,2022-08-05,2023-08-05,Expired,EUR,8466.34
101817,347,1,2,8,2024-02-15,2025-02-14,Expired,EUR,4003.07
101818,56,7,2,33,2024-05-09,2025-05-09,Active,EUR,2765.09
101819,1137,7,1,23,2022-11-18,2023-11-18,Expired,EUR,6343.88
101820,574,9,3,2,2023-03-05,2024-03-04,Expired,EUR,6501.95
101821,439,7,5,29,2025-02-08,2026-02-08,Cancelled,EUR,2223.57
101822,1140,3,6,36,2024-10-19,2025-10-19,Expired,GBP,4377.52
101823,500,5,8,9,2023-05-11,2024-05-10,Expired,EUR,2641.93
101824,1130,6,7,39,2022-10-17,2023-10-17,Active,EUR,730.37
101825,293,12,3,32,2022-12-28,2023-12-28,Expired,GBP,4582.87
101826,129,7,7,30,2023-10-09,2024-10-08,Cancelled,GBP,1247.76
101827,488,8,2,14,2023-11-12,2024-11-11,Expired,EUR,4214.0
101828,915,9,2,5,2022-08-09,2023-08-09,Expired,GBP,1041.61
101829,338,5,3,18,2022-03-21,2023-03-21,Expired,EUR,1920.32
101830,215,12,5,33,2023-08-18,2024-08-17,Cancelled,EUR,2379.87
101831,1124,9,2,24,2024-08-14,2025-08-14,Active,EUR,8113.57
101832,740,11,8,26,2022-07-02,2023-07-02,Active,GBP,2208.05
101833,648,9,3,32,2023-05-06,2024-05-05,Expired,EUR,1471.11
101834,360,8,4,14,2022-07-13,2023-07-13,Cancelled,EUR,4329.72
101835,27,1,5,2,2022-10-18,2023-10-18,Expired,EUR,2799.71
101836,80,8,4,36,2024-01-05,2025-01-04,Active,EUR,5960.56
101837,1023,2,4,25,2022-12-10,2023-12-10,Expired,EUR,1542.39
101838,121,8,8,23,2022-11-13,2023-11-13,Active,GBP,3858.91
101839,371,9,4,23,2025-04-09,2026-04-09,Active,EUR,20997.85
101840,1367,7,1,35,2022-07-26,2023-07-26,Active,GBP,2753.26
101841,516,4,6,31,2022-08-16,2023-08-16,Active,EUR,3789.72
101842,1117,1,6,27,2025-01-20,2026-01-20,Expired,GBP,947.87
101843,515,9,2,32,2023-10-23,2024-10-22,Active,EUR,1737.61
101844,1398,9,7,12,2022-02-21,2023-02-21,Active,EUR,4650.78
101845,1233,6,4,29,2023-05-25,2024-05-24,Expired,GBP,2572.35
101846,705,9,2,40,2023-11-10,2024-11-09,Active,EUR,5222.99
101847,1027,10,2,10,2022-10-31,2023-10-31,Active,GBP,4531.03
101848,620,7,6,23,2023-10-20,2024-10-19,Active,GBP,1225.96
101849,1417,1,2,28,2024-02-18,2025-02-17,Active,EUR,7054.91
101850,538,11,4,21,2022-10-28,2023-10-28,Expired,EUR,1297.23
101851,1255,6,6,39,2024-09-01,2025-09-01,Active,GBP,1856.24
101852,925,9,7,17,2023-06-28,2024-06-27,Active,GBP,3913.21
101853,966,11,4,9,2025-03-02,2026-03-02,Active,GBP,10670.81
101854,528,5,8,6,2022-04-16,2023-04-16,Active,EUR,1551.68
101855,1250,8,3,34,2023-01-25,2024-01-25,Active,EUR,3680.35
101856,1120,1,7,28,2024-05-15,2025-05-15,Active,GBP,3703.43
101857,1223,11,3,24,2024-12-09,2025-12-09,Active,EUR,5393.88
101858,1202,1,1,18,2022-09-24,2023-09-24,Active,EUR,8006.61
101859,237,7,6,17,2025-03-22,2026-03-22,Expired,EUR,2433.15
101860,1314,5,7,38,2022-08-21,2023-08-21,Active,GBP,7036.65
101861,1263,1,8,28,2023-05-15,2024-05-14,Active,EUR,8935.09
101862,365,6,8,39,2023-01-13,2024-01-13,Expired,GBP,12556.19
101863,1473,12,1,33,2023-05-25,2024-05-24,Active,GBP,4800.34
101864,791,3,5,31,2024-12-18,2025-12-18,Expired,EUR,3707.37
101865,483,4,6,23,2024-05-29,2025-05-29,Active,EUR,2307.83
101866,336,3,5,10,2024-08-13,2025-08-13,Expired,GBP,1102.97
101867,548,2,1,27,2022-11-01,2023-11-01,Cancelled,EUR,2674.55
101868,57,3,1,29,2025-02-10,2026-02-10,Active,EUR,3584.07
101869,1037,7,6,21,2023-06-07,2024-06-06,Active,EUR,3034.74
101870,1062,10,7,1,2024-02-22,2025-02-21,Expired,EUR,5157.92
101871,1002,9,2,39,2024-04-17,2025-04-17,Cancelled,EUR,1106.96
101872,824,10,1,34,2024-03-06,2025-03-06,Active,EUR,2874.17
101873,545,9,4,15,2023-12-24,2024-12-23,Expired,GBP,14706.97
101874,1086,5,3,20,2023-07-31,2024-07-30,Active,EUR,6951.4
101875,1308,11,8,5,2024-02-17,2025-02-16,Expired,GBP,5229.87
101876,132,3,8,38,2024-12-22,2025-12-22,Active,EUR,4416.1
101877,575,9,5,10,2023-04-13,2024-04-12,Expired,GBP,2504.7
101878,1494,2,8,16,2023-09-06,2024-09-05,Active,EUR,883.99
101879,1293,10,2,18,2022-08-05,2023-08-05,Expired,EUR,4641.75
101880,1492,2,8,11,2023-03-03,2024-03-02,Active,GBP,525.15
101881,275,3,4,26,2024-07-15,2025-07-15,Expired,GBP,2580.74
101882,698,5,4,40,2024-02-08,2025-02-07,Expired,GBP,3285.44
101883,196,9,1,35,2022-09-11,2023-09-11,Expired,EUR,2355.73
101884,1300,1,2,22,2023-10-18,2024-10-17,Cancelled,GBP,16789.98
101885,779,4,2,6,2024-09-01,2025-09-01,Expired,EUR,12942.31
101886,366,5,4,35,2022-05-29,2023-05-29,Expired,EUR,7148.15
101887,136,9,2,11,2022-03-16,2023-03-16,Active,EUR,1645.84
101888,1107,12,1,37,2023-04-17,2024-04-16,Expired,EUR,13919.72
101889,1218,8,5,16,2024-02-27,2025-02-26,Expired,GBP,5240.79
101890,1319,7,7,21,2023-01-11,2024-01-11,Expired,EUR,1625.41
101891,1458,5,1,18,2024-09-12,2025-09-12,Expired,EUR,3376.31
101892,1222,10,5,19,2024-10-13,2025-10-13,Expired,EUR,6761.03
101893,1180,2,8,7,2023-10-02,2024-10-01,Expired,EUR,2102.41
101894,1218,2,4,23,2023-03-31,2024-03-30,Expired,GBP,3660.66
101895,1499,3,2,17,2022-02-20,2023-02-20,Expired,EUR,4177.04
101896,695,4,1,34,2024-09-12,2025-09-12,Active,EUR,1442.83
101897,1138,6,8,20,2024-12-10,2025-12-10,Cancelled,GBP,2690.36
101898,1230,12,4,39,2023-06-15,2024-06-14,Expired,GBP,1526.76
101899,175,8,1,12,2023-09-12,2024-09-11,Expired,GBP,6320.17
101900,1037,5,7,14,2024-06-23,2025-06-23,Expired,EUR,1667.3
101901,509,3,7,2,2024-04-14,2025-04-14,Expired,GBP,4100.45
101902,199,8,6,30,2022-06-12,2023-06-12,Expired,EUR,1161.4
101903,256,4,1,3,2024-03-17,2025-03-17,Expired,EUR,1408.0
101904,172,12,1,12,2025-01-14,2026-01-14,Expired,GBP,1357.76
101905,1347,6,2,37,2024-06-19,2025-06-19,Expired,GBP,2651.34
101906,1158,7,2,25,2023-07-31,2024-07-30,Expired,GBP,3771.72
101907,154,11,5,23,2023-09-20,2024-09-19,Active,EUR,4331.06
101908,939,4,4,33,2022-11-08,2023-11-08,Expired,EUR,872.03
101909,991,6,7,31,2024-03-03,2025-03-03,Expired,EUR,2903.06
101910,780,7,1,36,2022-10-17,2023-10-17,Expired,EUR,1876.33
101911,910,4,6,27,2023-02-15,2024-02-15,Expired,EUR,4917.89
101912,1361,1,8,18,2022-11-15,2023-11-15,Active,GBP,2695.32
101913,779,4,2,6,2023-02-07,2024-02-07,Active,EUR,3100.68
101914,990,2,6,15,2023-03-17,2024-03-16,Expired,EUR,1884.26
101915,857,9,5,29,2022-04-10,2023-04-10,Cancelled,EUR,12009.89
101916,595,1,1,11,2024-05-11,2025-05-11,Expired,GBP,1258.05
101917,1337,4,3,27,2023-06-14,2024-06-13,Active,GBP,2441.09
101918,621,11,7,6,2025-02-13,2026-02-13,Expired,EUR,3571.35
101919,1200,7,7,3,2022-08-06,2023-08-06,Expired,EUR,2728.42
101920,908,9,3,15,2024-03-13,2025-03-13,Expired,GBP,1857.61
101921,1028,9,1,10,2022-08-04,2023-08-04,Active,GBP,846.61
101922,1141,4,2,35,2023-10-19,2024-10-18,Active,EUR,1961.31
101923,1104,8,7,16,2023-08-13,2024-08-12,Expired,EUR,1604.33
101924,847,3,5,17,2023-06-23,2024-06-22,Expired,EUR,11607.64
101925,924,8,4,17,2024-02-25,2025-02-24,Expired,GBP,18007.11
101926,764,9,1,13,2024-09-20,2025-09-20,Active,GBP,3171.33
101927,509,11,7,37,2023-01-16,2024-01-16,Active,EUR,1148.75
101928,1091,12,4,30,2024-10-16,2025-10-16,Active,EUR,5730.36
101929,1319,1,5,7,2022-08-10,2023-08-10,Cancelled,GBP,1578.44
101930,1058,4,7,9,2022-12-18,2023-12-18,Active,EUR,2182.27
101931,1159,7,5,4,2023-01-08,2024-01-08,Expired,EUR,2055.68
101932,1246,4,8,11,2025-02-18,2026-02-18,Expired,EUR,2263.39
101933,552,8,5,27,2022-05-23,2023-05-23,Expired,GBP,2524.91
101934,94,11,3,38,2023-04-20,2024-04-19,Active,EUR,1230.13
101935,507,4,8,20,2023-05-25,2024-05-24,Expired,EUR,1945.92
101936,1133,11,6,4,2024-08-18,2025-08-18,Expired,EUR,7079.5
101937,1224,11,7,2,2023-08-07,2024-08-06,Active,GBP,3212.59
101938,771,11,2,17,2025-03-06,2026-03-06,Expired,GBP,3619.12
101939,1168,1,6,11,2024-06-07,2025-06-07,Active,GBP,617.58
101940,113,4,5,24,2024-04-24,2025-04-24,Cancelled,EUR,6706.54
101941,967,2,1,5,2024-06-22,2025-06-22,Expired,EUR,1970.14
101942,1019,2,3,10,2022-07-13,2023-07-13,Active,GBP,7653.94
101943,762,1,8,23,2023-06-23,2024-06-22,Expired,EUR,3698.59
101944,1075,6,5,12,2023-12-05,2024-12-04,Expired,GBP,2161.29
101945,738,2,7,15,2022-09-08,2023-09-08,Expired,EUR,936.04
101946,786,4,2,9,2022-05-23,2023-05-23,Active,EUR,16833.64
101947,906,12,2,3,2022-06-12,2023-06-12,Active,EUR,6017.55
101948,1191,11,8,14,2024-08-04,2025-08-04,Expired,EUR,6293.71
101949,374,12,4,14,2024-02-28,2025-02-27,Expired,EUR,12888.89
101950,451,1,8,36,2022-12-04,2023-12-04,Expired,GBP,3897.4
101951,629,8,7,36,2024-06-03,2025-06-03,Active,EUR,9084.27
101952,303,8,3,18,2024-04-14,2025-04-14,Expired,GBP,2300.93
101953,502,2,8,12,2024-09-06,2025-09-06,Active,GBP,5728.36
101954,527,11,7,17,2024-12-28,2025-12-28,Expired,EUR,2053.76
101955,472,5,2,25,2024-11-24,2025-11-24,Active,EUR,2257.71
101956,616,12,1,16,2022-08-06,2023-08-06,Active,EUR,3543.08
101957,758,2,2,31,2024-07-12,2025-07-12,Active,GBP,1273.41
101958,1044,8,6,39,2023-04-17,2024-04-16,Expired,GBP,4217.8
101959,455,2,2,17,2023-04-29,2024-04-28,Active,GBP,2607.2
101960,1269,12,3,5,2024-02-16,2025-02-15,Expired,EUR,741.99
101961,720,8,4,5,2023-12-24,2024-12-23,Active,EUR,2337.3
101962,1082,1,2,35,2023-05-19,2024-05-18,Expired,EUR,2543.28
101963,173,3,3,17,2025-04-14,2026-04-14,Expired,EUR,6245.57
101964,261,5,6,14,2022-07-29,2023-07-29,Active,EUR,4080.19
101965,681,1,8,25,2022-04-27,2023-04-27,Active,GBP,9755.67
101966,550,1,4,39,2022-02-04,2023-02-04,Active,EUR,4866.27
101967,745,12,6,17,2024-09-04,2025-09-04,Expired,EUR,2174.45
101968,238,12,5,13,2023-05-03,2024-05-02,Cancelled,EUR,3153.38
101969,711,7,4,35,2023-06-09,2024-06-08,Active,EUR,2537.57
101970,1031,11,5,4,2024-02-19,2025-02-18,Expired,GBP,4750.38
101971,1093,8,8,34,2023-06-07,2024-06-06,Expired,GBP,3445.65
101972,373,1,1,21,2023-11-20,2024-11-19,Expired,EUR,2056.13
101973,517,9,5,1,2022-03-12,2023-03-12,Expired,EUR,3315.79
101974,789,1,1,10,2022-07-07,2023-07-07,Cancelled,EUR,4655.88
101975,777,10,8,28,2025-01-23,2026-01-23,Expired,EUR,1548.72
101976,1188,5,5,31,2023-06-25,2024-06-24,Expired,GBP,4178.7
101977,586,2,1,8,2022-07-20,2023-07-20,Active,EUR,1008.27
101978,1007,4,5,27,2023-03-20,2024-03-19,Expired,EUR,7549.06
101979,1326,9,4,40,2023-02-06,2024-02-06,Cancelled,GBP,4892.14
101980,448,11,1,28,2022-11-26,2023-11-26,Expired,EUR,11180.9
101981,1235,7,8,29,2022-12-19,2023-12-19,Active,EUR,1425.89
101982,500,2,4,8,2024-05-25,2025-05-25,Expired,GBP,7708.58
101983,502,11,1,26,2022-05-09,2023-05-09,Active,GBP,6646.43
101984,981,10,5,29,2023-01-07,2024-01-07,Expired,EUR,2873.61
101985,933,5,4,5,2023-07-16,2024-07-15,Active,EUR,2483.73
101986,825,7,6,13,2023-10-11,2024-10-10,Expired,EUR,1459.93
101987,347,12,2,36,2024-11-22,2025-11-22,Expired,GBP,1200.68
101988,145,5,7,40,2025-01-12,2026-01-12,Active,GBP,1875.39
101989,1364,1,4,7,2022-12-23,2023-12-23,Active,EUR,1284.56
101990,1311,2,4,30,2023-10-10,2024-10-09,Active,GBP,10902.98
101991,1331,8,7,21,2022-01-27,2023-01-27,Expired,GBP,1067.91
101992,769,12,5,24,2024-01-11,2025-01-10,Expired,EUR,3683.7
101993,1327,9,1,21,2022-07-03,2023-07-03,Expired,GBP,4567.76
101994,711,8,5,35,2022-03-29,2023-03-29,Expired,EUR,4307.55
101995,114,4,6,18,2024-03-17,2025-03-17,Expired,EUR,4600.71
101996,298,6,3,24,2022-08-02,2023-08-02,Active,EUR,6699.58
101997,409,1,2,27,2023-07-27,2024-07-26,Expired,EUR,2357.97
101998,566,5,1,23,2022-05-02,2023-05-02,Expired,GBP,3518.05
101999,1409,8,7,36,2024-06-13,2025-06-13,Active,EUR,2643.42
102000,500,11,1,10,2024-07-06,2025-07-06,Expired,EUR,8750.75
102001,919,12,5,38,2023-11-21,2024-11-20,Expired,GBP,15913.12
102002,407,10,7,28,2024-09-30,2025-09-30,Expired,EUR,1345.54
102003,965,1,3,39,2023-06-09,2024-06-08,Expired,GBP,718.15
102004,852,10,2,15,2022-08-12,2023-08-12,Active,GBP,5048.51
102005,226,3,6,20,2022-07-01,2023-07-01,Expired,EUR,7352.38
102006,694,8,6,2,2022-09-21,2023-09-21,Active,EUR,14295.97
102007,159,12,1,37,2022-08-29,2023-08-29,Expired,GBP,5729.7
102008,1334,11,5,33,2023-01-23,2024-01-23,Active,GBP,9384.7
102009,1057,8,1,12,2022-09-15,2023-09-15,Expired,GBP,11441.99
102010,1413,4,4,3,2023-12-11,2024-12-10,Expired,EUR,9883.12
102011,1314,7,3,28,2022-06-28,2023-06-28,Active,EUR,6379.66
102012,330,9,7,27,2024-01-17,2025-01-16,Active,GBP,1259.34
102013,1061,7,8,22,2023-02-05,2024-02-05,Active,EUR,3273.87
102014,151,5,6,7,2024-04-04,2025-04-04,Expired,EUR,4125.86
102015,1441,5,6,37,2023-09-08,2024-09-07,Expired,EUR,3056.86
102016,1179,8,1,18,2024-12-22,2025-12-22,Active,EUR,3201.65
102017,1021,1,1,29,2023-06-12,2024-06-11,Expired,EUR,10672.45
102018,1493,12,7,35,2022-12-21,2023-12-21,Expired,EUR,1867.54
102019,1271,2,4,22,2023-12-08,2024-12-07,Expired,EUR,5998.65
102020,1296,12,5,4,2024-03-01,2025-03-01,Expired,GBP,4176.93
102021,151,1,6,36,2023-06-12,2024-06-11,Expired,GBP,1731.69
102022,36,7,3,27,2023-11-03,2024-11-02,Expired,GBP,1469.31
102023,1442,6,6,36,2023-07-20,2024-07-19,Active,EUR,919.67
102024,377,7,6,25,2023-01-03,2024-01-03,Active,GBP,4741.85
102025,640,6,2,37,2023-01-12,2024-01-12,Expired,EUR,3141.85
102026,66,11,6,35,2024-12-24,2025-12-24,Expired,GBP,1773.42
102027,935,1,2,9,2024-03-21,2025-03-21,Active,EUR,806.68
102028,1232,12,3,7,2022-04-25,2023-04-25,Expired,GBP,4557.52
102029,1263,9,7,7,2025-02-28,2026-02-28,Active,EUR,2892.0
102030,873,10,8,32,2024-05-04,2025-05-04,Expired,EUR,1928.95
102031,992,2,1,10,2022-03-02,2023-03-02,Expired,EUR,1598.74
102032,771,1,6,19,2024-05-23,2025-05-23,Expired,EUR,2754.71
102033,670,5,5,32,2023-12-09,2024-12-08,Expired,EUR,4686.76
102034,832,4,5,18,2025-01-03,2026-01-03,Active,EUR,2572.19
102035,1404,10,7,3,2023-08-11,2024-08-10,Active,EUR,1351.01
102036,379,11,1,15,2023-09-15,2024-09-14,Active,EUR,3153.94
102037,706,6,6,4,2023-01-13,2024-01-13,Expired,EUR,7216.75
102038,903,10,3,16,2023-01-21,2024-01-21,Active,EUR,3395.48
102039,856,1,2,30,2024-01-12,2025-01-11,Expired,EUR,3467.95
102040,47,9,4,21,2024-09-20,2025-09-20,Active,EUR,2580.53
102041,432,2,1,27,2024-12-04,2025-12-04,Expired,EUR,1690.45
102042,970,9,6,5,2024-07-13,2025-07-13,Active,EUR,1648.84
102043,1042,5,5,31,2024-01-02,2025-01-01,Expired,GBP,947.29
102044,1102,5,5,18,2023-08-24,2024-08-23,Expired,GBP,7989.79
102045,1488,4,1,12,2023-02-12,2024-02-12,Cancelled,EUR,4660.33
102046,1010,5,7,27,2024-07-10,2025-07-10,Expired,EUR,3504.72
102047,870,11,1,6,2023-01-17,2024-01-17,Expired,EUR,4112.09
102048,499,10,3,20,2022-11-18,2023-11-18,Active,EUR,4249.88
102049,556,5,4,17,2024-11-07,2025-11-07,Expired,EUR,1899.01
102050,1240,4,6,7,2023-12-09,2024-12-08,Expired,GBP,2581.31
102051,704,7,4,39,2023-03-02,2024-03-01,Expired,EUR,2308.48
102052,1074,9,7,15,2024-11-04,2025-11-04,Expired,GBP,21667.48
102053,187,3,8,2,2025-03-01,2026-03-01,Active,EUR,7080.87
102054,193,9,7,18,2023-01-17,2024-01-17,Expired,EUR,3736.53
102055,324,12,1,39,2023-09-18,2024-09-17,Active,GBP,9177.3
102056,293,11,7,27,2023-08-04,2024-08-03,Active,EUR,8347.91
102057,911,7,2,26,2024-04-21,2025-04-21,Active,EUR,1169.82
102058,956,4,8,37,2025-02-15,2026-02-15,Expired,GBP,2787.39
102059,837,4,8,4,2023-10-21,2024-10-20,Active,EUR,3254.38
102060,435,9,1,23,2024-08-15,2025-08-15,Expired,EUR,5211.62
102061,866,6,1,13,2023-12-16,2024-12-15,Expired,EUR,2785.01
102062,180,2,6,28,2024-11-30,2025-11-30,Expired,GBP,3059.79
102063,710,9,2,35,2023-05-01,2024-04-30,Active,GBP,2330.85
102064,233,2,8,4,2023-04-08,2024-04-07,Cancelled,EUR,7235.11
102065,116,12,5,7,2023-05-22,2024-05-21,Expired,GBP,1115.99
102066,249,6,5,39,2025-04-10,2026-04-10,Expired,GBP,2391.04
102067,167,5,7,20,2024-01-04,2025-01-03,Expired,EUR,826.54
102068,717,1,2,13,2022-07-03,2023-07-03,Active,EUR,1521.98
102069,819,3,5,7,2022-02-19,2023-02-19,Expired,EUR,4179.23
102070,912,12,8,15,2023-09-15,2024-09-14,Active,EUR,4239.14
102071,660,7,1,1,2024-08-24,2025-08-24,Expired,GBP,2604.79
102072,265,11,2,9,2023-07-30,2024-07-29,Active,GBP,7654.04
102073,32,12,2,8,2023-11-04,2024-11-03,Cancelled,EUR,9095.47
102074,1069,1,3,4,2024-08-16,2025-08-16,Expired,EUR,3127.78
102075,1475,5,2,39,2023-09-12,2024-09-11,Active,GBP,3975.18
102076,422,11,2,32,2024-12-26,2025-12-26,Expired,EUR,2346.29
102077,308,6,7,38,2024-02-05,2025-02-04,Active,GBP,5272.0
102078,468,7,4,10,2024-05-27,2025-05-27,Cancelled,EUR,1345.41
102079,322,7,3,12,2024-07-26,2025-07-26,Expired,EUR,12668.53
102080,336,9,4,12,2024-01-23,2025-01-22,Expired,EUR,7746.44
102081,742,12,8,23,2022-03-02,2023-03-02,Expired,GBP,1340.51
102082,1178,11,4,8,2023-05-28,2024-05-27,Cancelled,GBP,1823.0
102083,1069,8,4,10,2022-06-19,2023-06-19,Expired,EUR,4518.51
102084,1440,7,8,39,2023-09-05,2024-09-04,Expired,EUR,2556.29
102085,537,5,1,15,2022-06-21,2023-06-21,Active,EUR,4956.47
102086,739,2,4,32,2023-09-04,2024-09-03,Active,GBP,2516.07
102087,571,9,6,10,2023-02-17,2024-02-17,Expired,EUR,10338.28
102088,64,1,5,38,2022-01-25,2023-01-25,Expired,GBP,3315.06
102089,583,9,7,28,2022-05-30,2023-05-30,Expired,GBP,20240.0
102090,391,6,8,35,2023-08-27,2024-08-26,Expired,GBP,5177.13
102091,719,10,3,21,2022-04-05,2023-04-05,Expired,GBP,1197.45
102092,238,12,7,37,2024-10-24,2025-10-24,Expired,GBP,15754.36
102093,1113,7,2,15,2024-06-29,2025-06-29,Expired,GBP,7510.14
102094,1265,7,2,20,2024-05-01,2025-05-01,Expired,EUR,4381.34
102095,1442,6,8,3,2022-07-26,2023-07-26,Expired,EUR,5350.66
102096,128,5,1,7,2024-08-12,2025-08-12,Active,EUR,1350.48
102097,177,2,3,31,2024-02-01,2025-01-31,Expired,GBP,851.26
102098,1450,1,6,14,2023-04-14,2024-04-13,Expired,EUR,3192.91
102099,1273,9,4,5,2022-01-01,2023-01-01,Expired,GBP,9265.73
102100,883,11,7,12,2023-09-27,2024-09-26,Active,GBP,4432.78
102101,483,1,3,15,2024-08-13,2025-08-13,Expired,EUR,11871.3
102102,777,4,5,29,2022-02-10,2023-02-10,Active,EUR,8874.31
102103,804,8,2,4,2022-03-05,2023-03-05,Active,EUR,3345.78
102104,1272,9,2,2,2023-04-05,2024-04-04,Expired,EUR,8004.97
102105,795,9,2,29,2023-09-06,2024-09-05,Expired,GBP,10321.11
102106,42,9,6,6,2023-07-24,2024-07-23,Active,GBP,3102.19
102107,1050,2,2,17,2023-05-27,2024-05-26,Cancelled,EUR,2806.43
102108,1166,4,6,28,2022-11-03,2023-11-03,Expired,GBP,3660.44
102109,448,6,3,21,2022-03-13,2023-03-13,Expired,GBP,539.73
102110,175,1,5,5,2022-02-07,2023-02-07,Expired,GBP,4065.63
102111,214,5,7,29,2022-04-29,2023-04-29,Expired,EUR,5655.19
102112,1262,5,7,2,2024-04-08,2025-04-08,Expired,GBP,3671.6
102113,672,12,1,10,2024-08-01,2025-08-01,Cancelled,GBP,4266.32
102114,794,4,7,5,2023-06-07,2024-06-06,Expired,EUR,3188.78
102115,1441,12,8,21,2022-04-03,2023-04-03,Active,EUR,736.74
102116,92,9,6,28,2023-05-14,2024-05-13,Active,EUR,11463.76
102117,309,9,2,26,2025-03-28,2026-03-28,Expired,EUR,2500.21
102118,1250,10,6,6,2022-10-27,2023-10-27,Active,GBP,2072.83
102119,811,11,6,14,2023-08-13,2024-08-12,Cancelled,EUR,9122.39
102120,41,3,6,6,2023-10-08,2024-10-07,Active,GBP,6863.86
102121,1055,6,4,14,2023-01-31,2024-01-31,Expired,EUR,4043.23
102122,208,7,5,10,2023-06-10,2024-06-09,Expired,GBP,5866.58
102123,1174,12,6,30,2023-07-21,2024-07-20,Expired,EUR,1385.42
102124,1197,1,4,31,2023-07-23,2024-07-22,Cancelled,EUR,3100.53
102125,1237,6,7,33,2024-05-11,2025-05-11,Expired,GBP,8700.09
102126,698,3,6,9,2023-11-29,2024-11-28,Expired,EUR,1982.56
102127,402,3,3,1,2022-03-06,2023-03-06,Active,EUR,1558.14
102128,1323,10,5,2,2022-01-08,2023-01-08,Expired,GBP,3494.53
102129,839,3,7,34,2023-05-08,2024-05-07,Expired,EUR,3556.54
102130,954,10,4,37,2024-12-25,2025-12-25,Active,GBP,5354.43
102131,205,12,6,9,2022-02-14,2023-02-14,Active,EUR,1171.9
102132,936,10,2,36,2022-03-27,2023-03-27,Expired,EUR,486.86
102133,871,3,4,22,2024-03-26,2025-03-26,Active,EUR,6574.3
102134,439,2,6,8,2023-06-26,2024-06-25,Expired,EUR,1462.3
102135,1151,6,8,13,2022-10-04,2023-10-04,Active,EUR,2084.96
102136,201,7,6,11,2022-09-06,2023-09-06,Cancelled,EUR,640.71
102137,1080,10,6,31,2024-03-09,2025-03-09,Cancelled,EUR,7095.28
102138,1442,6,3,8,2023-09-21,2024-09-20,Expired,EUR,4284.48
102139,851,3,6,8,2024-02-05,2025-02-04,Expired,EUR,4157.4
102140,158,12,3,29,2022-12-03,2023-12-03,Active,GBP,4136.44
102141,830,11,1,13,2023-09-24,2024-09-23,Expired,GBP,702.66
102142,794,8,2,11,2024-10-29,2025-10-29,Expired,EUR,1573.61
102143,829,9,5,33,2023-01-15,2024-01-15,Cancelled,EUR,2347.73
102144,409,12,8,38,2023-04-21,2024-04-20,Active,GBP,1878.9
102145,940,6,4,23,2022-07-16,2023-07-16,Active,EUR,2687.5
102146,397,2,7,34,2024-02-06,2025-02-05,Cancelled,GBP,3962.58
102147,837,8,7,34,2022-02-09,2023-02-09,Expired,EUR,7008.15
102148,892,6,5,24,2022-10-26,2023-10-26,Active,EUR,1085.56
102149,969,10,7,34,2024-05-05,2025-05-05,Expired,EUR,3272.71
102150,1197,10,4,1,2022-01-24,2023-01-24,Active,EUR,5617.59
102151,1324,6,4,2,2025-04-01,2026-04-01,Expired,EUR,1647.37
102152,1166,5,6,36,2023-04-30,2024-04-29,Active,GBP,2850.86
102153,1194,6,6,6,2023-04-24,2024-04-23,Active,EUR,4674.67
102154,1304,8,5,30,2023-10-06,2024-10-05,Active,GBP,3322.28
102155,364,8,4,17,2024-02-07,2025-02-06,Active,EUR,5462.43
102156,440,7,8,32,2023-07-06,2024-07-05,Expired,EUR,3536.96
102157,800,7,1,27,2024-11-27,2025-11-27,Active,GBP,2607.39
102158,699,12,1,3,2025-02-28,2026-02-28,Expired,GBP,1367.13
102159,1054,4,4,14,2022-08-29,2023-08-29,Expired,EUR,3965.46
102160,15,3,1,29,2024-04-28,2025-04-28,Expired,EUR,3550.98
102161,209,10,3,37,2022-12-28,2023-12-28,Expired,GBP,1564.59
102162,1121,12,5,33,2025-04-09,2026-04-09,Active,EUR,5097.69
102163,1233,8,4,36,2022-10-31,2023-10-31,Active,GBP,8526.57
102164,454,5,2,39,2022-12-21,2023-12-21,Expired,EUR,2008.07
102165,467,5,3,36,2024-05-07,2025-05-07,Expired,EUR,1908.89
102166,843,6,5,24,2024-08-04,2025-08-04,Cancelled,GBP,1857.32
102167,716,1,8,14,2022-06-04,2023-06-04,Cancelled,EUR,935.43
102168,254,7,7,21,2023-10-29,2024-10-28,Expired,GBP,14814.49
102169,751,4,5,32,2023-02-19,2024-02-19,Expired,EUR,2352.74
102170,1230,4,2,18,2024-01-05,2025-01-04,Expired,GBP,1730.49
102171,1095,7,2,34,2023-10-31,2024-10-30,Expired,EUR,1415.05
102172,1226,12,4,29,2025-03-29,2026-03-29,Cancelled,GBP,2462.73
102173,966,3,2,9,2025-01-25,2026-01-25,Expired,EUR,1955.88
102174,1317,11,6,37,2024-02-24,2025-02-23,Expired,GBP,9687.14
102175,375,7,3,34,2024-03-26,2025-03-26,Active,EUR,1291.35
102176,69,12,7,24,2024-12-14,2025-12-14,Active,GBP,1039.09
102177,172,5,3,8,2022-08-09,2023-08-09,Active,EUR,4983.25
102178,1489,12,4,10,2024-05-20,2025-05-20,Expired,EUR,3039.95
102179,961,8,6,34,2024-07-15,2025-07-15,Expired,EUR,2787.2
102180,372,9,2,1,2022-06-02,2023-06-02,Active,EUR,5012.69
102181,1282,7,7,20,2024-11-23,2025-11-23,Expired,EUR,3650.19
102182,465,6,5,25,2024-04-19,2025-04-19,Active,EUR,3180.8
102183,896,7,6,10,2023-02-21,2024-02-21,Expired,EUR,1147.99
102184,375,11,4,35,2023-08-05,2024-08-04,Active,EUR,942.87
102185,143,10,8,21,2023-08-11,2024-08-10,Expired,EUR,1948.23
102186,402,1,7,3,2025-01-07,2026-01-07,Expired,EUR,1460.78
102187,343,9,2,13,2025-03-09,2026-03-09,Expired,EUR,4031.54
102188,829,11,5,16,2024-08-26,2025-08-26,Expired,EUR,854.88
102189,32,9,8,9,2024-02-22,2025-02-21,Active,EUR,2355.79
102190,360,6,3,38,2022-05-05,2023-05-05,Expired,EUR,2893.42
102191,852,5,5,15,2025-01-02,2026-01-02,Active,GBP,3197.93
102192,591,9,7,21,2022-06-10,2023-06-10,Expired,GBP,4443.61
102193,954,8,3,22,2022-07-20,2023-07-20,Expired,GBP,2578.84
102194,984,5,5,9,2022-03-25,2023-03-25,Expired,EUR,1996.96
102195,1449,5,5,23,2025-02-11,2026-02-11,Expired,EUR,8377.96
102196,1255,5,2,15,2023-08-15,2024-08-14,Active,GBP,2591.46
102197,343,1,2,1,2022-10-11,2023-10-11,Expired,EUR,9550.49
102198,1040,1,5,17,2022-04-07,2023-04-07,Active,EUR,2581.57
102199,941,1,2,24,2023-05-10,2024-05-09,Expired,EUR,3254.51
102200,892,6,8,5,2024-05-18,2025-05-18,Expired,GBP,2968.88
102201,1199,7,5,32,2025-04-08,2026-04-08,Expired,GBP,3918.3
102202,222,5,6,27,2023-10-25,2024-10-24,Expired,GBP,2404.54
102203,563,12,4,13,2023-12-30,2024-12-29,Expired,EUR,3540.78
102204,1225,3,3,24,2024-09-30,2025-09-30,Active,GBP,10384.93
102205,1339,5,4,13,2024-12-18,2025-12-18,Cancelled,GBP,7234.66
102206,56,3,6,26,2022-12-02,2023-12-02,Cancelled,EUR,7272.12
102207,708,4,4,7,2025-04-05,2026-04-05,Expired,EUR,1204.18
102208,397,8,3,25,2023-09-15,2024-09-14,Active,GBP,1359.55
102209,252,4,2,3,2025-01-21,2026-01-21,Active,EUR,3878.92
102210,86,4,5,1,2022-05-21,2023-05-21,Expired,GBP,5872.6
102211,808,9,6,11,2022-04-27,2023-04-27,Cancelled,EUR,2231.99
102212,1002,10,5,7,2024-11-27,2025-11-27,Expired,EUR,1952.39
102213,797,3,3,20,2024-03-18,2025-03-18,Active,GBP,9371.07
102214,553,2,2,7,2022-07-30,2023-07-30,Active,GBP,5510.48
102215,1157,3,4,10,2024-12-09,2025-12-09,Expired,EUR,7284.4
102216,979,7,3,4,2022-05-03,2023-05-03,Active,EUR,2365.9
102217,1363,12,2,36,2024-03-29,2025-03-29,Active,GBP,2230.51
102218,521,2,8,30,2022-09-04,2023-09-04,Active,EUR,6712.11
102219,359,1,3,9,2022-03-26,2023-03-26,Active,GBP,2705.27
102220,684,7,3,5,2024-08-25,2025-08-25,Active,EUR,2083.61
102221,761,12,5,35,2024-10-13,2025-10-13,Expired,EUR,1660.88
102222,687,7,7,27,2022-05-07,2023-05-07,Active,EUR,2245.15
102223,1249,12,4,36,2022-04-22,2023-04-22,Expired,EUR,6350.65
102224,69,8,6,8,2024-01-08,2025-01-07,Expired,EUR,1061.83
102225,792,1,1,15,2022-02-04,2023-02-04,Cancelled,GBP,5280.57
102226,646,6,5,5,2024-06-14,2025-06-14,Expired,EUR,1936.88
102227,317,10,1,17,2025-01-03,2026-01-03,Expired,GBP,2813.75
102228,962,7,2,7,2024-06-20,2025-06-20,Expired,EUR,2952.23
102229,1202,3,5,1,2022-10-04,2023-10-04,Expired,EUR,2791.8
102230,820,3,2,21,2022-08-17,2023-08-17,Expired,GBP,2656.21
102231,128,8,1,40,2024-03-27,2025-03-27,Expired,EUR,2360.75
102232,113,6,2,26,2022-03-15,2023-03-15,Expired,EUR,2146.15
102233,633,7,7,31,2023-10-08,2024-10-07,Expired,EUR,8864.68
102234,1003,5,5,33,2023-06-23,2024-06-22,Active,EUR,3356.95
102235,471,5,4,39,2024-06-12,2025-06-12,Active,EUR,2997.51
102236,464,8,8,6,2022-08-31,2023-08-31,Active,GBP,2031.46
102237,1291,1,4,11,2024-07-03,2025-07-03,Expired,EUR,2426.1
102238,22,6,8,25,2024-04-19,2025-04-19,Expired,EUR,2036.77
102239,120,5,3,33,2022-10-14,2023-10-14,Expired,GBP,5848.9
102240,234,10,1,31,2023-03-05,2024-03-04,Active,EUR,1872.07
102241,1476,9,1,30,2022-03-21,2023-03-21,Active,EUR,611.13
102242,747,6,3,13,2023-06-24,2024-06-23,Active,GBP,3441.74
102243,238,4,2,15,2022-11-09,2023-11-09,Expired,GBP,2671.66
102244,466,3,2,4,2022-05-17,2023-05-17,Active,EUR,2123.16
102245,1455,3,4,13,2023-11-03,2024-11-02,Active,EUR,6526.77
102246,1042,4,8,7,2023-11-13,2024-11-12,Active,GBP,424.05
102247,336,10,2,38,2022-04-14,2023-04-14,Expired,EUR,10744.86
102248,361,1,2,4,2022-08-11,2023-08-11,Active,GBP,7266.34
102249,113,1,8,15,2022-04-10,2023-04-10,Expired,EUR,2056.91
102250,1160,7,2,36,2024-03-25,2025-03-25,Expired,EUR,2349.39
102251,207,3,7,39,2023-02-10,2024-02-10,Cancelled,GBP,4809.22
102252,430,10,5,16,2022-03-27,2023-03-27,Expired,EUR,4906.97
102253,523,10,8,19,2022-08-18,2023-08-18,Active,EUR,2047.94
102254,932,10,5,21,2025-03-17,2026-03-17,Active,GBP,979.87
102255,910,6,5,33,2022-11-03,2023-11-03,Expired,GBP,16079.0
102256,1199,6,2,31,2024-04-01,2025-04-01,Active,EUR,6748.62
102257,446,6,5,21,2023-07-17,2024-07-16,Cancelled,GBP,3705.75
102258,579,3,6,15,2022-08-07,2023-08-07,Expired,EUR,3758.71
102259,583,7,8,15,2023-01-04,2024-01-04,Active,EUR,5250.02
102260,71,11,1,26,2022-01-17,2023-01-17,Active,GBP,5743.35
102261,1107,4,2,34,2024-06-15,2025-06-15,Expired,GBP,688.99
102262,804,1,1,4,2023-02-06,2024-02-06,Cancelled,GBP,2532.21
102263,714,7,7,31,2023-08-23,2024-08-22,Expired,GBP,2342.27
102264,1494,5,1,20,2022-07-03,2023-07-03,Active,EUR,2918.79
102265,269,10,8,6,2024-09-16,2025-09-16,Expired,EUR,5872.85
102266,1454,11,3,4,2022-09-20,2023-09-20,Active,GBP,860.44
102267,1021,12,3,14,2023-11-11,2024-11-10,Active,EUR,1197.68
102268,332,5,8,10,2024-11-13,2025-11-13,Expired,EUR,1975.73
102269,1018,11,6,5,2024-05-05,2025-05-05,Cancelled,GBP,3698.78
102270,1134,2,5,12,2023-12-25,2024-12-24,Expired,EUR,6149.3
102271,544,5,8,34,2024-12-01,2025-12-01,Expired,GBP,11198.02
102272,518,4,7,29,2022-07-31,2023-07-31,Active,EUR,2657.75
102273,1253,12,6,9,2025-03-02,2026-03-02,Expired,GBP,6141.72
102274,241,8,3,27,2023-10-30,2024-10-29,Active,EUR,5611.77
102275,21,5,8,19,2023-05-07,2024-05-06,Expired,EUR,4945.59
102276,999,2,6,30,2022-11-03,2023-11-03,Active,GBP,3235.02
102277,1360,10,8,10,2024-06-12,2025-06-12,Expired,EUR,2441.46
102278,752,8,8,3,2025-03-17,2026-03-17,Active,GBP,1481.71
102279,203,11,5,13,2024-04-08,2025-04-08,Expired,GBP,1409.94
102280,809,6,3,40,2022-02-09,2023-02-09,Active,GBP,4274.03
102281,378,2,8,23,2023-07-17,2024-07-16,Expired,EUR,3162.71
102282,1242,5,8,3,2024-05-28,2025-05-28,Expired,EUR,2412.38
102283,919,8,1,40,2023-04-22,2024-04-21,Expired,EUR,5424.1
102284,505,3,6,34,2024-07-16,2025-07-16,Cancelled,EUR,2834.53
102285,937,1,5,22,2024-04-28,2025-04-28,Active,EUR,1660.9
102286,1001,10,6,30,2022-03-22,2023-03-22,Expired,EUR,2697.62
102287,1019,7,8,8,2023-11-01,2024-10-31,Expired,EUR,6096.51
102288,550,5,3,24,2022-07-26,2023-07-26,Active,EUR,1528.99
102289,856,7,8,37,2023-08-07,2024-08-06,Expired,EUR,3854.35
102290,65,9,6,18,2023-04-07,2024-04-06,Cancelled,EUR,3160.33
102291,606,1,1,2,2024-08-26,2025-08-26,Expired,GBP,1861.97
102292,568,6,5,31,2024-11-07,2025-11-07,Expired,EUR,2643.84
102293,803,4,2,30,2023-07-08,2024-07-07,Expired,EUR,1013.57
102294,1426,2,8,30,2023-10-07,2024-10-06,Expired,EUR,3576.82
102295,1431,1,7,26,2024-01-22,2025-01-21,Expired,GBP,1183.76
102296,725,6,8,6,2024-02-26,2025-02-25,Cancelled,GBP,7363.77
102297,970,7,5,5,2024-02-02,2025-02-01,Active,EUR,3074.88
102298,163,7,4,32,2024-07-28,2025-07-28,Expired,EUR,2145.53
102299,724,10,4,35,2025-03-24,2026-03-24,Expired,EUR,7866.9
102300,1032,6,8,4,2024-09-20,2025-09-20,Active,EUR,1519.46
102301,1025,8,2,24,2022-06-11,2023-06-11,Expired,EUR,1880.4
102302,1446,10,8,21,2023-07-26,2024-07-25,Expired,EUR,835.53
102303,700,8,4,15,2023-07-08,2024-07-07,Expired,GBP,8796.68
102304,1362,11,5,26,2023-09-03,2024-09-02,Expired,GBP,13421.98
102305,1469,3,6,37,2023-09-27,2024-09-26,Active,EUR,938.99
102306,858,10,1,33,2024-05-11,2025-05-11,Expired,GBP,1786.78
102307,138,9,2,7,2023-05-21,2024-05-20,Expired,EUR,3471.56
102308,565,7,2,19,2022-11-13,2023-11-13,Expired,EUR,2237.76
102309,1148,1,7,38,2023-07-04,2024-07-03,Active,GBP,3217.99
102310,872,7,1,10,2024-10-22,2025-10-22,Expired,EUR,3016.35
102311,1405,11,5,35,2023-01-09,2024-01-09,Expired,GBP,4472.33
102312,1224,8,1,20,2022-01-25,2023-01-25,Active,EUR,1602.43
102313,95,1,7,21,2025-03-17,2026-03-17,Expired,GBP,3806.61
102314,1292,4,8,11,2022-08-23,2023-08-23,Expired,EUR,1426.39
102315,537,7,4,37,2023-12-25,2024-12-24,Expired,EUR,2418.99
102316,1229,10,2,22,2024-08-18,2025-08-18,Expired,EUR,895.55
102317,762,6,4,23,2022-11-26,2023-11-26,Expired,GBP,2432.29
102318,684,11,6,19,2023-02-13,2024-02-13,Cancelled,GBP,2144.04
102319,109,10,6,4,2022-12-03,2023-12-03,Expired,EUR,6685.42
102320,179,4,6,32,2022-06-29,2023-06-29,Expired,GBP,3151.25
102321,893,3,5,14,2022-07-03,2023-07-03,Expired,GBP,3611.5
102322,854,11,6,10,2022-08-13,2023-08-13,Expired,EUR,3239.46
102323,833,8,2,32,2023-07-04,2024-07-03,Active,GBP,667.25
102324,235,11,2,8,2023-09-29,2024-09-28,Active,GBP,736.78
102325,765,12,8,28,2022-01-20,2023-01-20,Expired,GBP,2594.09
102326,92,6,5,19,2024-10-12,2025-10-12,Expired,EUR,4059.93
102327,217,1,7,32,2024-03-22,2025-03-22,Expired,EUR,2762.39
102328,749,11,6,3,2022-03-26,2023-03-26,Expired,EUR,1723.23
102329,926,8,4,31,2024-10-08,2025-10-08,Expired,EUR,2751.12
102330,984,2,5,10,2022-02-06,2023-02-06,Active,EUR,2577.79
102331,1473,7,6,35,2023-11-04,2024-11-03,Expired,EUR,5909.12
102332,1282,1,2,15,2023-07-13,2024-07-12,Expired,GBP,5666.15
102333,570,4,4,1,2023-08-26,2024-08-25,Active,EUR,2175.34
102334,1175,5,6,20,2025-02-21,2026-02-21,Expired,GBP,3173.39
102335,144,6,1,3,2025-01-17,2026-01-17,Expired,EUR,4052.74
102336,1286,7,1,11,2022-12-01,2023-12-01,Expired,EUR,4530.03
102337,580,11,2,29,2023-11-27,2024-11-26,Expired,EUR,11378.13
102338,1141,5,5,23,2025-02-25,2026-02-25,Active,EUR,3225.65
102339,1456,9,2,29,2024-05-24,2025-05-24,Expired,EUR,7915.35
102340,1055,12,4,36,2024-12-01,2025-12-01,Expired,EUR,1380.14
102341,1381,9,2,19,2023-06-06,2024-06-05,Expired,EUR,2042.12
102342,16,4,3,22,2022-12-06,2023-12-06,Active,EUR,663.9
102343,256,9,1,3,2023-09-05,2024-09-04,Cancelled,EUR,3690.36
102344,940,4,7,12,2024-09-07,2025-09-07,Active,EUR,5354.23
102345,811,6,4,29,2025-01-19,2026-01-19,Active,GBP,484.67
102346,181,8,2,3,2024-04-03,2025-04-03,Expired,GBP,3794.15
102347,1078,4,5,15,2024-04-27,2025-04-27,Expired,EUR,5183.1
102348,89,1,8,6,2023-09-07,2024-09-06,Expired,GBP,4966.29
102349,1487,11,7,35,2023-01-19,2024-01-19,Active,GBP,1343.6
102350,235,9,8,23,2023-05-23,2024-05-22,Expired,GBP,5883.11
102351,669,2,4,26,2023-08-21,2024-08-20,Expired,EUR,3317.54
102352,1235,5,3,28,2024-09-05,2025-09-05,Expired,EUR,5132.14
102353,772,4,3,9,2023-10-29,2024-10-28,Expired,EUR,2997.72
102354,1116,12,3,2,2024-08-09,2025-08-09,Expired,EUR,4384.27
102355,1056,12,8,16,2022-02-02,2023-02-02,Active,EUR,7569.84
102356,1424,9,2,8,2024-06-27,2025-06-27,Active,EUR,2827.03
102357,696,6,7,13,2023-09-01,2024-08-31,Cancelled,EUR,4076.84
102358,1469,1,8,13,2025-04-12,2026-04-12,Expired,EUR,8411.26
102359,776,3,7,32,2023-07-21,2024-07-20,Expired,EUR,2981.19
102360,1340,2,6,13,2023-07-29,2024-07-28,Expired,EUR,1416.51
102361,1099,10,7,7,2022-06-02,2023-06-02,Expired,GBP,5469.99
102362,200,2,1,39,2024-08-26,2025-08-26,Expired,GBP,9663.95
102363,966,9,7,2,2024-04-21,2025-04-21,Expired,EUR,8661.02
102364,1318,12,5,9,2024-10-31,2025-10-31,Active,EUR,5632.12
102365,193,4,8,14,2022-04-22,2023-04-22,Expired,EUR,567.86
102366,1258,9,1,3,2022-09-11,2023-09-11,Cancelled,GBP,2044.94
102367,159,11,8,36,2024-11-18,2025-11-18,Active,EUR,2125.05
102368,1307,6,5,15,2022-02-20,2023-02-20,Active,EUR,3407.22
102369,1184,6,1,32,2023-09-02,2024-09-01,Expired,EUR,11686.61
102370,228,3,5,6,2023-05-01,2024-04-30,Expired,EUR,1464.98
102371,1090,6,1,21,2025-02-01,2026-02-01,Active,EUR,17705.87
102372,176,11,1,6,2024-10-25,2025-10-25,Active,EUR,2473.17
102373,853,8,5,10,2024-12-12,2025-12-12,Active,EUR,1853.49
102374,1386,3,7,17,2022-12-13,2023-12-13,Active,EUR,6209.92
102375,309,7,1,35,2023-12-07,2024-12-06,Expired,EUR,6589.47
102376,261,9,3,13,2024-04-20,2025-04-20,Expired,EUR,5363.97
102377,635,1,4,31,2025-03-06,2026-03-06,Expired,GBP,1849.94
102378,553,10,5,4,2022-01-09,2023-01-09,Active,EUR,4800.72
102379,73,3,1,11,2025-03-18,2026-03-18,Expired,EUR,1517.52
102380,684,4,6,25,2023-03-03,2024-03-02,Active,GBP,1811.78
102381,390,5,4,19,2022-06-03,2023-06-03,Expired,EUR,3068.2
102382,187,7,8,21,2024-01-09,2025-01-08,Cancelled,GBP,1781.17
102383,415,11,3,28,2024-07-26,2025-07-26,Expired,GBP,7255.83
102384,31,3,4,4,2022-06-05,2023-06-05,Cancelled,EUR,2135.33
102385,1373,4,1,28,2022-02-18,2023-02-18,Active,GBP,2792.4
102386,1492,5,8,35,2024-12-11,2025-12-11,Active,EUR,1702.5
102387,552,11,7,31,2025-01-25,2026-01-25,Expired,EUR,7173.92
102388,1315,12,3,12,2022-07-07,2023-07-07,Active,EUR,1999.0
102389,693,6,4,15,2024-12-20,2025-12-20,Cancelled,EUR,7758.22
102390,1369,9,7,39,2024-12-27,2025-12-27,Active,GBP,7342.3
102391,260,12,3,32,2025-04-11,2026-04-11,Expired,EUR,2357.94
102392,427,11,2,38,2022-09-17,2023-09-17,Active,GBP,3368.59
102393,1110,9,2,37,2023-11-26,2024-11-25,Active,EUR,2309.34
102394,331,7,6,18,2025-04-08,2026-04-08,Expired,EUR,4960.65
102395,1236,12,2,6,2024-12-19,2025-12-19,Cancelled,GBP,2847.36
102396,639,3,1,10,2023-12-27,2024-12-26,Expired,EUR,2408.81
102397,606,5,2,12,2022-08-25,2023-08-25,Expired,EUR,3410.57
102398,680,9,8,34,2022-04-12,2023-04-12,Active,EUR,1005.6
102399,1197,1,7,12,2022-11-08,2023-11-08,Active,GBP,3112.29
102400,9,7,8,15,2022-03-20,2023-03-20,Active,EUR,5362.63
102401,1127,11,3,35,2022-08-23,2023-08-23,Expired,GBP,3653.86
102402,1169,3,4,7,2022-03-31,2023-03-31,Active,EUR,6726.04
102403,1232,10,4,27,2024-07-03,2025-07-03,Active,EUR,2482.51
102404,1496,5,5,23,2023-12-09,2024-12-08,Expired,EUR,2334.45
102405,1174,11,1,40,2023-09-14,2024-09-13,Expired,EUR,1425.12
102406,794,8,5,20,2024-08-29,2025-08-29,Expired,EUR,2430.11
102407,700,2,1,21,2023-05-08,2024-05-07,Active,EUR,14391.88
102408,583,9,3,35,2023-04-29,2024-04-28,Expired,EUR,4050.75
102409,1241,1,3,40,2022-09-06,2023-09-06,Expired,EUR,2123.56
102410,590,3,6,30,2023-06-18,2024-06-17,Active,GBP,1549.04
102411,859,11,8,28,2022-07-29,2023-07-29,Expired,EUR,993.37
102412,145,11,6,36,2023-12-09,2024-12-08,Active,GBP,1767.29
102413,476,1,4,40,2025-04-11,2026-04-11,Expired,EUR,5821.98
102414,400,5,5,30,2023-10-02,2024-10-01,Cancelled,EUR,2391.62
102415,653,2,5,12,2022-12-25,2023-12-25,Active,EUR,1605.79
102416,754,4,2,26,2024-04-05,2025-04-05,Expired,EUR,1743.87
102417,1075,12,8,10,2024-09-11,2025-09-11,Expired,GBP,5362.1
102418,648,3,8,21,2023-07-21,2024-07-20,Expired,GBP,3099.68
102419,226,8,2,18,2022-10-28,2023-10-28,Expired,EUR,2058.22
102420,818,10,1,40,2024-05-06,2025-05-06,Expired,EUR,2614.19
102421,83,11,2,23,2022-08-13,2023-08-13,Active,EUR,17230.09
102422,1274,5,6,39,2025-04-11,2026-04-11,Active,EUR,8223.22
102423,1156,9,1,33,2023-01-17,2024-01-17,Expired,GBP,9911.68
102424,338,6,1,34,2023-02-25,2024-02-25,Expired,GBP,885.3
102425,395,2,6,7,2024-05-22,2025-05-22,Expired,EUR,2941.5
102426,42,3,2,32,2022-01-15,2023-01-15,Expired,EUR,2031.25
102427,547,9,1,11,2022-09-01,2023-09-01,Expired,GBP,4953.65
102428,58,9,1,24,2022-05-31,2023-05-31,Expired,EUR,7294.35
102429,1405,7,6,20,2023-04-15,2024-04-14,Expired,EUR,4208.32
102430,202,10,3,11,2023-10-27,2024-10-26,Expired,EUR,1712.39
102431,990,9,3,40,2022-08-04,2023-08-04,Expired,EUR,2006.69
102432,856,5,6,36,2023-02-18,2024-02-18,Cancelled,GBP,5247.09
102433,356,4,2,23,2024-07-15,2025-07-15,Expired,EUR,5653.64
102434,1213,12,5,1,2025-02-01,2026-02-01,Expired,GBP,3661.82
102435,164,12,4,8,2022-01-18,2023-01-18,Expired,EUR,3631.29
102436,1331,1,6,10,2024-01-23,2025-01-22,Active,GBP,3420.67
102437,1111,10,5,39,2022-01-31,2023-01-31,Expired,GBP,4031.21
102438,953,2,6,17,2023-09-17,2024-09-16,Expired,GBP,5636.23
102439,1320,11,2,2,2024-11-21,2025-11-21,Expired,GBP,5284.98
102440,605,8,2,24,2024-08-15,2025-08-15,Active,EUR,3353.26
102441,423,9,5,39,2022-10-07,2023-10-07,Expired,GBP,3175.48
102442,232,9,1,23,2022-11-07,2023-11-07,Expired,EUR,3085.68
102443,1387,8,4,18,2024-07-29,2025-07-29,Expired,EUR,1834.91
102444,603,4,6,8,2024-09-10,2025-09-10,Active,GBP,1817.52
102445,1245,10,7,36,2022-12-04,2023-12-04,Expired,EUR,4954.08
102446,499,7,6,5,2022-01-04,2023-01-04,Active,GBP,1930.14
102447,1433,7,8,38,2023-06-18,2024-06-17,Active,EUR,6065.97
102448,1306,4,5,9,2024-01-14,2025-01-13,Active,GBP,3170.02
102449,463,1,4,6,2023-06-17,2024-06-16,Expired,EUR,6091.79
102450,731,7,2,14,2025-01-26,2026-01-26,Expired,GBP,5311.98
102451,1191,5,6,1,2024-09-03,2025-09-03,Expired,GBP,6199.34
102452,340,8,7,1,2024-08-03,2025-08-03,Expired,GBP,2304.75
102453,36,5,3,8,2022-01-25,2023-01-25,Expired,EUR,4476.85
102454,434,12,1,28,2024-10-21,2025-10-21,Expired,EUR,5729.69
102455,886,9,1,33,2024-06-25,2025-06-25,Active,EUR,1029.17
102456,205,6,6,10,2023-04-22,2024-04-21,Active,EUR,11804.9
102457,501,9,6,26,2023-12-09,2024-12-08,Active,GBP,18024.1
102458,1378,8,1,15,2024-09-16,2025-09-16,Expired,EUR,6704.04
102459,113,8,1,18,2024-12-23,2025-12-23,Cancelled,EUR,6029.45
102460,76,7,6,14,2023-10-23,2024-10-22,Expired,EUR,5123.38
102461,636,12,4,36,2022-02-19,2023-02-19,Expired,EUR,2584.86
102462,20,4,4,21,2024-01-13,2025-01-12,Active,EUR,3033.2
102463,42,6,3,21,2024-03-27,2025-03-27,Cancelled,GBP,6790.66
102464,275,4,6,35,2022-03-12,2023-03-12,Expired,EUR,1587.77
102465,154,7,6,27,2024-09-07,2025-09-07,Active,GBP,1486.92
102466,1217,12,1,6,2022-08-30,2023-08-30,Cancelled,EUR,2445.5
102467,185,8,1,8,2024-12-04,2025-12-04,Expired,GBP,5389.4
102468,786,3,5,14,2023-10-24,2024-10-23,Active,EUR,1720.81
102469,1058,12,5,4,2023-01-22,2024-01-22,Active,EUR,2782.03
102470,939,10,2,28,2022-03-12,2023-03-12,Active,EUR,3041.16
102471,981,6,2,20,2022-01-22,2023-01-22,Expired,EUR,1542.4
102472,537,2,6,2,2024-06-08,2025-06-08,Expired,EUR,528.57
102473,1334,5,4,17,2023-03-29,2024-03-28,Cancelled,EUR,1525.56
102474,104,10,1,34,2024-10-05,2025-10-05,Active,EUR,4006.47
102475,161,7,5,37,2022-10-04,2023-10-04,Expired,EUR,4743.87
102476,1285,3,1,39,2025-01-09,2026-01-09,Expired,GBP,4773.2
102477,103,2,2,37,2025-02-03,2026-02-03,Expired,EUR,5203.98
102478,288,12,6,25,2022-05-03,2023-05-03,Expired,EUR,2059.47
102479,260,6,2,38,2024-02-16,2025-02-15,Expired,EUR,1753.81
102480,50,9,1,39,2025-02-01,2026-02-01,Expired,GBP,4364.65
102481,176,5,8,26,2023-01-23,2024-01-23,Expired,EUR,2810.7
102482,860,2,2,17,2022-03-23,2023-03-23,Active,EUR,6504.89
102483,992,5,5,39,2024-11-16,2025-11-16,Expired,EUR,4385.37
102484,125,9,7,17,2023-07-23,2024-07-22,Expired,EUR,8628.84
102485,1414,5,8,7,2022-02-02,2023-02-02,Active,GBP,2323.54
102486,144,8,7,5,2024-10-05,2025-10-05,Active,EUR,7336.75
102487,1031,6,3,23,2024-03-25,2025-03-25,Cancelled,EUR,15153.8
102488,1201,5,7,2,2022-03-26,2023-03-26,Active,EUR,3429.97
102489,782,4,1,5,2022-11-07,2023-11-07,Active,EUR,4790.93
102490,738,4,3,10,2022-01-22,2023-01-22,Expired,GBP,1639.43
102491,164,4,2,22,2025-02-19,2026-02-19,Active,EUR,6441.67
102492,363,9,5,20,2022-01-30,2023-01-30,Active,GBP,7683.22
102493,1276,5,8,21,2024-08-13,2025-08-13,Active,EUR,2273.69
102494,523,9,7,21,2023-09-06,2024-09-05,Active,EUR,5113.4
102495,52,4,8,40,2023-12-01,2024-11-30,Expired,GBP,4065.75
102496,1094,4,2,9,2024-08-31,2025-08-31,Expired,EUR,4416.44
102497,1026,12,7,19,2024-12-09,2025-12-09,Active,EUR,6057.27
102498,100,11,6,25,2022-06-02,2023-06-02,Expired,EUR,4861.85
102499,77,5,4,11,2022-01-22,2023-01-22,Expired,GBP,2968.34
102500,175,4,1,8,2022-05-30,2023-05-30,Active,EUR,6154.71
102501,77,9,1,2,2024-03-30,2025-03-30,Expired,EUR,7584.73
102502,925,1,8,14,2023-11-14,2024-11-13,Active,EUR,2174.07
102503,199,6,3,11,2022-04-11,2023-04-11,Active,EUR,3290.03
102504,911,8,6,8,2022-10-09,2023-10-09,Active,EUR,874.35
102505,265,9,8,11,2023-10-07,2024-10-06,Active,EUR,5103.59
102506,1459,2,4,28,2024-05-26,2025-05-26,Expired,GBP,8244.8
102507,1089,1,2,34,2023-02-17,2024-02-17,Cancelled,GBP,2716.31
102508,562,4,4,21,2025-02-13,2026-02-13,Expired,EUR,3641.23
102509,644,2,2,3,2025-04-05,2026-04-05,Active,EUR,2792.95
102510,98,7,2,30,2024-07-08,2025-07-08,Expired,EUR,2470.26
102511,83,12,7,7,2023-06-30,2024-06-29,Expired,GBP,3921.1
102512,807,4,3,3,2024-11-18,2025-11-18,Active,GBP,1829.54
102513,35,6,6,23,2024-05-23,2025-05-23,Cancelled,EUR,2761.54
102514,958,3,6,18,2023-09-16,2024-09-15,Expired,GBP,1671.68
102515,574,1,5,13,2023-06-17,2024-06-16,Active,EUR,5124.6
102516,210,9,5,39,2024-09-25,2025-09-25,Cancelled,EUR,3941.94
102517,804,4,2,4,2023-10-31,2024-10-30,Active,GBP,2384.09
102518,830,7,5,3,2022-08-08,2023-08-08,Expired,EUR,3387.37
102519,1120,9,7,24,2025-04-14,2026-04-14,Active,EUR,2791.84
102520,297,11,2,17,2022-03-24,2023-03-24,Active,EUR,7769.19
102521,822,3,2,33,2024-04-14,2025-04-14,Cancelled,GBP,2366.67
102522,1268,7,6,2,2024-02-27,2025-02-26,Expired,EUR,5304.36
102523,405,11,8,17,2023-12-05,2024-12-04,Active,EUR,1941.26
102524,1253,6,4,6,2022-03-04,2023-03-04,Expired,EUR,6067.36
102525,1086,1,7,2,2023-08-15,2024-08-14,Expired,GBP,7172.28
102526,645,4,2,19,2024-12-06,2025-12-06,Expired,GBP,7430.73
102527,1325,10,5,30,2022-10-15,2023-10-15,Cancelled,EUR,9929.47
102528,1451,10,8,7,2024-04-09,2025-04-09,Expired,EUR,4102.43
102529,356,4,4,34,2024-10-27,2025-10-27,Expired,EUR,8337.01
102530,1470,3,5,21,2025-02-16,2026-02-16,Active,EUR,11138.19
102531,4,4,2,20,2023-09-12,2024-09-11,Cancelled,GBP,1420.07
102532,194,3,5,37,2023-01-12,2024-01-12,Active,EUR,2095.55
102533,65,9,5,14,2024-04-19,2025-04-19,Active,GBP,1073.01
102534,552,11,8,9,2023-08-07,2024-08-06,Expired,GBP,7301.67
102535,1406,1,2,32,2024-01-23,2025-01-22,Active,GBP,1062.73
102536,901,9,3,5,2024-06-09,2025-06-09,Expired,EUR,867.07
102537,925,10,6,35,2024-05-02,2025-05-02,Expired,GBP,1446.58
102538,128,8,8,34,2022-10-19,2023-10-19,Expired,EUR,894.5
102539,775,11,2,40,2024-06-25,2025-06-25,Expired,EUR,4040.48
102540,574,1,6,19,2023-10-13,2024-10-12,Expired,GBP,1460.59
102541,720,9,8,25,2025-01-21,2026-01-21,Expired,EUR,927.31
102542,392,2,6,36,2024-03-02,2025-03-02,Active,GBP,3192.61
102543,303,11,4,6,2024-12-06,2025-12-06,Active,EUR,3337.02
102544,1429,6,2,13,2025-03-20,2026-03-20,Expired,EUR,810.51
102545,838,2,3,19,2025-04-08,2026-04-08,Expired,EUR,1928.94
102546,618,9,1,26,2024-06-12,2025-06-12,Expired,EUR,3115.11
102547,111,9,2,28,2023-12-18,2024-12-17,Active,EUR,2520.93
102548,1145,6,4,37,2022-05-22,2023-05-22,Active,EUR,2573.15
102549,709,4,2,20,2023-04-09,2024-04-08,Expired,GBP,7978.18
102550,581,1,1,7,2023-07-25,2024-07-24,Expired,EUR,16480.1
102551,1001,11,6,8,2024-07-25,2025-07-25,Expired,EUR,2604.58
102552,198,3,1,33,2023-12-08,2024-12-07,Expired,GBP,1222.42
102553,800,11,2,19,2023-06-11,2024-06-10,Expired,GBP,2762.97
102554,1295,8,5,26,2022-06-25,2023-06-25,Active,EUR,3811.28
102555,696,9,8,23,2024-05-08,2025-05-08,Expired,EUR,3165.42
102556,1,9,6,33,2023-06-03,2024-06-02,Active,GBP,5208.35
102557,345,11,1,9,2022-02-13,2023-02-13,Active,EUR,17308.14
102558,84,1,2,7,2022-12-07,2023-12-07,Expired,EUR,911.56
102559,751,12,6,30,2024-11-21,2025-11-21,Active,EUR,2252.26
102560,547,1,6,18,2022-05-23,2023-05-23,Active,EUR,10465.69
102561,199,12,4,33,2023-05-03,2024-05-02,Expired,EUR,2227.12
102562,1031,4,8,6,2023-09-07,2024-09-06,Expired,GBP,5955.8
102563,265,11,8,11,2022-04-11,2023-04-11,Cancelled,EUR,5287.89
102564,513,2,6,39,2022-07-18,2023-07-18,Expired,GBP,8330.34
102565,1482,6,6,34,2025-02-02,2026-02-02,Active,EUR,13835.66
102566,100,7,7,3,2023-12-10,2024-12-09,Expired,EUR,4229.35
102567,372,12,2,33,2022-09-10,2023-09-10,Active,EUR,889.47
102568,477,2,6,3,2022-07-23,2023-07-23,Expired,EUR,1948.27
102569,764,1,8,5,2023-05-26,2024-05-25,Active,EUR,16975.72
102570,368,8,2,36,2024-05-18,2025-05-18,Active,EUR,1140.65
102571,1456,1,1,6,2024-05-26,2025-05-26,Active,GBP,4781.96
102572,9,10,3,13,2022-08-23,2023-08-23,Expired,EUR,499.76
102573,1423,1,3,6,2024-05-20,2025-05-20,Active,EUR,1195.81
102574,803,12,8,24,2024-12-11,2025-12-11,Expired,EUR,6407.36
102575,58,7,4,3,2022-09-29,2023-09-29,Expired,EUR,3384.53
102576,175,12,6,12,2022-02-01,2023-02-01,Expired,EUR,2484.11
102577,155,2,8,14,2025-02-24,2026-02-24,Expired,EUR,1788.68
102578,432,4,7,26,2023-09-19,2024-09-18,Active,GBP,737.0
102579,500,6,6,20,2024-07-20,2025-07-20,Cancelled,GBP,5541.69
102580,962,1,8,8,2023-01-20,2024-01-20,Expired,EUR,2664.15
102581,467,2,6,19,2022-12-26,2023-12-26,Expired,EUR,1052.16
102582,1088,4,2,19,2022-09-28,2023-09-28,Cancelled,EUR,3369.91
102583,441,9,6,15,2022-09-18,2023-09-18,Active,EUR,5094.6
102584,396,9,3,22,2023-07-20,2024-07-19,Expired,EUR,2834.14
102585,414,2,3,14,2022-05-07,2023-05-07,Active,EUR,3593.9
102586,494,1,6,14,2024-10-07,2025-10-07,Active,EUR,3390.03
102587,1257,8,3,32,2023-09-06,2024-09-05,Active,EUR,1938.95
102588,371,5,1,11,2025-01-03,2026-01-03,Expired,EUR,3431.3
102589,410,10,8,14,2023-08-26,2024-08-25,Active,EUR,5718.22
102590,1436,4,5,6,2022-12-30,2023-12-30,Expired,EUR,7157.98
102591,981,5,6,28,2023-09-10,2024-09-09,Expired,GBP,5961.32
102592,286,3,7,29,2022-07-05,2023-07-05,Expired,EUR,1985.6
102593,1303,4,6,28,2024-09-15,2025-09-15,Active,GBP,5309.0
102594,275,9,5,7,2024-05-14,2025-05-14,Expired,EUR,4670.87
102595,244,6,7,19,2022-06-26,2023-06-26,Active,GBP,1934.72
102596,668,8,3,12,2023-11-30,2024-11-29,Expired,EUR,2325.67
102597,1037,1,7,31,2023-10-08,2024-10-07,Active,EUR,5484.99
102598,284,7,6,14,2022-08-30,2023-08-30,Expired,EUR,9252.8
102599,1130,6,2,17,2022-05-27,2023-05-27,Active,EUR,846.62
102600,236,11,2,19,2024-07-01,2025-07-01,Expired,GBP,11271.65
102601,1173,6,8,31,2022-11-13,2023-11-13,Active,GBP,7888.17
102602,144,2,8,29,2023-09-15,2024-09-14,Active,GBP,3825.1
102603,697,9,8,33,2022-10-25,2023-10-25,Expired,EUR,2750.29
102604,961,2,1,18,2024-02-24,2025-02-23,Active,EUR,4415.27
102605,399,11,8,33,2022-02-28,2023-02-28,Expired,GBP,2037.7
102606,919,5,7,35,2023-03-08,2024-03-07,Expired,EUR,2883.41
102607,1033,10,7,21,2023-10-19,2024-10-18,Expired,GBP,1089.78
102608,976,8,4,28,2023-06-11,2024-06-10,Expired,EUR,892.35
102609,596,6,5,37,2024-01-05,2025-01-04,Expired,EUR,18943.76
102610,1160,8,4,34,2022-08-05,2023-08-05,Expired,EUR,3454.06
102611,1098,3,1,12,2023-06-15,2024-06-14,Active,GBP,3838.23
102612,490,1,5,29,2024-06-26,2025-06-26,Expired,EUR,3219.4
102613,1101,10,2,18,2023-02-05,2024-02-05,Expired,EUR,1770.77
102614,1378,12,2,6,2022-07-08,2023-07-08,Active,GBP,2616.79
102615,1226,11,1,15,2024-10-14,2025-10-14,Active,EUR,3527.67
102616,1100,4,4,40,2024-07-22,2025-07-22,Active,EUR,2842.73
102617,1150,5,1,39,2024-03-27,2025-03-27,Expired,EUR,1874.03
102618,1208,5,7,32,2024-08-15,2025-08-15,Active,EUR,4720.25
102619,434,9,8,40,2024-07-23,2025-07-23,Expired,EUR,3794.37
102620,1082,8,7,23,2024-06-14,2025-06-14,Expired,EUR,4423.47
102621,300,10,3,31,2023-09-04,2024-09-03,Expired,EUR,5590.27
102622,538,12,2,7,2022-01-24,2023-01-24,Active,EUR,2898.96
102623,1402,5,5,12,2023-12-18,2024-12-17,Expired,EUR,2902.52
102624,425,8,6,7,2022-11-24,2023-11-24,Expired,EUR,10015.0
102625,1266,7,1,38,2024-07-16,2025-07-16,Active,EUR,1622.93
102626,634,12,7,25,2023-07-17,2024-07-16,Active,EUR,808.17
102627,315,5,4,38,2024-12-22,2025-12-22,Active,GBP,4997.3
102628,146,3,7,17,2023-12-16,2024-12-15,Cancelled,GBP,2054.91
102629,823,5,1,17,2023-10-23,2024-10-22,Active,EUR,1468.49
102630,677,8,4,28,2025-01-08,2026-01-08,Active,EUR,6399.2
102631,768,12,4,23,2023-07-25,2024-07-24,Active,GBP,2955.5
102632,65,10,1,15,2023-03-27,2024-03-26,Active,EUR,1277.07
102633,403,1,6,13,2023-03-22,2024-03-21,Expired,EUR,14061.69
102634,6,7,8,21,2024-11-16,2025-11-16,Expired,EUR,984.35
102635,454,2,5,4,2024-06-26,2025-06-26,Expired,EUR,3087.11
102636,1398,5,4,8,2022-07-16,2023-07-16,Expired,EUR,798.75
102637,229,12,6,2,2023-08-14,2024-08-13,Active,EUR,4035.94
102638,1035,12,3,7,2023-03-22,2024-03-21,Expired,GBP,2036.87
102639,9,2,3,8,2024-02-16,2025-02-15,Expired,EUR,6090.32
102640,843,2,7,4,2022-03-04,2023-03-04,Expired,EUR,3251.79
102641,1382,9,5,3,2024-05-06,2025-05-06,Expired,EUR,9072.07
102642,512,5,3,33,2024-06-09,2025-06-09,Active,EUR,2386.81
102643,296,6,4,8,2022-09-29,2023-09-29,Expired,EUR,988.9
102644,856,11,7,23,2022-06-30,2023-06-30,Expired,GBP,3936.85
102645,419,12,5,4,2024-01-24,2025-01-23,Active,GBP,2725.98
102646,1338,11,1,38,2022-11-05,2023-11-05,Expired,GBP,841.81
102647,1274,10,7,10,2025-02-03,2026-02-03,Active,EUR,1492.88
102648,979,12,6,30,2024-07-19,2025-07-19,Active,EUR,1895.33
102649,959,9,3,26,2025-02-20,2026-02-20,Expired,GBP,10578.06
102650,904,11,8,31,2023-10-04,2024-10-03,Expired,GBP,5600.35
102651,1103,7,8,26,2025-01-31,2026-01-31,Expired,EUR,2538.17
102652,691,1,8,21,2022-01-17,2023-01-17,Expired,GBP,4689.83
102653,1455,10,4,31,2022-12-14,2023-12-14,Active,GBP,713.66
102654,519,12,8,33,2022-01-03,2023-01-03,Expired,GBP,2156.67
102655,14,4,7,16,2024-03-24,2025-03-24,Cancelled,EUR,4450.39
102656,1048,6,7,38,2023-09-05,2024-09-04,Active,EUR,3729.51
102657,994,7,5,40,2022-12-12,2023-12-12,Expired,EUR,2198.4
102658,1472,8,3,29,2023-01-01,2024-01-01,Expired,GBP,3201.16
102659,593,9,2,38,2024-02-12,2025-02-11,Active,GBP,4245.36
102660,638,5,8,5,2022-08-05,2023-08-05,Cancelled,EUR,3271.43
102661,844,11,5,22,2023-09-10,2024-09-09,Expired,EUR,6283.94
102662,589,10,8,27,2024-01-07,2025-01-06,Expired,EUR,4184.01
102663,1178,12,5,38,2022-10-15,2023-10-15,Expired,EUR,4834.0
102664,643,7,5,5,2022-10-02,2023-10-02,Expired,EUR,11910.39
102665,1176,1,1,33,2023-03-02,2024-03-01,Expired,EUR,6128.04
102666,639,11,4,4,2023-12-12,2024-12-11,Active,EUR,12157.71
102667,338,1,5,15,2022-11-02,2023-11-02,Expired,GBP,1990.35
102668,1486,3,1,28,2023-04-01,2024-03-31,Cancelled,GBP,997.94
102669,790,4,2,12,2023-10-15,2024-10-14,Cancelled,EUR,2965.47
102670,1061,3,5,34,2022-08-13,2023-08-13,Cancelled,EUR,2781.66
102671,887,9,2,38,2023-11-14,2024-11-13,Expired,EUR,9843.44
102672,539,6,6,7,2022-06-15,2023-06-15,Expired,GBP,1411.58
102673,1459,3,4,11,2022-06-21,2023-06-21,Expired,GBP,3105.22
102674,558,1,4,3,2022-10-12,2023-10-12,Expired,EUR,4464.38
102675,1490,3,1,29,2022-12-10,2023-12-10,Expired,EUR,3551.33
102676,647,9,4,36,2022-02-05,2023-02-05,Active,EUR,2896.77
102677,34,10,5,25,2025-02-27,2026-02-27,Active,EUR,4311.01
102678,56,4,5,6,2023-01-05,2024-01-05,Expired,EUR,7400.65
102679,1461,1,3,7,2024-08-23,2025-08-23,Active,EUR,10423.41
102680,792,7,1,2,2024-12-18,2025-12-18,Active,EUR,3376.54
102681,582,10,8,20,2024-08-18,2025-08-18,Active,GBP,1786.68
102682,1218,1,8,29,2024-09-24,2025-09-24,Expired,EUR,10413.94
102683,926,10,8,7,2022-05-01,2023-05-01,Cancelled,EUR,1468.17
102684,991,3,3,34,2023-03-23,2024-03-22,Expired,EUR,12618.69
102685,1029,4,5,11,2024-06-14,2025-06-14,Cancelled,EUR,9028.14
102686,298,8,2,21,2023-11-23,2024-11-22,Expired,GBP,10067.31
102687,133,1,8,27,2022-01-07,2023-01-07,Active,EUR,5508.48
102688,1093,4,1,22,2023-11-12,2024-11-11,Active,EUR,675.62
102689,33,2,4,20,2024-08-23,2025-08-23,Active,GBP,1511.2
102690,1080,3,7,14,2024-09-21,2025-09-21,Active,EUR,4147.11
102691,195,10,6,18,2023-04-06,2024-04-05,Expired,GBP,1984.78
102692,394,3,7,10,2022-10-11,2023-10-11,Active,EUR,2600.71
102693,1062,1,4,12,2023-01-07,2024-01-07,Expired,EUR,5216.63
102694,935,3,1,31,2022-12-22,2023-12-22,Expired,GBP,2900.15
102695,1173,2,1,36,2023-02-20,2024-02-20,Active,EUR,1320.46
102696,917,8,2,34,2022-12-29,2023-12-29,Cancelled,EUR,6401.22
102697,72,12,1,14,2023-07-03,2024-07-02,Cancelled,EUR,4847.3
102698,1260,3,4,13,2022-02-19,2023-02-19,Expired,EUR,2733.27
102699,324,9,1,3,2022-11-27,2023-11-27,Expired,GBP,5616.42
102700,205,5,2,11,2023-01-13,2024-01-13,Cancelled,EUR,3537.89
102701,1318,1,4,24,2022-07-04,2023-07-04,Expired,EUR,8942.06
102702,293,9,6,11,2024-11-19,2025-11-19,Expired,GBP,3690.09
102703,805,3,6,30,2024-03-21,2025-03-21,Active,EUR,8892.34
102704,729,7,1,3,2024-12-30,2025-12-30,Expired,GBP,808.16
102705,1155,7,8,17,2023-11-05,2024-11-04,Expired,GBP,4649.03
102706,67,8,5,12,2022-05-12,2023-05-12,Active,EUR,2444.52
102707,161,2,3,20,2024-12-21,2025-12-21,Active,EUR,1729.71
102708,624,4,4,2,2023-07-04,2024-07-03,Active,EUR,7854.76
102709,710,9,7,17,2024-04-01,2025-04-01,Active,EUR,6417.7
102710,1183,12,4,32,2023-04-03,2024-04-02,Active,GBP,731.53
102711,909,1,2,35,2023-08-17,2024-08-16,Expired,EUR,5634.26
102712,224,5,4,11,2023-08-11,2024-08-10,Expired,GBP,5144.13
102713,1469,11,1,18,2022-12-08,2023-12-08,Expired,GBP,1915.43
102714,690,4,2,28,2023-10-28,2024-10-27,Expired,GBP,1760.8
102715,1447,6,3,19,2024-05-30,2025-05-30,Active,GBP,999.31
102716,1485,11,2,22,2022-01-25,2023-01-25,Expired,EUR,2557.67
102717,78,12,3,14,2022-06-07,2023-06-07,Active,EUR,2883.86
102718,759,8,1,34,2024-10-07,2025-10-07,Active,EUR,5989.41
102719,634,9,5,26,2023-11-15,2024-11-14,Expired,EUR,4032.07
102720,748,8,1,39,2025-03-14,2026-03-14,Cancelled,GBP,1487.82
102721,465,4,2,32,2023-12-27,2024-12-26,Cancelled,EUR,3940.87
102722,839,11,8,15,2024-02-24,2025-02-23,Expired,EUR,2722.94
102723,739,1,1,14,2024-12-14,2025-12-14,Expired,EUR,1634.15
102724,280,1,3,4,2024-03-03,2025-03-03,Expired,EUR,1000.11
102725,433,8,5,25,2023-01-31,2024-01-31,Expired,GBP,5263.77
102726,221,11,3,30,2023-09-26,2024-09-25,Active,EUR,4604.54
102727,1266,10,3,15,2022-10-10,2023-10-10,Active,EUR,5001.92
102728,1017,9,2,1,2023-02-06,2024-02-06,Cancelled,GBP,1908.01
102729,582,5,4,34,2024-03-27,2025-03-27,Cancelled,EUR,3745.5
102730,594,5,7,9,2022-06-28,2023-06-28,Active,EUR,1174.36
102731,119,6,5,24,2024-03-17,2025-03-17,Active,EUR,1571.94
102732,435,4,8,3,2023-12-02,2024-12-01,Active,EUR,3378.88
102733,1387,6,6,3,2023-01-06,2024-01-06,Expired,EUR,4010.88
102734,48,2,7,36,2022-02-23,2023-02-23,Active,EUR,971.06
102735,220,4,4,27,2024-04-25,2025-04-25,Expired,EUR,1490.46
102736,1270,12,5,1,2024-09-16,2025-09-16,Active,EUR,2504.78
102737,781,9,5,5,2024-05-26,2025-05-26,Active,GBP,6760.75
102738,49,2,7,20,2023-05-21,2024-05-20,Active,EUR,1790.36
102739,735,4,5,28,2024-02-24,2025-02-23,Expired,EUR,3660.78
102740,1125,4,4,17,2023-05-13,2024-05-12,Active,EUR,3960.18
102741,518,4,1,35,2023-03-06,2024-03-05,Expired,EUR,2731.84
102742,573,9,7,27,2023-01-28,2024-01-28,Expired,EUR,4027.96
102743,947,11,4,25,2022-09-11,2023-09-11,Expired,EUR,1201.48
102744,899,9,7,12,2025-03-09,2026-03-09,Active,GBP,2014.57
102745,1355,6,6,28,2024-03-10,2025-03-10,Expired,GBP,9660.2
102746,372,2,1,35,2022-07-29,2023-07-29,Active,EUR,10184.01
102747,415,2,6,2,2024-11-04,2025-11-04,Expired,EUR,6199.29
102748,234,10,4,30,2022-07-01,2023-07-01,Expired,EUR,7519.79
102749,998,9,2,36,2023-12-14,2024-12-13,Cancelled,EUR,837.62
102750,801,7,3,18,2022-07-18,2023-07-18,Cancelled,EUR,1617.24
102751,521,7,6,31,2023-03-10,2024-03-09,Expired,GBP,2608.87
102752,1044,11,1,15,2024-03-01,2025-03-01,Expired,EUR,20165.56
102753,566,10,5,8,2025-04-13,2026-04-13,Active,EUR,2605.0
102754,294,2,7,33,2025-04-05,2026-04-05,Expired,GBP,5759.92
102755,810,5,1,13,2024-12-10,2025-12-10,Active,GBP,4375.51
102756,655,1,1,31,2022-10-10,2023-10-10,Active,EUR,4303.11
102757,609,5,1,13,2022-04-23,2023-04-23,Expired,EUR,3236.84
102758,667,8,6,16,2024-12-22,2025-12-22,Expired,EUR,1339.4
102759,1372,3,7,28,2025-01-12,2026-01-12,Expired,EUR,434.47
102760,324,2,8,14,2022-12-01,2023-12-01,Expired,EUR,8616.05
102761,414,6,1,33,2022-01-24,2023-01-24,Expired,GBP,2074.81
102762,848,7,4,2,2024-02-17,2025-02-16,Cancelled,EUR,812.13
102763,71,9,1,1,2022-04-02,2023-04-02,Expired,GBP,4575.5
102764,219,1,3,4,2022-02-18,2023-02-18,Expired,EUR,4510.18
102765,850,3,3,11,2025-01-29,2026-01-29,Active,GBP,5860.08
102766,765,10,5,3,2023-08-18,2024-08-17,Expired,EUR,7606.72
102767,980,9,8,16,2022-05-15,2023-05-15,Expired,EUR,1653.68
102768,171,11,7,1,2024-02-25,2025-02-24,Cancelled,EUR,1709.17
102769,1281,10,1,31,2023-03-20,2024-03-19,Active,EUR,2594.04
102770,729,11,2,7,2023-10-06,2024-10-05,Active,EUR,6101.14
102771,233,7,3,39,2024-12-14,2025-12-14,Active,EUR,680.63
102772,468,12,3,35,2022-10-13,2023-10-13,Active,GBP,3626.98
102773,342,5,3,28,2024-02-15,2025-02-14,Expired,GBP,6628.22
102774,679,11,5,32,2024-09-21,2025-09-21,Active,GBP,6426.22
102775,705,5,6,31,2023-05-24,2024-05-23,Active,GBP,5605.04
102776,651,6,8,34,2025-03-10,2026-03-10,Expired,GBP,7311.84
102777,692,9,6,23,2023-06-22,2024-06-21,Expired,EUR,419.73
102778,1362,5,3,25,2023-07-06,2024-07-05,Active,EUR,11049.07
102779,1439,2,2,19,2024-11-27,2025-11-27,Expired,EUR,4220.9
102780,735,11,4,25,2024-02-03,2025-02-02,Expired,GBP,8964.15
102781,1445,6,7,16,2024-11-08,2025-11-08,Cancelled,EUR,1365.16
102782,1228,12,8,5,2024-08-06,2025-08-06,Expired,GBP,884.15
102783,1230,5,4,38,2024-05-04,2025-05-04,Cancelled,EUR,12578.99
102784,339,12,2,28,2022-10-17,2023-10-17,Active,EUR,1644.36
102785,658,8,1,29,2023-04-24,2024-04-23,Expired,GBP,2609.37
102786,529,10,1,12,2024-11-03,2025-11-03,Expired,GBP,4893.15
102787,145,10,6,31,2024-01-10,2025-01-09,Expired,EUR,5882.08
102788,113,3,5,21,2022-12-03,2023-12-03,Expired,EUR,7396.87
102789,934,10,6,4,2023-01-28,2024-01-28,Active,EUR,3895.35
102790,632,12,1,39,2024-07-19,2025-07-19,Active,GBP,1494.08
102791,1239,8,4,40,2022-08-02,2023-08-02,Expired,GBP,5596.94
102792,1004,12,2,35,2022-05-15,2023-05-15,Expired,EUR,5664.18
102793,128,11,3,19,2024-07-07,2025-07-07,Active,EUR,844.48
102794,1258,8,5,10,2022-12-13,2023-12-13,Expired,GBP,9547.3
102795,745,6,3,1,2024-07-07,2025-07-07,Expired,GBP,510.14
102796,849,11,6,30,2023-10-03,2024-10-02,Expired,EUR,7156.75
102797,1449,3,3,36,2025-04-12,2026-04-12,Active,EUR,2047.59
102798,961,7,5,5,2023-09-22,2024-09-21,Expired,GBP,5592.22
102799,34,10,4,28,2024-11-06,2025-11-06,Expired,EUR,4830.21
102800,266,12,4,2,2024-10-17,2025-10-17,Expired,EUR,3204.01
102801,640,4,2,32,2022-09-12,2023-09-12,Expired,EUR,4620.76
102802,56,2,5,2,2025-04-10,2026-04-10,Expired,GBP,3087.64
102803,252,5,8,40,2024-06-13,2025-06-13,Active,EUR,5627.74
102804,1188,11,6,7,2022-05-09,2023-05-09,Cancelled,GBP,16965.78
102805,215,7,6,17,2022-01-08,2023-01-08,Active,EUR,1204.8
102806,251,1,7,28,2022-11-22,2023-11-22,Expired,EUR,301.54
102807,758,2,1,34,2022-01-20,2023-01-20,Expired,EUR,2412.08
102808,137,5,7,15,2023-03-06,2024-03-05,Expired,EUR,2291.54
102809,384,5,2,40,2025-04-10,2026-04-10,Expired,EUR,2482.01
102810,1407,2,6,1,2023-07-29,2024-07-28,Active,GBP,1644.47
102811,948,6,8,19,2022-01-29,2023-01-29,Expired,GBP,6338.04
102812,1446,6,8,40,2023-08-16,2024-08-15,Expired,GBP,1169.12
102813,532,3,4,11,2022-09-20,2023-09-20,Active,EUR,4619.68
102814,925,3,7,22,2024-10-24,2025-10-24,Active,GBP,5317.98
102815,358,8,5,18,2022-04-19,2023-04-19,Cancelled,EUR,4177.0
102816,568,12,2,16,2024-07-13,2025-07-13,Active,EUR,4747.42
102817,262,12,2,31,2023-06-20,2024-06-19,Active,EUR,6714.0
102818,1250,7,8,21,2022-01-23,2023-01-23,Active,EUR,3429.51
102819,277,1,8,29,2024-03-18,2025-03-18,Expired,EUR,2540.53
102820,308,11,8,21,2023-07-01,2024-06-30,Expired,EUR,4744.67
102821,696,12,4,40,2024-07-14,2025-07-14,Expired,EUR,5168.17
102822,645,4,3,19,2024-01-12,2025-01-11,Expired,EUR,6420.56
102823,471,5,7,32,2024-08-02,2025-08-02,Active,GBP,912.06
102824,536,1,1,25,2023-07-07,2024-07-06,Expired,GBP,2870.82
102825,443,10,8,33,2022-01-10,2023-01-10,Active,EUR,1481.74
102826,1370,10,5,36,2022-06-06,2023-06-06,Expired,EUR,5017.68
102827,871,1,6,10,2023-07-05,2024-07-04,Active,EUR,5681.85
102828,1380,9,4,13,2023-04-22,2024-04-21,Active,EUR,2681.66
102829,1481,5,8,13,2024-08-11,2025-08-11,Expired,EUR,1906.55
102830,977,7,6,20,2023-05-09,2024-05-08,Active,EUR,5155.0
102831,1239,3,1,20,2024-10-29,2025-10-29,Expired,EUR,2981.16
102832,167,10,5,1,2022-08-14,2023-08-14,Expired,EUR,9603.18
102833,1425,5,7,36,2023-04-07,2024-04-06,Cancelled,EUR,12452.97
102834,724,11,1,35,2024-06-26,2025-06-26,Active,GBP,6978.11
102835,1071,2,6,25,2022-05-29,2023-05-29,Expired,GBP,3922.53
102836,368,8,2,13,2023-01-21,2024-01-21,Expired,EUR,12954.28
102837,144,4,5,34,2024-06-21,2025-06-21,Active,EUR,3946.33
102838,1328,12,8,11,2023-12-08,2024-12-07,Expired,EUR,2299.86
102839,675,7,4,13,2024-07-22,2025-07-22,Expired,EUR,1985.24
102840,208,9,1,40,2023-09-11,2024-09-10,Expired,GBP,1943.75
102841,988,2,1,37,2024-10-28,2025-10-28,Cancelled,EUR,3278.77
102842,82,9,6,24,2024-11-18,2025-11-18,Expired,EUR,4662.54
102843,676,2,8,7,2025-03-15,2026-03-15,Active,EUR,1139.83
102844,1057,5,3,5,2022-05-27,2023-05-27,Cancelled,GBP,2352.67
102845,1081,3,8,39,2023-12-11,2024-12-10,Active,EUR,3864.7
102846,680,1,4,11,2022-05-18,2023-05-18,Expired,EUR,5338.61
102847,555,8,1,28,2022-10-02,2023-10-02,Expired,EUR,3231.04
102848,1258,3,5,15,2022-12-27,2023-12-27,Expired,EUR,3957.55
102849,278,7,8,20,2024-02-15,2025-02-14,Expired,EUR,1301.29
102850,112,10,3,40,2023-06-02,2024-06-01,Active,GBP,1662.64
102851,236,3,8,24,2024-11-03,2025-11-03,Expired,GBP,3147.47
102852,1202,9,6,18,2022-12-25,2023-12-25,Active,EUR,4831.51
102853,705,4,4,17,2024-01-11,2025-01-10,Expired,GBP,3918.55
102854,57,4,6,10,2024-07-04,2025-07-04,Expired,EUR,1743.03
102855,254,7,4,23,2025-03-22,2026-03-22,Active,GBP,2758.88
102856,43,8,1,23,2022-10-22,2023-10-22,Expired,GBP,10238.18
102857,1222,8,7,4,2024-05-30,2025-05-30,Expired,EUR,4955.2
102858,692,3,3,17,2022-04-12,2023-04-12,Expired,GBP,2916.39
102859,103,7,5,26,2023-10-15,2024-10-14,Cancelled,EUR,1526.33
102860,332,4,6,3,2023-05-12,2024-05-11,Expired,GBP,1929.41
102861,925,4,1,40,2025-02-24,2026-02-24,Expired,GBP,3310.79
102862,891,12,6,35,2024-07-17,2025-07-17,Active,GBP,4051.98
102863,1229,2,3,26,2025-01-17,2026-01-17,Active,GBP,5035.02
102864,39,5,5,1,2024-10-17,2025-10-17,Active,EUR,4407.18
102865,105,6,4,21,2023-05-08,2024-05-07,Active,EUR,2495.7
102866,54,3,7,36,2024-05-30,2025-05-30,Active,EUR,2245.47
102867,592,10,2,1,2022-02-06,2023-02-06,Expired,GBP,15294.39
102868,1091,6,1,32,2023-11-01,2024-10-31,Expired,GBP,2170.36
102869,995,9,4,34,2022-02-26,2023-02-26,Active,GBP,1250.4
102870,316,5,1,4,2024-05-19,2025-05-19,Expired,EUR,963.88
102871,986,11,2,10,2025-03-06,2026-03-06,Expired,GBP,2527.81
102872,985,9,6,29,2024-03-28,2025-03-28,Active,GBP,6667.42
102873,288,4,7,37,2024-10-04,2025-10-04,Expired,EUR,2138.88
102874,1125,12,6,31,2022-10-09,2023-10-09,Active,EUR,9977.98
102875,634,11,3,22,2025-04-07,2026-04-07,Expired,EUR,3276.53
102876,89,8,7,25,2023-10-23,2024-10-22,Expired,GBP,7571.67
102877,586,1,4,21,2024-03-20,2025-03-20,Active,EUR,1866.29
102878,1155,8,2,24,2024-07-13,2025-07-13,Active,GBP,1888.12
102879,1045,9,7,31,2024-02-07,2025-02-06,Expired,EUR,3527.29
102880,403,5,5,2,2023-01-16,2024-01-16,Active,EUR,4731.11
102881,1136,2,3,9,2024-01-04,2025-01-03,Expired,GBP,2880.68
102882,585,7,6,3,2024-02-24,2025-02-23,Expired,EUR,4102.49
102883,691,10,6,32,2024-10-25,2025-10-25,Active,EUR,5122.33
102884,130,4,2,30,2023-08-01,2024-07-31,Expired,EUR,1135.26
102885,1496,6,1,3,2023-08-26,2024-08-25,Expired,GBP,2551.14
102886,1258,1,5,5,2023-08-27,2024-08-26,Active,EUR,2232.75
102887,293,9,1,11,2022-05-18,2023-05-18,Cancelled,GBP,2315.56
102888,842,11,6,10,2022-04-19,2023-04-19,Expired,EUR,4470.07
102889,1171,10,4,21,2022-01-25,2023-01-25,Expired,GBP,2256.13
102890,757,6,2,20,2024-03-10,2025-03-10,Active,GBP,732.3
102891,317,1,5,15,2023-05-18,2024-05-17,Active,EUR,2758.97
102892,1453,6,4,7,2024-11-04,2025-11-04,Expired,EUR,1482.81
102893,404,12,4,26,2024-04-22,2025-04-22,Expired,EUR,4780.25
102894,502,2,2,32,2022-06-19,2023-06-19,Active,EUR,6028.62
102895,558,3,6,26,2022-05-01,2023-05-01,Expired,EUR,644.76
102896,1337,11,8,33,2023-03-16,2024-03-15,Expired,EUR,1843.32
102897,751,7,5,37,2025-01-10,2026-01-10,Active,GBP,4294.24
102898,1080,3,2,34,2022-02-28,2023-02-28,Expired,GBP,1145.21
102899,1352,1,7,27,2022-08-13,2023-08-13,Expired,EUR,5925.35
102900,1393,5,1,2,2022-02-05,2023-02-05,Expired,GBP,7237.18
102901,1285,8,3,14,2023-05-12,2024-05-11,Expired,EUR,2917.52
102902,1362,11,1,18,2025-04-02,2026-04-02,Expired,EUR,1843.77
102903,1423,11,7,29,2024-03-31,2025-03-31,Cancelled,GBP,582.35
102904,1487,6,1,34,2023-08-16,2024-08-15,Expired,EUR,6066.39
102905,965,6,5,26,2022-06-23,2023-06-23,Active,EUR,14792.9
102906,198,12,2,15,2023-03-03,2024-03-02,Expired,EUR,12666.78
102907,170,10,2,32,2023-09-22,2024-09-21,Cancelled,EUR,2846.28
102908,1195,3,5,28,2022-11-26,2023-11-26,Expired,GBP,1451.7
102909,475,9,7,32,2024-04-26,2025-04-26,Active,GBP,6174.72
102910,1207,9,1,24,2025-03-22,2026-03-22,Active,GBP,2995.45
102911,1403,3,2,26,2022-09-05,2023-09-05,Active,EUR,4715.45
102912,967,12,3,14,2022-10-30,2023-10-30,Expired,GBP,4134.26
102913,1147,4,8,16,2022-06-01,2023-06-01,Cancelled,EUR,3532.47
102914,419,7,1,12,2024-05-20,2025-05-20,Expired,GBP,7125.14
102915,652,6,2,11,2023-07-09,2024-07-08,Active,EUR,7326.48
102916,1448,9,4,27,2022-12-07,2023-12-07,Expired,EUR,2226.05
102917,1226,11,3,16,2022-09-21,2023-09-21,Active,GBP,1648.57
102918,307,5,1,6,2022-03-26,2023-03-26,Expired,EUR,505.56
102919,1405,5,5,2,2023-07-26,2024-07-25,Active,EUR,2541.17
102920,750,10,5,35,2024-03-30,2025-03-30,Expired,EUR,1451.0
102921,1266,12,2,18,2022-10-10,2023-10-10,Expired,EUR,4511.56
102922,783,11,6,24,2022-01-02,2023-01-02,Active,EUR,2560.86
102923,906,10,1,37,2023-07-22,2024-07-21,Active,EUR,2777.84
102924,243,9,6,5,2024-03-21,2025-03-21,Expired,EUR,6057.03
102925,508,10,3,38,2023-02-18,2024-02-18,Active,EUR,4437.92
102926,1084,12,2,29,2022-10-28,2023-10-28,Expired,EUR,3018.4
102927,1264,1,2,26,2022-07-05,2023-07-05,Active,GBP,11670.5
102928,134,8,7,18,2024-06-14,2025-06-14,Active,EUR,5730.81
102929,116,1,5,29,2024-10-30,2025-10-30,Active,GBP,2411.74
102930,1040,7,6,9,2024-07-12,2025-07-12,Expired,EUR,2493.79
102931,671,5,2,13,2023-09-14,2024-09-13,Expired,GBP,5950.82
102932,1273,4,1,39,2024-05-18,2025-05-18,Active,EUR,3835.8
102933,103,11,1,12,2023-04-22,2024-04-21,Expired,GBP,1421.02
102934,525,9,4,29,2022-01-30,2023-01-30,Active,GBP,6444.84
102935,54,7,3,38,2023-03-18,2024-03-17,Expired,GBP,8458.47
102936,1065,11,7,24,2024-04-24,2025-04-24,Active,EUR,7990.76
102937,1287,2,7,12,2024-02-16,2025-02-15,Expired,GBP,10478.3
102938,236,8,3,34,2025-04-03,2026-04-03,Active,GBP,15551.29
102939,486,2,4,34,2025-04-11,2026-04-11,Expired,GBP,12057.83
102940,1269,3,4,22,2022-10-19,2023-10-19,Expired,GBP,4253.5
102941,63,3,6,5,2022-01-12,2023-01-12,Expired,EUR,2817.71
102942,1429,7,6,18,2022-11-26,2023-11-26,Expired,EUR,835.31
102943,1331,8,6,18,2024-11-17,2025-11-17,Active,EUR,3321.43
102944,230,10,1,8,2024-09-03,2025-09-03,Expired,EUR,4862.71
102945,209,6,3,17,2022-04-29,2023-04-29,Expired,EUR,3403.86
102946,1038,12,8,7,2022-07-12,2023-07-12,Expired,EUR,799.38
102947,16,5,3,28,2023-11-08,2024-11-07,Expired,GBP,2657.22
102948,759,2,2,18,2024-03-03,2025-03-03,Expired,EUR,5345.44
102949,99,1,2,30,2025-03-24,2026-03-24,Expired,EUR,1526.24
102950,798,2,1,19,2024-06-25,2025-06-25,Expired,EUR,3730.39
102951,526,6,7,29,2022-09-12,2023-09-12,Expired,EUR,4553.81
102952,1060,5,1,30,2022-02-14,2023-02-14,Expired,GBP,7619.57
102953,1322,11,5,7,2024-01-31,2025-01-30,Expired,EUR,11901.91
102954,734,2,4,18,2023-10-27,2024-10-26,Expired,EUR,2481.53
102955,963,4,1,30,2025-01-11,2026-01-11,Expired,GBP,3781.28
102956,901,12,8,24,2023-11-23,2024-11-22,Active,GBP,3871.13
102957,1478,1,6,9,2023-08-25,2024-08-24,Expired,EUR,5361.67
102958,347,6,7,34,2022-12-31,2023-12-31,Expired,GBP,4929.79
102959,359,3,8,8,2022-04-14,2023-04-14,Active,EUR,9592.67
102960,568,7,8,40,2024-11-17,2025-11-17,Expired,GBP,573.37
102961,1106,12,6,29,2024-09-18,2025-09-18,Active,GBP,4507.58
102962,1298,3,5,13,2022-07-15,2023-07-15,Active,EUR,4748.38
102963,418,5,6,8,2024-04-24,2025-04-24,Expired,EUR,2761.63
102964,165,6,4,37,2023-03-14,2024-03-13,Expired,EUR,603.05
102965,913,10,2,21,2023-06-09,2024-06-08,Expired,EUR,3147.15
102966,897,12,4,33,2024-10-15,2025-10-15,Active,GBP,1933.49
102967,563,2,4,34,2024-10-07,2025-10-07,Expired,EUR,11596.59
102968,277,6,1,3,2022-08-17,2023-08-17,Active,GBP,4365.41
102969,1275,10,7,28,2023-01-05,2024-01-05,Cancelled,GBP,1814.18
102970,1270,1,8,14,2024-09-12,2025-09-12,Active,GBP,706.64
102971,1122,10,4,37,2025-01-05,2026-01-05,Expired,EUR,5130.52
102972,869,3,4,9,2022-04-05,2023-04-05,Active,GBP,5553.1
102973,393,7,7,2,2024-09-27,2025-09-27,Active,GBP,2802.22
102974,605,12,4,27,2023-08-11,2024-08-10,Expired,EUR,5181.02
102975,103,8,6,23,2023-12-10,2024-12-09,Expired,GBP,2537.15
102976,375,12,5,23,2022-04-01,2023-04-01,Cancelled,EUR,7334.99
102977,676,8,3,11,2024-03-27,2025-03-27,Expired,EUR,6936.23
102978,656,3,7,20,2024-03-24,2025-03-24,Active,GBP,963.72
102979,121,9,2,39,2024-03-06,2025-03-06,Active,EUR,1157.02
102980,1437,8,2,31,2024-08-06,2025-08-06,Expired,EUR,15115.28
102981,403,4,6,40,2025-02-09,2026-02-09,Active,EUR,6628.59
102982,764,1,6,14,2024-10-16,2025-10-16,Expired,EUR,1278.21
102983,698,8,8,35,2024-06-12,2025-06-12,Expired,EUR,1014.56
102984,705,7,6,16,2025-03-23,2026-03-23,Expired,EUR,3850.0
102985,1268,10,1,38,2024-03-20,2025-03-20,Expired,EUR,1398.65
102986,1120,2,7,35,2024-03-17,2025-03-17,Active,EUR,2597.93
102987,1302,7,4,7,2023-10-13,2024-10-12,Expired,GBP,3179.7
102988,569,10,1,39,2024-07-11,2025-07-11,Expired,GBP,3078.42
102989,398,11,5,25,2022-03-27,2023-03-27,Expired,GBP,7668.71
102990,642,12,2,32,2023-08-30,2024-08-29,Expired,EUR,13043.79
102991,843,3,4,24,2023-05-26,2024-05-25,Expired,GBP,2300.34
102992,506,3,4,9,2024-12-31,2025-12-31,Active,EUR,1410.93
102993,691,7,1,40,2022-03-29,2023-03-29,Expired,GBP,4410.02
102994,227,6,7,5,2024-02-12,2025-02-11,Active,EUR,11199.34
102995,876,3,5,33,2022-08-10,2023-08-10,Expired,GBP,2434.72
102996,1071,2,8,9,2024-11-26,2025-11-26,Active,EUR,6233.97
102997,791,2,4,32,2024-10-19,2025-10-19,Expired,EUR,1758.38
102998,1310,5,5,17,2022-10-10,2023-10-10,Active,EUR,3347.45
102999,1494,9,7,10,2024-11-12,2025-11-12,Active,EUR,1378.21
103000,1359,1,2,10,2023-08-20,2024-08-19,Expired,EUR,3321.34
103001,140,2,8,13,2025-03-11,2026-03-11,Active,GBP,3018.93
103002,1322,4,2,37,2024-05-25,2025-05-25,Expired,EUR,5198.33
103003,501,11,8,31,2022-02-11,2023-02-11,Active,EUR,12500.78
103004,678,12,6,27,2022-09-01,2023-09-01,Active,GBP,2461.01
103005,618,6,5,26,2023-04-30,2024-04-29,Active,EUR,735.24
103006,427,1,2,17,2022-09-11,2023-09-11,Expired,EUR,2831.1
103007,1316,1,5,37,2022-06-08,2023-06-08,Active,GBP,4123.63
103008,957,11,5,11,2025-03-19,2026-03-19,Active,GBP,3833.08
103009,1451,6,8,38,2024-11-08,2025-11-08,Expired,EUR,2927.58
103010,1433,1,7,16,2023-06-06,2024-06-05,Expired,EUR,10054.61
103011,630,11,4,14,2022-09-16,2023-09-16,Expired,EUR,3648.83
103012,1091,7,4,20,2022-08-07,2023-08-07,Active,EUR,3045.45
103013,754,5,4,30,2025-01-03,2026-01-03,Expired,GBP,1838.53
103014,743,6,4,29,2023-02-02,2024-02-02,Expired,GBP,888.88
103015,1110,3,1,31,2022-01-16,2023-01-16,Expired,GBP,4217.19
103016,1034,12,1,4,2023-04-22,2024-04-21,Active,GBP,3960.25
103017,1368,10,7,7,2023-06-30,2024-06-29,Active,GBP,1488.47
103018,1159,3,3,34,2024-01-18,2025-01-17,Expired,GBP,3186.63
103019,934,9,4,40,2023-02-11,2024-02-11,Active,EUR,2957.53
103020,1379,3,6,6,2025-01-12,2026-01-12,Expired,EUR,2062.4
103021,154,6,5,37,2024-02-12,2025-02-11,Active,GBP,1817.14
103022,1145,9,3,11,2025-03-29,2026-03-29,Active,EUR,4464.05
103023,589,1,7,40,2023-03-17,2024-03-16,Active,GBP,2781.21
103024,650,9,2,40,2024-02-22,2025-02-21,Active,EUR,2114.88
103025,1173,3,4,26,2023-03-15,2024-03-14,Expired,EUR,1726.32
103026,411,9,1,8,2024-04-19,2025-04-19,Active,EUR,2988.45
103027,1326,6,5,32,2024-06-13,2025-06-13,Expired,GBP,6590.36
103028,750,1,1,5,2023-01-22,2024-01-22,Active,GBP,3846.74
103029,524,10,8,14,2025-01-30,2026-01-30,Expired,EUR,2757.72
103030,493,4,6,26,2024-10-25,2025-10-25,Cancelled,GBP,4152.09
103031,632,12,2,3,2024-12-09,2025-12-09,Expired,EUR,9166.3
103032,1415,11,5,16,2022-09-19,2023-09-19,Expired,EUR,4759.08
103033,154,3,3,32,2024-05-11,2025-05-11,Expired,GBP,4004.41
103034,762,8,5,4,2022-05-08,2023-05-08,Expired,EUR,5318.24
103035,1253,5,2,15,2022-05-07,2023-05-07,Cancelled,EUR,2926.29
103036,709,8,5,1,2025-03-13,2026-03-13,Expired,EUR,3782.16
103037,850,7,1,27,2022-07-03,2023-07-03,Active,EUR,2283.09
103038,523,4,2,4,2024-11-02,2025-11-02,Expired,EUR,1029.76
103039,205,8,5,12,2023-06-01,2024-05-31,Active,GBP,4260.44
103040,960,4,5,21,2022-12-31,2023-12-31,Expired,GBP,4272.74
103041,1380,11,3,9,2022-03-30,2023-03-30,Active,GBP,2655.04
103042,781,12,1,10,2024-03-21,2025-03-21,Active,EUR,7164.3
103043,649,2,4,34,2024-05-15,2025-05-15,Expired,EUR,1917.54
103044,194,9,8,32,2023-07-15,2024-07-14,Expired,GBP,872.59
103045,1418,12,6,4,2024-08-29,2025-08-29,Expired,EUR,1953.08
103046,1304,2,1,35,2023-01-23,2024-01-23,Expired,GBP,1037.22
103047,1353,9,8,19,2023-10-25,2024-10-24,Expired,EUR,4245.13
103048,539,12,4,6,2022-12-11,2023-12-11,Expired,EUR,1874.21
103049,938,3,5,37,2023-11-30,2024-11-29,Cancelled,GBP,6894.76
103050,649,7,1,14,2022-06-13,2023-06-13,Active,GBP,6787.58
103051,352,10,3,14,2023-07-26,2024-07-25,Active,GBP,1646.27
103052,309,5,7,6,2023-10-22,2024-10-21,Expired,EUR,1797.08
103053,576,3,3,36,2023-10-30,2024-10-29,Expired,EUR,4918.85
103054,831,5,2,12,2023-06-20,2024-06-19,Expired,EUR,6869.73
103055,184,5,1,24,2024-02-12,2025-02-11,Active,EUR,728.17
103056,1054,9,8,10,2023-09-07,2024-09-06,Active,EUR,4069.41
103057,687,5,7,36,2022-12-06,2023-12-06,Active,EUR,633.85
103058,1322,5,1,32,2022-09-16,2023-09-16,Expired,EUR,2183.34
103059,419,12,8,21,2024-02-17,2025-02-16,Expired,EUR,7481.9
103060,78,7,7,14,2025-01-31,2026-01-31,Expired,EUR,31486.92
103061,469,12,3,27,2024-06-22,2025-06-22,Active,GBP,2754.2
103062,1460,9,6,20,2024-02-06,2025-02-05,Active,GBP,1292.93
103063,483,11,3,38,2025-01-10,2026-01-10,Active,GBP,2241.46
103064,1056,3,2,27,2024-12-15,2025-12-15,Expired,EUR,3461.83
103065,1265,12,6,2,2023-08-31,2024-08-30,Expired,EUR,1992.85
103066,427,12,2,33,2022-05-12,2023-05-12,Active,EUR,1646.46
103067,964,1,3,8,2024-02-01,2025-01-31,Expired,GBP,2391.95
103068,307,5,3,13,2024-01-18,2025-01-17,Expired,EUR,4432.34
103069,544,5,2,18,2022-11-29,2023-11-29,Active,EUR,2901.38
103070,445,6,7,9,2024-10-16,2025-10-16,Expired,EUR,1700.7
103071,1009,10,6,38,2024-11-09,2025-11-09,Expired,EUR,1993.11
103072,1314,9,7,40,2023-02-02,2024-02-02,Expired,GBP,2415.37
103073,379,3,5,7,2023-07-27,2024-07-26,Active,GBP,1556.87
103074,438,8,2,13,2022-08-23,2023-08-23,Active,EUR,1938.44
103075,1232,12,3,15,2022-08-03,2023-08-03,Expired,GBP,5338.64
103076,695,6,3,27,2022-11-15,2023-11-15,Active,EUR,2771.82
103077,770,12,8,24,2023-03-15,2024-03-14,Expired,EUR,884.38
103078,1059,8,2,28,2022-11-24,2023-11-24,Expired,GBP,7106.12
103079,207,12,6,2,2022-07-01,2023-07-01,Expired,EUR,4503.18
103080,1308,11,1,21,2023-06-21,2024-06-20,Expired,GBP,1167.54
103081,548,1,8,9,2024-01-19,2025-01-18,Active,EUR,2504.8
103082,988,10,6,10,2023-01-27,2024-01-27,Active,EUR,1818.79
103083,649,3,4,31,2023-10-03,2024-10-02,Active,EUR,5473.53
103084,1130,10,3,6,2022-11-22,2023-11-22,Expired,GBP,2493.05
103085,918,10,3,2,2024-04-24,2025-04-24,Expired,EUR,3119.48
103086,260,4,2,20,2024-02-18,2025-02-17,Expired,EUR,2858.65
103087,282,1,5,30,2025-02-26,2026-02-26,Expired,EUR,1085.61
103088,1317,6,7,21,2022-03-05,2023-03-05,Expired,EUR,9452.62
103089,780,4,2,7,2024-10-20,2025-10-20,Active,EUR,5414.02
103090,414,7,6,31,2023-02-13,2024-02-13,Active,EUR,1880.82
103091,215,1,5,16,2022-03-21,2023-03-21,Expired,EUR,3804.33
103092,193,1,7,29,2024-04-07,2025-04-07,Active,EUR,6840.31
103093,1380,6,7,9,2022-07-26,2023-07-26,Expired,EUR,3435.12
103094,1465,10,1,37,2022-07-31,2023-07-31,Active,EUR,10588.94
103095,591,4,1,12,2025-03-21,2026-03-21,Expired,GBP,29389.36
103096,303,4,8,39,2022-09-23,2023-09-23,Active,EUR,2997.12
103097,629,2,2,16,2023-10-19,2024-10-18,Expired,GBP,2128.35
103098,205,4,5,30,2022-08-29,2023-08-29,Active,GBP,1568.61
103099,825,4,7,21,2022-05-29,2023-05-29,Expired,EUR,626.29
103100,940,4,5,4,2022-01-02,2023-01-02,Expired,GBP,8401.02
103101,1478,5,1,4,2022-01-20,2023-01-20,Expired,GBP,2527.23
103102,479,4,1,17,2023-07-23,2024-07-22,Active,EUR,6351.95
103103,297,9,6,8,2023-06-05,2024-06-04,Expired,EUR,7385.98
103104,201,5,8,25,2022-02-16,2023-02-16,Expired,GBP,1464.5
103105,566,10,3,6,2023-02-24,2024-02-24,Active,EUR,1639.08
103106,902,8,5,24,2022-11-24,2023-11-24,Expired,GBP,12191.75
103107,100,8,8,9,2023-11-17,2024-11-16,Expired,EUR,3125.82
103108,1139,8,7,8,2025-04-08,2026-04-08,Expired,GBP,2007.78
103109,691,12,5,15,2024-04-09,2025-04-09,Expired,GBP,1504.36
103110,1190,4,6,24,2025-01-07,2026-01-07,Expired,EUR,2962.85
103111,696,12,8,16,2022-08-19,2023-08-19,Expired,EUR,10207.94
103112,234,3,7,14,2022-09-16,2023-09-16,Active,EUR,5508.67
103113,33,2,4,14,2024-06-19,2025-06-19,Expired,EUR,3775.63
103114,836,10,6,14,2023-01-08,2024-01-08,Active,EUR,10844.25
103115,810,11,3,17,2024-10-15,2025-10-15,Active,EUR,9384.66
103116,1221,2,8,34,2023-07-11,2024-07-10,Active,GBP,4232.68
103117,1316,8,1,24,2022-08-29,2023-08-29,Expired,EUR,26425.63
103118,242,7,2,17,2024-10-10,2025-10-10,Active,EUR,2736.49
103119,473,3,3,30,2023-10-23,2024-10-22,Active,GBP,7506.48
103120,312,7,2,22,2024-08-21,2025-08-21,Active,EUR,2453.46
103121,161,9,5,38,2023-06-27,2024-06-26,Active,GBP,6484.28
103122,4,7,6,23,2022-06-01,2023-06-01,Cancelled,EUR,2734.52
103123,124,7,8,9,2024-03-28,2025-03-28,Expired,EUR,4656.53
103124,787,11,5,23,2022-05-30,2023-05-30,Expired,EUR,19783.47
103125,228,3,5,31,2024-03-06,2025-03-06,Expired,GBP,6727.03
103126,293,8,5,9,2023-05-16,2024-05-15,Active,GBP,4710.88
103127,177,4,1,9,2024-08-07,2025-08-07,Expired,EUR,1842.67
103128,1087,12,6,24,2024-11-10,2025-11-10,Cancelled,EUR,3793.98
103129,954,4,1,36,2023-05-04,2024-05-03,Expired,EUR,1546.88
103130,1444,11,5,14,2024-11-24,2025-11-24,Expired,EUR,6407.55
103131,168,8,8,21,2022-05-14,2023-05-14,Expired,EUR,6288.06
103132,314,3,7,27,2022-05-09,2023-05-09,Expired,EUR,2879.22
103133,684,10,5,27,2025-04-07,2026-04-07,Active,EUR,11471.82
103134,974,3,3,6,2023-11-21,2024-11-20,Expired,GBP,10323.44
103135,196,4,7,16,2023-06-25,2024-06-24,Active,EUR,3685.77
103136,318,5,7,40,2022-07-06,2023-07-06,Expired,EUR,5034.82
103137,633,9,3,36,2022-12-13,2023-12-13,Expired,EUR,2118.91
103138,28,5,1,31,2024-04-03,2025-04-03,Expired,GBP,2686.15
103139,593,7,5,1,2024-09-13,2025-09-13,Active,EUR,1467.76
103140,1138,7,6,17,2025-01-04,2026-01-04,Expired,EUR,2301.34
103141,790,3,8,3,2023-05-05,2024-05-04,Cancelled,EUR,3046.38
103142,652,3,8,13,2023-06-30,2024-06-29,Expired,EUR,948.35
103143,732,4,2,35,2022-07-15,2023-07-15,Expired,EUR,5077.68
103144,1421,3,3,16,2022-04-10,2023-04-10,Expired,GBP,7091.1
103145,781,12,8,7,2023-06-10,2024-06-09,Expired,EUR,3274.96
103146,802,5,3,29,2023-11-27,2024-11-26,Active,GBP,435.75
103147,1397,5,4,31,2022-05-06,2023-05-06,Expired,EUR,2725.09
103148,237,9,3,27,2023-05-06,2024-05-05,Expired,GBP,1158.59
103149,144,10,4,33,2024-02-09,2025-02-08,Expired,GBP,2085.55
103150,675,9,5,29,2024-08-31,2025-08-31,Active,EUR,9788.39
103151,478,7,3,26,2025-01-31,2026-01-31,Active,GBP,530.67
103152,305,12,4,36,2023-02-13,2024-02-13,Active,EUR,1785.99
103153,180,11,3,13,2023-04-16,2024-04-15,Expired,GBP,6137.53
103154,1318,3,1,19,2024-11-15,2025-11-15,Expired,EUR,1946.05
103155,922,2,7,23,2024-04-11,2025-04-11,Expired,GBP,1837.53
103156,1037,5,8,27,2022-11-25,2023-11-25,Active,EUR,15128.03
103157,178,11,4,20,2024-04-02,2025-04-02,Active,EUR,4375.56
103158,512,12,2,18,2022-07-09,2023-07-09,Expired,EUR,6639.07
103159,932,9,6,7,2023-06-23,2024-06-22,Active,EUR,4774.3
103160,792,9,5,26,2023-01-03,2024-01-03,Active,EUR,3719.23
103161,1043,3,5,5,2025-04-06,2026-04-06,Active,EUR,8501.68
103162,1005,8,5,19,2022-02-11,2023-02-11,Expired,GBP,13752.97
103163,621,3,6,17,2024-10-25,2025-10-25,Expired,EUR,932.03
103164,1175,7,1,32,2022-12-04,2023-12-04,Active,EUR,3208.35
103165,390,3,1,20,2022-02-13,2023-02-13,Active,EUR,3189.44
103166,121,1,1,1,2024-03-03,2025-03-03,Cancelled,GBP,2387.6
103167,1371,12,2,21,2024-03-24,2025-03-24,Expired,EUR,6876.02
103168,34,11,8,9,2022-06-20,2023-06-20,Expired,EUR,3994.47
103169,426,9,6,16,2022-02-15,2023-02-15,Active,EUR,13962.14
103170,172,8,6,12,2022-05-14,2023-05-14,Active,EUR,7519.09
103171,348,3,6,7,2023-05-06,2024-05-05,Expired,EUR,9168.48
103172,593,7,1,38,2022-06-08,2023-06-08,Expired,GBP,1340.27
103173,195,9,2,11,2024-04-23,2025-04-23,Expired,EUR,1799.81
103174,701,7,7,21,2022-04-04,2023-04-04,Expired,EUR,1914.54
103175,1391,4,4,34,2024-08-04,2025-08-04,Active,EUR,8886.95
103176,205,5,5,15,2024-11-15,2025-11-15,Expired,EUR,1594.98
103177,1390,11,7,38,2024-05-10,2025-05-10,Active,EUR,1630.35
103178,617,4,1,17,2025-02-06,2026-02-06,Active,GBP,1420.81
103179,889,12,7,38,2025-02-01,2026-02-01,Expired,EUR,25971.9
103180,663,10,6,19,2022-02-25,2023-02-25,Expired,GBP,2961.13
103181,475,11,4,1,2023-02-15,2024-02-15,Expired,EUR,4902.09
103182,164,7,4,35,2024-07-01,2025-07-01,Expired,GBP,1400.43
103183,891,3,1,35,2023-02-12,2024-02-12,Expired,EUR,6764.5
103184,1375,1,2,39,2024-06-03,2025-06-03,Expired,EUR,871.09
103185,782,7,2,5,2024-07-18,2025-07-18,Active,GBP,1580.9
103186,899,5,8,34,2025-04-11,2026-04-11,Expired,GBP,1903.54
103187,966,2,1,14,2023-01-31,2024-01-31,Expired,EUR,3882.19
103188,583,12,3,34,2023-02-22,2024-02-22,Expired,GBP,1817.45
103189,181,12,2,39,2022-01-30,2023-01-30,Expired,EUR,10331.97
103190,761,5,3,8,2022-12-09,2023-12-09,Expired,EUR,4805.02
103191,1304,9,1,15,2022-12-03,2023-12-03,Active,GBP,1964.12
103192,472,5,3,11,2023-06-28,2024-06-27,Active,EUR,6961.94
103193,1308,6,6,13,2023-05-21,2024-05-20,Expired,GBP,2452.93
103194,1282,8,7,24,2024-10-24,2025-10-24,Active,GBP,2115.77
103195,368,5,4,17,2024-07-17,2025-07-17,Expired,GBP,6450.17
103196,863,10,6,27,2024-05-24,2025-05-24,Active,EUR,523.42
103197,1122,3,5,27,2022-01-07,2023-01-07,Active,EUR,5716.5
103198,743,9,8,9,2023-07-20,2024-07-19,Expired,GBP,1929.81
103199,1050,12,7,2,2024-05-25,2025-05-25,Expired,EUR,1927.63
103200,1367,11,2,30,2022-10-21,2023-10-21,Expired,EUR,14308.41
103201,941,1,5,8,2023-05-25,2024-05-24,Active,EUR,2211.86
103202,1257,2,7,8,2024-05-22,2025-05-22,Expired,EUR,6747.56
103203,1202,8,3,25,2024-08-11,2025-08-11,Expired,EUR,4062.01
103204,1220,12,5,11,2024-10-22,2025-10-22,Expired,EUR,4390.7
103205,1279,11,4,8,2023-05-31,2024-05-30,Active,GBP,2730.1
103206,339,11,3,13,2023-04-25,2024-04-24,Active,EUR,2625.33
103207,28,2,2,21,2023-04-05,2024-04-04,Expired,GBP,10362.94
103208,230,7,1,34,2024-03-13,2025-03-13,Cancelled,EUR,6619.96
103209,375,9,6,40,2023-05-19,2024-05-18,Expired,EUR,2264.79
103210,1036,8,7,30,2023-04-26,2024-04-25,Expired,GBP,1503.56
103211,765,10,6,36,2022-07-21,2023-07-21,Expired,GBP,2125.25
103212,703,3,2,22,2023-07-29,2024-07-28,Expired,EUR,6878.26
103213,14,6,1,17,2022-10-12,2023-10-12,Expired,EUR,7974.62
103214,1026,6,6,33,2023-09-22,2024-09-21,Expired,EUR,4995.07
103215,547,12,2,13,2024-12-02,2025-12-02,Expired,EUR,979.87
103216,1141,3,5,33,2024-07-19,2025-07-19,Expired,GBP,5798.38
103217,170,4,8,40,2023-07-28,2024-07-27,Expired,GBP,8757.66
103218,443,1,1,16,2025-03-19,2026-03-19,Active,EUR,3752.46
103219,83,2,5,26,2025-03-22,2026-03-22,Active,EUR,14542.81
103220,427,12,8,32,2023-06-18,2024-06-17,Cancelled,EUR,1223.26
103221,1386,11,3,32,2024-07-05,2025-07-05,Expired,GBP,5506.07
103222,737,4,7,9,2023-02-15,2024-02-15,Active,GBP,1532.77
103223,660,9,7,39,2024-11-20,2025-11-20,Expired,EUR,7287.43
103224,411,8,4,21,2023-03-25,2024-03-24,Expired,EUR,5216.83
103225,398,11,3,2,2022-11-06,2023-11-06,Expired,EUR,12721.09
103226,1001,4,6,5,2022-06-10,2023-06-10,Expired,GBP,4792.38
103227,1478,12,5,30,2024-10-08,2025-10-08,Active,EUR,2433.28
103228,1121,5,4,18,2022-12-23,2023-12-23,Expired,EUR,2279.47
103229,1106,9,2,5,2024-09-02,2025-09-02,Active,EUR,2730.85
103230,709,5,6,21,2022-04-14,2023-04-14,Expired,EUR,2246.11
103231,148,9,2,24,2023-08-25,2024-08-24,Active,EUR,9048.3
103232,1086,5,2,4,2023-05-29,2024-05-28,Expired,EUR,8576.05
103233,1214,11,1,15,2023-06-11,2024-06-10,Expired,EUR,1072.31
103234,766,8,4,19,2022-07-20,2023-07-20,Expired,EUR,3390.63
103235,138,4,1,32,2022-03-30,2023-03-30,Expired,EUR,3452.55
103236,1070,12,3,27,2023-02-20,2024-02-20,Expired,GBP,1833.59
103237,1382,9,2,4,2023-07-19,2024-07-18,Expired,EUR,4576.49
103238,338,6,4,25,2024-08-10,2025-08-10,Active,GBP,9854.05
103239,240,2,7,37,2023-07-09,2024-07-08,Active,GBP,6430.82
103240,1109,12,4,3,2022-10-23,2023-10-23,Expired,EUR,9048.02
103241,498,10,5,40,2022-11-11,2023-11-11,Active,GBP,1922.05
103242,1073,9,2,4,2024-01-05,2025-01-04,Expired,EUR,3385.92
103243,1055,10,1,25,2023-06-07,2024-06-06,Active,EUR,1855.23
103244,400,8,8,15,2024-12-17,2025-12-17,Expired,GBP,3942.51
103245,64,3,5,30,2023-06-12,2024-06-11,Active,GBP,4217.88
103246,834,3,1,34,2023-11-12,2024-11-11,Expired,GBP,6767.44
103247,612,1,5,35,2022-03-18,2023-03-18,Active,GBP,8823.01
103248,1283,1,1,35,2022-08-21,2023-08-21,Expired,GBP,5523.31
103249,537,9,1,33,2024-10-17,2025-10-17,Active,GBP,1728.26
103250,375,11,3,13,2023-02-18,2024-02-18,Expired,GBP,1194.96
103251,1291,2,6,19,2023-05-21,2024-05-20,Active,EUR,4865.94
103252,1104,7,5,29,2023-12-10,2024-12-09,Expired,GBP,10151.64
103253,928,2,7,7,2022-03-11,2023-03-11,Expired,GBP,3233.78
103254,1431,5,2,24,2023-08-31,2024-08-30,Cancelled,GBP,1047.81
103255,1175,10,2,22,2023-02-20,2024-02-20,Expired,GBP,15733.81
103256,1300,10,5,40,2022-06-28,2023-06-28,Expired,GBP,4755.48
103257,1199,12,7,2,2023-05-18,2024-05-17,Expired,GBP,3745.67
103258,603,4,6,4,2023-06-21,2024-06-20,Active,EUR,1372.0
103259,94,12,6,2,2022-08-12,2023-08-12,Expired,EUR,3334.78
103260,911,10,1,22,2023-10-14,2024-10-13,Active,GBP,5514.65
103261,1148,5,8,23,2024-06-14,2025-06-14,Expired,GBP,4804.29
103262,1488,4,8,24,2022-11-17,2023-11-17,Active,EUR,1978.48
103263,1023,2,5,10,2025-03-05,2026-03-05,Expired,EUR,3156.44
103264,853,12,3,13,2024-01-05,2025-01-04,Expired,GBP,2075.58
103265,864,3,6,17,2024-07-16,2025-07-16,Expired,EUR,11477.24
103266,173,4,6,2,2022-03-26,2023-03-26,Active,EUR,6445.62
103267,12,5,8,31,2024-07-09,2025-07-09,Expired,EUR,2223.3
103268,69,2,1,3,2023-02-08,2024-02-08,Expired,EUR,1371.48
103269,1358,10,5,27,2024-05-02,2025-05-02,Active,EUR,4057.66
103270,1186,9,6,19,2024-08-23,2025-08-23,Active,EUR,2276.48
103271,391,2,3,40,2022-10-28,2023-10-28,Cancelled,EUR,2407.32
103272,636,2,7,28,2022-11-08,2023-11-08,Expired,EUR,1406.12
103273,726,1,1,20,2022-03-13,2023-03-13,Active,EUR,1542.94
103274,371,12,1,29,2023-12-28,2024-12-27,Expired,GBP,3721.95
103275,635,6,7,5,2024-07-17,2025-07-17,Active,GBP,2696.85
103276,522,8,2,8,2023-05-08,2024-05-07,Cancelled,EUR,21426.54
103277,1043,2,4,20,2022-07-13,2023-07-13,Expired,EUR,5144.53
103278,1137,3,3,35,2023-01-15,2024-01-15,Expired,EUR,1388.85
103279,148,7,6,33,2023-04-29,2024-04-28,Active,GBP,1041.35
103280,698,3,1,16,2025-01-04,2026-01-04,Expired,EUR,4440.97
103281,1487,8,3,12,2022-05-29,2023-05-29,Active,GBP,2446.34
103282,1303,12,8,39,2023-02-16,2024-02-16,Expired,EUR,8942.82
103283,1191,4,3,23,2024-02-05,2025-02-04,Expired,EUR,4070.0
103284,1103,8,5,5,2022-10-12,2023-10-12,Expired,GBP,744.8
103285,7,11,8,9,2024-11-27,2025-11-27,Expired,EUR,1533.69
103286,1462,11,5,34,2024-12-27,2025-12-27,Active,GBP,1985.33
103287,1103,1,7,36,2023-04-02,2024-04-01,Active,GBP,4589.51
103288,1333,2,8,37,2024-06-14,2025-06-14,Expired,EUR,1495.83
103289,1364,12,5,1,2024-06-26,2025-06-26,Expired,GBP,3694.55
103290,382,12,7,33,2024-03-29,2025-03-29,Active,EUR,1209.41
103291,21,4,5,5,2022-08-12,2023-08-12,Expired,EUR,3309.79
103292,989,7,7,33,2022-03-01,2023-03-01,Expired,GBP,4348.21
103293,689,7,6,36,2023-02-21,2024-02-21,Expired,EUR,9858.93
103294,31,9,3,15,2022-06-07,2023-06-07,Expired,EUR,3960.72
103295,407,10,5,8,2022-12-17,2023-12-17,Active,EUR,1785.49
103296,1487,5,3,29,2024-02-06,2025-02-05,Active,EUR,10094.58
103297,546,11,4,3,2023-12-08,2024-12-07,Expired,EUR,2871.58
103298,392,1,3,24,2022-09-09,2023-09-09,Expired,EUR,5885.08
103299,982,1,4,14,2022-01-22,2023-01-22,Expired,GBP,2080.43
103300,998,12,3,17,2022-09-28,2023-09-28,Cancelled,GBP,3526.58
103301,499,3,6,34,2023-06-30,2024-06-29,Active,EUR,1806.32
103302,1274,12,3,40,2024-07-23,2025-07-23,Expired,GBP,4195.19
103303,871,4,4,17,2023-03-15,2024-03-14,Active,EUR,6020.17
103304,241,5,2,12,2022-12-10,2023-12-10,Active,EUR,2273.1
103305,488,1,4,34,2023-10-24,2024-10-23,Cancelled,GBP,2179.27
103306,1272,12,3,17,2022-03-27,2023-03-27,Cancelled,EUR,4305.35
103307,134,5,8,8,2022-09-28,2023-09-28,Active,GBP,1774.44
103308,19,3,4,37,2022-02-13,2023-02-13,Cancelled,GBP,1055.26
103309,985,6,1,40,2023-09-23,2024-09-22,Active,EUR,4293.67
103310,663,2,3,12,2023-06-16,2024-06-15,Cancelled,EUR,3038.83
103311,380,10,6,7,2023-12-01,2024-11-30,Expired,EUR,2990.98
103312,709,1,2,7,2024-01-11,2025-01-10,Active,GBP,4869.77
103313,276,6,2,24,2023-04-20,2024-04-19,Expired,EUR,5407.61
103314,562,5,3,13,2024-11-08,2025-11-08,Expired,EUR,2919.74
103315,351,1,3,25,2025-01-06,2026-01-06,Active,EUR,1419.41
103316,880,1,4,31,2022-05-13,2023-05-13,Active,GBP,2040.72
103317,1011,7,1,1,2025-01-09,2026-01-09,Expired,EUR,5108.82
103318,1373,5,6,35,2022-08-25,2023-08-25,Active,EUR,3649.34
103319,102,2,2,2,2022-10-26,2023-10-26,Active,EUR,2181.31
103320,491,2,6,5,2023-09-28,2024-09-27,Active,GBP,1829.34
103321,397,10,5,29,2022-02-05,2023-02-05,Expired,EUR,5236.28
103322,869,9,2,25,2023-03-13,2024-03-12,Active,EUR,2789.9
103323,800,8,4,40,2022-08-22,2023-08-22,Expired,EUR,5793.76
103324,1317,11,1,23,2023-08-03,2024-08-02,Active,EUR,6370.94
103325,1379,1,6,17,2024-09-04,2025-09-04,Active,GBP,2605.47
103326,1160,9,3,27,2025-01-13,2026-01-13,Expired,EUR,6715.92
103327,299,10,4,31,2022-09-12,2023-09-12,Active,EUR,3654.84
103328,62,3,2,27,2023-10-16,2024-10-15,Expired,EUR,4027.17
103329,1349,7,3,15,2023-07-24,2024-07-23,Expired,EUR,638.06
103330,1415,10,4,39,2023-05-14,2024-05-13,Expired,EUR,1590.51
103331,376,8,2,13,2024-01-30,2025-01-29,Active,GBP,1656.53
103332,70,3,8,14,2025-04-02,2026-04-02,Expired,EUR,2594.14
103333,1021,8,3,12,2023-05-02,2024-05-01,Active,EUR,3589.48
103334,884,10,2,12,2022-03-20,2023-03-20,Expired,GBP,3701.29
103335,1334,1,5,9,2025-01-04,2026-01-04,Active,EUR,4081.87
103336,864,7,3,24,2025-01-23,2026-01-23,Active,GBP,1970.99
103337,1141,7,4,30,2023-01-22,2024-01-22,Expired,EUR,5533.2
103338,1180,5,6,18,2023-08-25,2024-08-24,Active,EUR,12797.0
103339,15,1,1,37,2024-11-01,2025-11-01,Expired,EUR,2527.55
103340,223,2,5,19,2023-08-28,2024-08-27,Expired,EUR,2002.69
103341,1171,10,1,19,2023-08-01,2024-07-31,Expired,GBP,1970.42
103342,270,10,1,3,2025-01-11,2026-01-11,Expired,EUR,3512.56
103343,310,6,1,37,2024-09-21,2025-09-21,Cancelled,EUR,2220.92
103344,1129,12,2,6,2023-09-01,2024-08-31,Expired,GBP,899.87
103345,307,12,3,7,2022-07-13,2023-07-13,Active,GBP,1104.82
103346,225,8,8,38,2023-06-11,2024-06-10,Expired,EUR,7080.8
103347,21,7,8,21,2024-03-22,2025-03-22,Active,EUR,8615.74
103348,705,12,1,3,2022-11-23,2023-11-23,Active,GBP,10937.11
103349,956,8,8,18,2023-10-07,2024-10-06,Active,GBP,3903.89
103350,1098,12,6,24,2024-03-01,2025-03-01,Active,GBP,1566.85
103351,1359,12,5,1,2022-04-13,2023-04-13,Active,EUR,2372.0
103352,977,3,7,31,2023-11-15,2024-11-14,Active,EUR,1076.49
103353,1135,8,4,27,2024-06-04,2025-06-04,Expired,EUR,1045.85
103354,316,9,3,1,2022-09-15,2023-09-15,Expired,EUR,3989.6
103355,511,10,5,25,2023-10-21,2024-10-20,Cancelled,GBP,4935.74
103356,456,5,6,9,2024-05-01,2025-05-01,Active,EUR,14310.95
103357,98,11,6,30,2022-02-23,2023-02-23,Active,EUR,3095.42
103358,1454,6,2,16,2024-02-12,2025-02-11,Expired,EUR,1189.9
103359,362,5,8,9,2022-11-08,2023-11-08,Active,EUR,3006.58
103360,674,2,3,21,2023-04-22,2024-04-21,Active,EUR,2665.52
103361,536,4,7,18,2024-02-17,2025-02-16,Expired,EUR,2279.19
103362,67,12,3,14,2022-01-06,2023-01-06,Expired,GBP,4263.36
103363,1356,9,1,36,2022-01-21,2023-01-21,Active,GBP,1324.97
103364,330,9,8,26,2023-06-20,2024-06-19,Expired,EUR,3633.82
103365,151,11,5,20,2025-02-13,2026-02-13,Expired,EUR,5370.48
103366,514,4,2,10,2022-01-08,2023-01-08,Expired,GBP,9554.84
103367,216,8,1,23,2024-08-04,2025-08-04,Active,EUR,4157.97
103368,1500,5,2,2,2022-03-31,2023-03-31,Expired,EUR,7203.63
103369,284,11,2,36,2023-08-10,2024-08-09,Expired,EUR,2361.56
103370,455,6,8,1,2023-06-01,2024-05-31,Active,EUR,2622.24
103371,407,11,2,28,2023-07-16,2024-07-15,Expired,GBP,9053.31
103372,40,9,2,14,2022-04-09,2023-04-09,Expired,EUR,1177.69
103373,20,10,7,29,2024-06-23,2025-06-23,Active,EUR,2434.86
103374,770,12,8,15,2022-11-27,2023-11-27,Expired,EUR,7679.69
103375,350,10,2,2,2024-07-14,2025-07-14,Expired,EUR,2812.04
103376,126,4,6,38,2024-02-26,2025-02-25,Expired,GBP,2659.25
103377,438,7,5,31,2023-10-24,2024-10-23,Active,GBP,2699.98
103378,412,6,5,2,2023-01-06,2024-01-06,Expired,GBP,3597.03
103379,637,1,3,2,2024-02-22,2025-02-21,Active,EUR,7439.53
103380,1489,8,7,22,2025-04-12,2026-04-12,Expired,EUR,6589.11
103381,461,6,8,39,2025-01-12,2026-01-12,Expired,EUR,3322.9
103382,1057,5,6,24,2025-01-04,2026-01-04,Expired,EUR,7474.79
103383,1153,2,8,1,2022-09-21,2023-09-21,Expired,GBP,4257.11
103384,76,7,1,28,2023-12-04,2024-12-03,Active,EUR,6275.07
103385,752,7,6,18,2023-04-23,2024-04-22,Active,EUR,1523.43
103386,674,2,8,26,2025-03-06,2026-03-06,Expired,GBP,12135.79
103387,762,8,5,15,2025-02-14,2026-02-14,Active,EUR,3886.09
103388,258,3,8,1,2024-11-07,2025-11-07,Expired,EUR,419.38
103389,698,2,3,1,2022-07-15,2023-07-15,Expired,EUR,11437.42
103390,185,5,8,26,2023-01-18,2024-01-18,Expired,GBP,3306.98
103391,1419,5,8,26,2024-05-03,2025-05-03,Active,EUR,2448.86
103392,881,11,5,13,2024-06-18,2025-06-18,Expired,EUR,2091.71
103393,52,1,6,4,2023-02-25,2024-02-25,Active,EUR,4580.79
103394,759,5,5,31,2022-06-14,2023-06-14,Expired,GBP,1692.07
103395,1390,9,3,7,2022-06-14,2023-06-14,Expired,GBP,2137.35
103396,1115,3,5,8,2024-04-01,2025-04-01,Expired,EUR,2176.21
103397,410,12,8,19,2023-06-30,2024-06-29,Expired,GBP,2646.03
103398,1339,9,1,29,2023-08-13,2024-08-12,Active,GBP,2238.57
103399,279,12,2,40,2024-09-05,2025-09-05,Expired,EUR,6245.46
103400,371,12,4,26,2022-01-21,2023-01-21,Expired,GBP,4037.16
103401,233,2,3,39,2024-06-24,2025-06-24,Active,EUR,4423.9
103402,1385,6,5,27,2022-11-26,2023-11-26,Cancelled,EUR,5208.0
103403,1076,9,3,34,2025-01-22,2026-01-22,Expired,EUR,3072.29
103404,777,1,6,8,2025-02-20,2026-02-20,Cancelled,EUR,1532.67
103405,1002,6,1,3,2023-08-26,2024-08-25,Expired,EUR,12757.56
103406,389,9,3,27,2023-01-14,2024-01-14,Active,GBP,6605.45
103407,106,10,6,40,2022-10-07,2023-10-07,Expired,GBP,11043.75
103408,1269,5,4,30,2022-08-06,2023-08-06,Active,EUR,7157.41
103409,1447,11,6,14,2025-04-14,2026-04-14,Expired,GBP,2332.56
103410,54,9,6,20,2022-08-14,2023-08-14,Active,EUR,566.24
103411,78,1,3,5,2023-06-20,2024-06-19,Expired,EUR,1310.52
103412,840,4,4,14,2023-07-30,2024-07-29,Active,GBP,5310.24
103413,65,12,8,28,2024-03-26,2025-03-26,Active,GBP,3052.42
103414,1083,1,8,7,2024-10-08,2025-10-08,Active,EUR,2404.54
103415,1419,2,1,20,2023-11-01,2024-10-31,Expired,EUR,506.91
103416,420,5,6,12,2024-06-28,2025-06-28,Active,GBP,3262.19
103417,442,12,4,20,2023-11-12,2024-11-11,Active,GBP,1463.62
103418,1296,9,1,31,2023-06-09,2024-06-08,Active,GBP,1913.55
103419,535,2,6,36,2022-07-09,2023-07-09,Active,EUR,6232.78
103420,361,5,1,17,2022-09-08,2023-09-08,Cancelled,GBP,1522.55
103421,127,12,3,34,2023-06-03,2024-06-02,Expired,EUR,1635.55
103422,1260,3,6,29,2022-02-25,2023-02-25,Active,GBP,3786.45
103423,1389,7,7,37,2023-01-15,2024-01-15,Active,EUR,6337.7
103424,118,6,4,30,2023-07-10,2024-07-09,Active,EUR,2435.65
103425,1205,10,7,23,2023-07-22,2024-07-21,Active,GBP,9901.2
103426,240,10,7,27,2024-09-04,2025-09-04,Active,EUR,1262.69
103427,209,10,4,13,2025-03-07,2026-03-07,Active,EUR,1107.05
103428,572,2,2,27,2024-05-25,2025-05-25,Active,EUR,1038.5
103429,656,6,6,29,2022-04-06,2023-04-06,Active,EUR,954.19
103430,1282,9,1,25,2023-05-06,2024-05-05,Expired,EUR,4240.4
103431,1050,6,8,5,2024-05-25,2025-05-25,Active,GBP,1582.34
103432,217,9,4,21,2023-12-15,2024-12-14,Expired,EUR,1144.08
103433,877,8,7,29,2023-07-04,2024-07-03,Expired,EUR,4380.19
103434,1314,5,6,8,2023-06-08,2024-06-07,Expired,EUR,6111.71
103435,994,2,4,32,2023-05-03,2024-05-02,Active,GBP,7245.56
103436,345,12,8,34,2023-11-26,2024-11-25,Expired,GBP,6351.61
103437,194,10,7,22,2022-08-03,2023-08-03,Expired,GBP,1654.78
103438,679,11,8,39,2023-09-14,2024-09-13,Cancelled,GBP,4052.41
103439,709,4,1,35,2022-09-05,2023-09-05,Expired,EUR,4782.19
103440,530,4,4,19,2024-03-28,2025-03-28,Active,EUR,2307.31
103441,164,4,8,36,2024-11-03,2025-11-03,Cancelled,GBP,3727.76
103442,178,1,7,38,2023-09-02,2024-09-01,Expired,GBP,1288.57
103443,794,3,4,5,2023-04-11,2024-04-10,Active,GBP,2057.61
103444,1417,4,1,40,2025-02-02,2026-02-02,Active,GBP,4353.96
103445,897,12,3,1,2024-03-02,2025-03-02,Cancelled,EUR,10205.24
103446,658,3,5,20,2023-05-29,2024-05-28,Active,GBP,7813.28
103447,1397,7,6,38,2022-02-04,2023-02-04,Expired,EUR,5408.05
103448,1036,7,8,29,2022-01-20,2023-01-20,Expired,EUR,3497.4
103449,1077,5,1,11,2022-09-23,2023-09-23,Expired,EUR,3113.73
103450,863,12,4,26,2022-10-11,2023-10-11,Active,EUR,1112.43
103451,1145,2,3,9,2024-05-15,2025-05-15,Expired,EUR,1760.53
103452,753,11,8,10,2023-08-24,2024-08-23,Expired,EUR,1804.18
103453,934,9,2,37,2025-04-14,2026-04-14,Expired,GBP,5069.87
103454,925,4,2,2,2023-10-11,2024-10-10,Active,EUR,6692.29
103455,1129,10,3,39,2024-12-19,2025-12-19,Active,GBP,5724.04
103456,1348,6,1,19,2023-10-25,2024-10-24,Active,EUR,7998.42
103457,442,12,6,3,2023-03-06,2024-03-05,Active,EUR,3477.93
103458,1049,1,5,32,2024-05-07,2025-05-07,Cancelled,EUR,1576.25
103459,48,1,5,2,2023-06-24,2024-06-23,Active,GBP,3173.37
103460,799,7,8,14,2022-11-26,2023-11-26,Active,GBP,1912.89
103461,1349,12,4,10,2023-07-22,2024-07-21,Expired,GBP,5395.9
103462,968,1,3,32,2024-03-08,2025-03-08,Active,EUR,2516.65
103463,402,10,4,16,2023-03-27,2024-03-26,Active,EUR,3059.79
103464,910,12,7,27,2024-04-24,2025-04-24,Expired,EUR,5542.59
103465,537,6,5,3,2025-03-22,2026-03-22,Active,EUR,1889.71
103466,650,11,2,28,2023-05-09,2024-05-08,Expired,GBP,6788.48
103467,343,10,6,29,2022-12-21,2023-12-21,Expired,EUR,1199.07
103468,938,3,6,12,2023-04-28,2024-04-27,Active,EUR,4146.06
103469,298,11,2,36,2024-10-02,2025-10-02,Expired,EUR,3077.36
103470,666,9,5,19,2022-08-03,2023-08-03,Expired,EUR,6127.28
103471,1409,1,5,27,2025-03-14,2026-03-14,Active,EUR,1175.23
103472,1137,7,2,8,2023-05-12,2024-05-11,Expired,GBP,1045.14
103473,622,8,1,38,2024-10-06,2025-10-06,Expired,EUR,5782.16
103474,1454,10,6,10,2024-08-02,2025-08-02,Expired,EUR,2457.28
103475,21,10,5,26,2024-07-29,2025-07-29,Expired,EUR,3077.58
103476,1440,6,6,4,2024-12-26,2025-12-26,Active,GBP,2008.59
103477,529,4,4,2,2022-08-10,2023-08-10,Expired,EUR,6532.91
103478,1232,3,5,6,2023-12-14,2024-12-13,Active,EUR,4123.31
103479,1422,2,8,38,2022-04-29,2023-04-29,Expired,GBP,3946.16
103480,903,8,2,9,2022-12-26,2023-12-26,Expired,EUR,1370.3
103481,916,12,6,36,2022-02-18,2023-02-18,Active,EUR,4798.84
103482,1124,1,2,24,2024-03-29,2025-03-29,Active,EUR,1565.31
103483,360,9,1,4,2023-12-31,2024-12-30,Cancelled,GBP,2010.39
103484,268,8,8,18,2024-06-07,2025-06-07,Active,EUR,1183.21
103485,516,3,2,20,2022-07-31,2023-07-31,Active,EUR,2929.52
103486,719,3,6,11,2023-02-03,2024-02-03,Active,EUR,7319.92
103487,1115,4,5,25,2024-03-22,2025-03-22,Expired,EUR,3905.03
103488,386,9,7,35,2024-09-18,2025-09-18,Active,EUR,2365.24
103489,848,4,5,36,2024-11-28,2025-11-28,Expired,EUR,3575.5
103490,6,10,6,22,2022-03-30,2023-03-30,Expired,EUR,3560.69
103491,47,5,8,36,2023-04-29,2024-04-28,Active,EUR,3461.83
103492,1451,2,7,37,2022-01-13,2023-01-13,Expired,EUR,3763.11
103493,1276,2,6,4,2024-09-09,2025-09-09,Active,GBP,1510.21
103494,1296,5,2,26,2022-05-28,2023-05-28,Active,EUR,3568.51
103495,494,5,2,31,2024-09-13,2025-09-13,Expired,GBP,883.21
103496,771,9,4,1,2022-07-07,2023-07-07,Active,EUR,5073.15
103497,1013,6,6,25,2022-01-19,2023-01-19,Expired,GBP,1440.78
103498,382,2,6,37,2024-11-20,2025-11-20,Expired,EUR,7968.08
103499,1117,3,7,11,2023-06-11,2024-06-10,Active,EUR,526.41
103500,1040,7,1,35,2023-05-25,2024-05-24,Cancelled,EUR,11565.93
